User ID,Exercise ID,Rating
1,1,5
2,1,1
3,1,5
4,1,4
5,1,2
6,1,4
7,1,5
8,1,2
9,1,3
10,1,1
11,1,5
12,1,3
13,1,5
14,1,2
15,1,5
16,1,5
17,1,5
18,1,3
19,1,4
20,1,3
21,1,5
22,1,4
23,1,5
24,1,3
25,1,1
26,1,4
27,1,2
28,1,3
29,1,5
30,1,4
31,1,4
32,1,4
33,1,4
34,1,2
35,1,5
36,1,4
37,1,3
38,1,4
39,1,1
40,1,4
41,1,2
42,1,3
43,1,2
44,1,4
45,1,4
46,1,2
47,1,3
48,1,2
49,1,4
50,1,2
51,1,3
52,1,1
53,1,5
54,1,4
55,1,3
56,1,5
57,1,4
58,1,5
59,1,5
60,1,5
61,1,5
62,1,3
63,1,1
64,1,4
65,1,2
66,1,2
67,1,4
68,1,4
69,1,5
70,1,2
71,1,3
72,1,4
73,1,5
74,1,3
75,1,1
76,1,4
77,1,4
78,1,1
79,1,2
80,1,4
81,1,2
82,1,4
83,1,4
84,1,2
85,1,2
86,1,4
87,1,5
88,1,3
89,1,3
90,1,5
91,1,3
92,1,4
93,1,3
94,1,3
95,1,2
96,1,5
97,1,3
98,1,4
99,1,2
100,1,4
101,1,5
102,1,5
103,1,3
104,1,3
105,1,5
106,1,4
107,1,1
108,1,3
109,1,4
110,1,4
111,1,2
112,1,5
113,1,1
114,1,3
115,1,4
116,1,1
117,1,1
118,1,4
119,1,5
120,1,5
121,1,3
122,1,2
123,1,3
124,1,4
125,1,4
126,1,5
127,1,3
128,1,1
129,1,4
130,1,1
131,1,1
132,1,5
133,1,3
134,1,2
135,1,5
136,1,5
137,1,5
138,1,4
139,1,5
140,1,2
141,1,4
142,1,3
143,1,4
144,1,3
145,1,5
146,1,1
147,1,3
148,1,2
149,1,2
150,1,5
151,1,5
152,1,1
153,1,3
154,1,1
155,1,4
156,1,3
157,1,5
158,1,3
159,1,4
160,1,4
161,1,5
162,1,2
163,1,4
164,1,4
165,1,5
166,1,3
167,1,3
168,1,4
169,1,2
170,1,3
171,1,3
172,1,3
173,1,2
174,1,5
175,1,3
176,1,1
177,1,1
178,1,5
179,1,3
180,1,5
181,1,4
182,1,2
183,1,4
184,1,5
185,1,4
186,1,2
187,1,4
188,1,5
189,1,1
190,1,4
191,1,3
192,1,4
193,1,4
194,1,4
195,1,2
196,1,2
197,1,2
198,1,5
199,1,1
200,1,4
201,1,3
202,1,3
203,1,2
204,1,2
205,1,3
206,1,4
207,1,1
208,1,2
209,1,1
210,1,4
211,1,4
212,1,5
213,1,5
214,1,5
215,1,2
216,1,5
217,1,1
218,1,2
219,1,3
220,1,5
221,1,1
222,1,3
223,1,4
224,1,4
225,1,5
226,1,2
227,1,3
228,1,4
229,1,2
230,1,2
231,1,4
232,1,5
233,1,4
234,1,4
235,1,2
236,1,2
237,1,2
238,1,4
239,1,1
240,1,4
241,1,4
242,1,4
243,1,2
244,1,5
245,1,5
246,1,4
247,1,3
248,1,5
249,1,3
250,1,3
1,2,4
2,2,1
3,2,5
4,2,4
5,2,2
6,2,4
7,2,4
8,2,3
9,2,5
10,2,4
11,2,4
12,2,2
13,2,5
14,2,3
15,2,4
16,2,4
17,2,5
18,2,3
19,2,5
20,2,3
21,2,4
22,2,2
23,2,5
24,2,2
25,2,4
26,2,2
27,2,4
28,2,2
29,2,5
30,2,5
31,2,1
32,2,2
33,2,3
34,2,3
35,2,5
36,2,4
37,2,2
38,2,4
39,2,5
40,2,4
41,2,2
42,2,1
43,2,1
44,2,5
45,2,5
46,2,5
47,2,4
48,2,1
49,2,5
50,2,3
51,2,4
52,2,2
53,2,5
54,2,4
55,2,3
56,2,4
57,2,5
58,2,4
59,2,4
60,2,4
61,2,4
62,2,4
63,2,5
64,2,5
65,2,3
66,2,3
67,2,4
68,2,4
69,2,4
70,2,2
71,2,3
72,2,5
73,2,4
74,2,1
75,2,3
76,2,4
77,2,5
78,2,3
79,2,2
80,2,5
81,2,5
82,2,5
83,2,2
84,2,4
85,2,3
86,2,5
87,2,5
88,2,3
89,2,2
90,2,4
91,2,2
92,2,4
93,2,3
94,2,3
95,2,5
96,2,4
97,2,2
98,2,3
99,2,1
100,2,3
101,2,5
102,2,5
103,2,3
104,2,2
105,2,5
106,2,5
107,2,2
108,2,2
109,2,4
110,2,4
111,2,3
112,2,2
113,2,5
114,2,4
115,2,5
116,2,4
117,2,3
118,2,5
119,2,4
120,2,5
121,2,3
122,2,1
123,2,2
124,2,3
125,2,3
126,2,5
127,2,3
128,2,1
129,2,5
130,2,1
131,2,3
132,2,5
133,2,1
134,2,3
135,2,5
136,2,5
137,2,4
138,2,2
139,2,4
140,2,3
141,2,3
142,2,3
143,2,4
144,2,3
145,2,5
146,2,2
147,2,1
148,2,2
149,2,3
150,2,5
151,2,5
152,2,3
153,2,3
154,2,2
155,2,5
156,2,3
157,2,5
158,2,3
159,2,4
160,2,5
161,2,4
162,2,3
163,2,4
164,2,2
165,2,4
166,2,2
167,2,1
168,2,2
169,2,3
170,2,3
171,2,3
172,2,4
173,2,3
174,2,4
175,2,3
176,2,3
177,2,3
178,2,5
179,2,3
180,2,4
181,2,3
182,2,1
183,2,3
184,2,5
185,2,2
186,2,2
187,2,4
188,2,4
189,2,3
190,2,5
191,2,4
192,2,4
193,2,5
194,2,4
195,2,2
196,2,5
197,2,3
198,2,5
199,2,3
200,2,2
201,2,2
202,2,1
203,2,3
204,2,3
205,2,3
206,2,2
207,2,1
208,2,3
209,2,3
210,2,5
211,2,2
212,2,5
213,2,4
214,2,5
215,2,1
216,2,5
217,2,3
218,2,3
219,2,3
220,2,5
221,2,2
222,2,3
223,2,5
224,2,2
225,2,4
226,2,2
227,2,3
228,2,3
229,2,3
230,2,1
231,2,4
232,2,4
233,2,3
234,2,4
235,2,3
236,2,3
237,2,2
238,2,4
239,2,2
240,2,1
241,2,4
242,2,4
243,2,1
244,2,4
245,2,4
246,2,5
247,2,2
248,2,5
249,2,3
250,2,1
1,3,5
2,3,2
3,3,5
4,3,4
5,3,3
6,3,4
7,3,5
8,3,4
9,3,1
10,3,4
11,3,5
12,3,2
13,3,5
14,3,3
15,3,4
16,3,1
17,3,5
18,3,3
19,3,4
20,3,2
21,3,5
22,3,2
23,3,4
24,3,4
25,3,2
26,3,4
27,3,3
28,3,5
29,3,5
30,3,5
31,3,2
32,3,2
33,3,2
34,3,2
35,3,5
36,3,4
37,3,3
38,3,4
39,3,2
40,3,4
41,3,2
42,3,1
43,3,2
44,3,5
45,3,1
46,3,1
47,3,4
48,3,3
49,3,4
50,3,3
51,3,3
52,3,2
53,3,5
54,3,4
55,3,3
56,3,5
57,3,5
58,3,4
59,3,4
60,3,5
61,3,5
62,3,3
63,3,4
64,3,5
65,3,3
66,3,2
67,3,2
68,3,5
69,3,4
70,3,2
71,3,3
72,3,5
73,3,5
74,3,4
75,3,3
76,3,4
77,3,4
78,3,2
79,3,3
80,3,5
81,3,3
82,3,5
83,3,3
84,3,4
85,3,2
86,3,4
87,3,5
88,3,3
89,3,3
90,3,5
91,3,3
92,3,4
93,3,3
94,3,1
95,3,3
96,3,4
97,3,3
98,3,4
99,3,3
100,3,1
101,3,5
102,3,4
103,3,4
104,3,2
105,3,4
106,3,4
107,3,3
108,3,2
109,3,5
110,3,5
111,3,3
112,3,2
113,3,4
114,3,2
115,3,4
116,3,5
117,3,4
118,3,4
119,3,4
120,3,5
121,3,3
122,3,4
123,3,2
124,3,2
125,3,4
126,3,4
127,3,4
128,3,2
129,3,4
130,3,3
131,3,2
132,3,4
133,3,3
134,3,3
135,3,5
136,3,4
137,3,4
138,3,4
139,3,5
140,3,3
141,3,1
142,3,1
143,3,5
144,3,1
145,3,5
146,3,1
147,3,3
148,3,3
149,3,2
150,3,4
151,3,5
152,3,2
153,3,3
154,3,3
155,3,5
156,3,3
157,3,5
158,3,4
159,3,4
160,3,4
161,3,5
162,3,1
163,3,5
164,3,2
165,3,4
166,3,2
167,3,1
168,3,4
169,3,1
170,3,2
171,3,2
172,3,4
173,3,2
174,3,5
175,3,1
176,3,5
177,3,2
178,3,5
179,3,3
180,3,5
181,3,3
182,3,3
183,3,2
184,3,5
185,3,3
186,3,1
187,3,2
188,3,5
189,3,2
190,3,4
191,3,4
192,3,4
193,3,5
194,3,3
195,3,2
196,3,1
197,3,2
198,3,5
199,3,2
200,3,2
201,3,3
202,3,3
203,3,2
204,3,2
205,3,2
206,3,4
207,3,3
208,3,3
209,3,2
210,3,5
211,3,1
212,3,5
213,3,4
214,3,4
215,3,2
216,3,5
217,3,2
218,3,1
219,3,1
220,3,4
221,3,4
222,3,3
223,3,4
224,3,3
225,3,4
226,3,2
227,3,2
228,3,2
229,3,2
230,3,3
231,3,4
232,3,4
233,3,3
234,3,5
235,3,3
236,3,3
237,3,2
238,3,2
239,3,2
240,3,1
241,3,5
242,3,4
243,3,3
244,3,4
245,3,5
246,3,4
247,3,2
248,3,5
249,3,2
250,3,3
1,4,5
2,4,3
3,4,5
4,4,3
5,4,4
6,4,5
7,4,5
8,4,4
9,4,3
10,4,3
11,4,4
12,4,2
13,4,4
14,4,3
15,4,4
16,4,3
17,4,5
18,4,3
19,4,5
20,4,3
21,4,5
22,4,2
23,4,5
24,4,4
25,4,4
26,4,2
27,4,1
28,4,4
29,4,4
30,4,4
31,4,3
32,4,2
33,4,4
34,4,1
35,4,5
36,4,5
37,4,1
38,4,5
39,4,1
40,4,4
41,4,3
42,4,2
43,4,3
44,4,5
45,4,3
46,4,5
47,4,4
48,4,3
49,4,4
50,4,3
51,4,2
52,4,1
53,4,4
54,4,3
55,4,3
56,4,5
57,4,4
58,4,5
59,4,5
60,4,5
61,4,5
62,4,1
63,4,2
64,4,4
65,4,2
66,4,2
67,4,5
68,4,4
69,4,4
70,4,3
71,4,2
72,4,5
73,4,4
74,4,3
75,4,3
76,4,5
77,4,5
78,4,3
79,4,3
80,4,4
81,4,5
82,4,5
83,4,4
84,4,3
85,4,2
86,4,4
87,4,4
88,4,3
89,4,3
90,4,5
91,4,3
92,4,5
93,4,2
94,4,3
95,4,2
96,4,3
97,4,2
98,4,2
99,4,2
100,4,2
101,4,4
102,4,4
103,4,2
104,4,4
105,4,5
106,4,4
107,4,2
108,4,2
109,4,5
110,4,4
111,4,4
112,4,4
113,4,3
114,4,3
115,4,4
116,4,3
117,4,4
118,4,4
119,4,5
120,4,5
121,4,3
122,4,3
123,4,2
124,4,5
125,4,3
126,4,5
127,4,2
128,4,1
129,4,5
130,4,4
131,4,2
132,4,4
133,4,3
134,4,2
135,4,4
136,4,5
137,4,4
138,4,4
139,4,5
140,4,3
141,4,3
142,4,2
143,4,4
144,4,2
145,4,4
146,4,2
147,4,3
148,4,3
149,4,3
150,4,5
151,4,5
152,4,3
153,4,2
154,4,2
155,4,5
156,4,3
157,4,4
158,4,4
159,4,3
160,4,3
161,4,5
162,4,3
163,4,4
164,4,3
165,4,5
166,4,3
167,4,3
168,4,1
169,4,1
170,4,3
171,4,3
172,4,5
173,4,2
174,4,5
175,4,2
176,4,3
177,4,3
178,4,5
179,4,1
180,4,4
181,4,2
182,4,2
183,4,3
184,4,5
185,4,1
186,4,2
187,4,2
188,4,4
189,4,1
190,4,5
191,4,4
192,4,5
193,4,5
194,4,2
195,4,1
196,4,1
197,4,2
198,4,5
199,4,3
200,4,3
201,4,2
202,4,5
203,4,3
204,4,4
205,4,4
206,4,1
207,4,3
208,4,3
209,4,2
210,4,4
211,4,3
212,4,4
213,4,5
214,4,5
215,4,3
216,4,4
217,4,3
218,4,2
219,4,3
220,4,4
221,4,1
222,4,3
223,4,4
224,4,3
225,4,5
226,4,2
227,4,2
228,4,4
229,4,3
230,4,3
231,4,3
232,4,4
233,4,4
234,4,4
235,4,2
236,4,3
237,4,2
238,4,3
239,4,2
240,4,4
241,4,5
242,4,5
243,4,2
244,4,5
245,4,4
246,4,4
247,4,1
248,4,5
249,4,3
250,4,3
1,5,5
2,5,1
3,5,4
4,5,4
5,5,1
6,5,4
7,5,5
8,5,2
9,5,2
10,5,2
11,5,4
12,5,2
13,5,4
14,5,1
15,5,5
16,5,3
17,5,4
18,5,2
19,5,5
20,5,2
21,5,5
22,5,4
23,5,4
24,5,3
25,5,5
26,5,2
27,5,3
28,5,1
29,5,5
30,5,5
31,5,3
32,5,3
33,5,2
34,5,3
35,5,4
36,5,5
37,5,4
38,5,5
39,5,1
40,5,5
41,5,4
42,5,3
43,5,2
44,5,5
45,5,3
46,5,2
47,5,3
48,5,3
49,5,5
50,5,3
51,5,4
52,5,4
53,5,5
54,5,3
55,5,2
56,5,5
57,5,5
58,5,4
59,5,5
60,5,5
61,5,4
62,5,5
63,5,3
64,5,5
65,5,1
66,5,1
67,5,3
68,5,4
69,5,5
70,5,2
71,5,3
72,5,4
73,5,5
74,5,3
75,5,3
76,5,4
77,5,5
78,5,1
79,5,3
80,5,5
81,5,4
82,5,5
83,5,4
84,5,3
85,5,3
86,5,5
87,5,5
88,5,2
89,5,2
90,5,4
91,5,2
92,5,5
93,5,2
94,5,4
95,5,4
96,5,4
97,5,3
98,5,4
99,5,3
100,5,3
101,5,5
102,5,5
103,5,2
104,5,3
105,5,5
106,5,5
107,5,3
108,5,3
109,5,5
110,5,5
111,5,4
112,5,1
113,5,3
114,5,4
115,5,5
116,5,4
117,5,2
118,5,5
119,5,4
120,5,4
121,5,3
122,5,4
123,5,3
124,5,3
125,5,5
126,5,5
127,5,2
128,5,2
129,5,5
130,5,3
131,5,2
132,5,4
133,5,3
134,5,1
135,5,5
136,5,4
137,5,5
138,5,3
139,5,5
140,5,4
141,5,2
142,5,2
143,5,5
144,5,3
145,5,4
146,5,2
147,5,2
148,5,1
149,5,3
150,5,4
151,5,5
152,5,3
153,5,3
154,5,2
155,5,4
156,5,1
157,5,5
158,5,2
159,5,3
160,5,4
161,5,4
162,5,1
163,5,4
164,5,4
165,5,5
166,5,3
167,5,3
168,5,2
169,5,3
170,5,1
171,5,1
172,5,2
173,5,3
174,5,4
175,5,2
176,5,3
177,5,2
178,5,5
179,5,3
180,5,4
181,5,4
182,5,3
183,5,2
184,5,5
185,5,2
186,5,1
187,5,1
188,5,5
189,5,3
190,5,5
191,5,4
192,5,4
193,5,4
194,5,3
195,5,2
196,5,3
197,5,3
198,5,5
199,5,2
200,5,4
201,5,1
202,5,3
203,5,3
204,5,3
205,5,1
206,5,4
207,5,2
208,5,3
209,5,3
210,5,5
211,5,4
212,5,4
213,5,4
214,5,4
215,5,2
216,5,4
217,5,2
218,5,3
219,5,3
220,5,5
221,5,2
222,5,2
223,5,4
224,5,3
225,5,5
226,5,3
227,5,1
228,5,5
229,5,1
230,5,3
231,5,1
232,5,4
233,5,2
234,5,5
235,5,1
236,5,3
237,5,3
238,5,4
239,5,2
240,5,4
241,5,5
242,5,4
243,5,3
244,5,5
245,5,5
246,5,5
247,5,3
248,5,5
249,5,1
250,5,3
1,6,5
2,6,3
3,6,5
4,6,5
5,6,3
6,6,5
7,6,5
8,6,4
9,6,2
10,6,4
11,6,4
12,6,3
13,6,4
14,6,3
15,6,4
16,6,2
17,6,5
18,6,2
19,6,5
20,6,4
21,6,4
22,6,3
23,6,5
24,6,4
25,6,4
26,6,4
27,6,2
28,6,3
29,6,4
30,6,5
31,6,1
32,6,3
33,6,4
34,6,3
35,6,5
36,6,5
37,6,4
38,6,5
39,6,1
40,6,5
41,6,1
42,6,3
43,6,3
44,6,5
45,6,3
46,6,4
47,6,3
48,6,3
49,6,5
50,6,4
51,6,2
52,6,4
53,6,5
54,6,4
55,6,2
56,6,5
57,6,5
58,6,5
59,6,5
60,6,5
61,6,4
62,6,2
63,6,2
64,6,5
65,6,1
66,6,3
67,6,4
68,6,4
69,6,5
70,6,4
71,6,3
72,6,5
73,6,5
74,6,4
75,6,3
76,6,4
77,6,5
78,6,2
79,6,3
80,6,5
81,6,3
82,6,4
83,6,5
84,6,1
85,6,2
86,6,5
87,6,5
88,6,3
89,6,2
90,6,5
91,6,3
92,6,5
93,6,3
94,6,3
95,6,4
96,6,4
97,6,3
98,6,4
99,6,3
100,6,3
101,6,4
102,6,4
103,6,4
104,6,2
105,6,4
106,6,5
107,6,3
108,6,3
109,6,4
110,6,4
111,6,3
112,6,5
113,6,4
114,6,3
115,6,5
116,6,4
117,6,1
118,6,5
119,6,5
120,6,4
121,6,3
122,6,2
123,6,3
124,6,2
125,6,1
126,6,5
127,6,5
128,6,3
129,6,4
130,6,3
131,6,3
132,6,5
133,6,1
134,6,2
135,6,5
136,6,4
137,6,5
138,6,3
139,6,4
140,6,4
141,6,4
142,6,2
143,6,5
144,6,2
145,6,5
146,6,5
147,6,2
148,6,1
149,6,1
150,6,5
151,6,4
152,6,3
153,6,2
154,6,3
155,6,4
156,6,2
157,6,5
158,6,2
159,6,4
160,6,2
161,6,5
162,6,3
163,6,4
164,6,2
165,6,5
166,6,4
167,6,3
168,6,4
169,6,3
170,6,1
171,6,3
172,6,3
173,6,2
174,6,4
175,6,3
176,6,3
177,6,2
178,6,4
179,6,3
180,6,5
181,6,3
182,6,3
183,6,1
184,6,4
185,6,3
186,6,3
187,6,1
188,6,5
189,6,2
190,6,4
191,6,4
192,6,5
193,6,5
194,6,4
195,6,3
196,6,1
197,6,3
198,6,4
199,6,1
200,6,3
201,6,1
202,6,3
203,6,2
204,6,2
205,6,3
206,6,4
207,6,3
208,6,3
209,6,3
210,6,5
211,6,3
212,6,5
213,6,4
214,6,5
215,6,2
216,6,5
217,6,1
218,6,2
219,6,3
220,6,5
221,6,4
222,6,3
223,6,5
224,6,5
225,6,5
226,6,1
227,6,3
228,6,3
229,6,1
230,6,3
231,6,3
232,6,5
233,6,3
234,6,4
235,6,2
236,6,2
237,6,3
238,6,3
239,6,3
240,6,2
241,6,4
242,6,5
243,6,3
244,6,5
245,6,4
246,6,5
247,6,3
248,6,5
249,6,3
250,6,3
1,7,4
2,7,3
3,7,4
4,7,2
5,7,3
6,7,5
7,7,4
8,7,4
9,7,2
10,7,4
11,7,5
12,7,3
13,7,5
14,7,1
15,7,4
16,7,2
17,7,5
18,7,3
19,7,5
20,7,1
21,7,4
22,7,2
23,7,4
24,7,1
25,7,1
26,7,2
27,7,3
28,7,4
29,7,5
30,7,4
31,7,3
32,7,3
33,7,3
34,7,3
35,7,5
36,7,5
37,7,1
38,7,4
39,7,3
40,7,5
41,7,2
42,7,3
43,7,3
44,7,5
45,7,2
46,7,4
47,7,2
48,7,3
49,7,5
50,7,2
51,7,4
52,7,3
53,7,5
54,7,2
55,7,1
56,7,4
57,7,5
58,7,5
59,7,5
60,7,5
61,7,5
62,7,4
63,7,4
64,7,5
65,7,1
66,7,1
67,7,4
68,7,4
69,7,5
70,7,3
71,7,1
72,7,5
73,7,5
74,7,5
75,7,1
76,7,4
77,7,5
78,7,3
79,7,2
80,7,5
81,7,5
82,7,4
83,7,1
84,7,2
85,7,3
86,7,4
87,7,4
88,7,2
89,7,3
90,7,5
91,7,2
92,7,4
93,7,3
94,7,2
95,7,2
96,7,3
97,7,2
98,7,3
99,7,3
100,7,4
101,7,4
102,7,5
103,7,3
104,7,5
105,7,5
106,7,4
107,7,1
108,7,3
109,7,5
110,7,5
111,7,2
112,7,2
113,7,2
114,7,3
115,7,5
116,7,3
117,7,4
118,7,5
119,7,5
120,7,4
121,7,3
122,7,3
123,7,3
124,7,4
125,7,1
126,7,4
127,7,3
128,7,3
129,7,4
130,7,3
131,7,3
132,7,4
133,7,1
134,7,1
135,7,5
136,7,5
137,7,5
138,7,3
139,7,4
140,7,2
141,7,3
142,7,2
143,7,4
144,7,3
145,7,4
146,7,4
147,7,1
148,7,3
149,7,4
150,7,4
151,7,4
152,7,3
153,7,4
154,7,3
155,7,5
156,7,3
157,7,5
158,7,2
159,7,4
160,7,3
161,7,5
162,7,3
163,7,5
164,7,4
165,7,5
166,7,3
167,7,3
168,7,1
169,7,2
170,7,1
171,7,1
172,7,3
173,7,3
174,7,5
175,7,3
176,7,3
177,7,3
178,7,4
179,7,3
180,7,5
181,7,1
182,7,2
183,7,3
184,7,4
185,7,3
186,7,2
187,7,3
188,7,4
189,7,3
190,7,5
191,7,4
192,7,4
193,7,4
194,7,2
195,7,3
196,7,3
197,7,3
198,7,5
199,7,3
200,7,4
201,7,3
202,7,5
203,7,3
204,7,3
205,7,1
206,7,3
207,7,2
208,7,3
209,7,2
210,7,5
211,7,3
212,7,5
213,7,5
214,7,4
215,7,3
216,7,4
217,7,4
218,7,2
219,7,1
220,7,4
221,7,3
222,7,2
223,7,4
224,7,4
225,7,5
226,7,3
227,7,3
228,7,3
229,7,3
230,7,2
231,7,2
232,7,5
233,7,3
234,7,5
235,7,1
236,7,2
237,7,3
238,7,1
239,7,3
240,7,4
241,7,4
242,7,4
243,7,3
244,7,4
245,7,4
246,7,5
247,7,3
248,7,5
249,7,1
250,7,2
1,8,4
2,8,2
3,8,5
4,8,4
5,8,4
6,8,5
7,8,4
8,8,4
9,8,4
10,8,4
11,8,5
12,8,3
13,8,4
14,8,2
15,8,5
16,8,3
17,8,4
18,8,4
19,8,5
20,8,3
21,8,5
22,8,4
23,8,5
24,8,3
25,8,3
26,8,1
27,8,1
28,8,3
29,8,5
30,8,5
31,8,2
32,8,3
33,8,1
34,8,3
35,8,5
36,8,4
37,8,4
38,8,4
39,8,3
40,8,4
41,8,3
42,8,4
43,8,3
44,8,5
45,8,3
46,8,2
47,8,5
48,8,3
49,8,5
50,8,3
51,8,4
52,8,2
53,8,5
54,8,1
55,8,1
56,8,4
57,8,5
58,8,5
59,8,5
60,8,5
61,8,4
62,8,3
63,8,3
64,8,5
65,8,2
66,8,2
67,8,4
68,8,4
69,8,4
70,8,4
71,8,2
72,8,5
73,8,5
74,8,4
75,8,3
76,8,4
77,8,5
78,8,3
79,8,1
80,8,4
81,8,5
82,8,5
83,8,4
84,8,1
85,8,2
86,8,4
87,8,4
88,8,1
89,8,3
90,8,5
91,8,3
92,8,4
93,8,3
94,8,1
95,8,3
96,8,3
97,8,2
98,8,3
99,8,3
100,8,3
101,8,5
102,8,5
103,8,4
104,8,3
105,8,4
106,8,4
107,8,3
108,8,2
109,8,4
110,8,5
111,8,3
112,8,3
113,8,3
114,8,2
115,8,5
116,8,1
117,8,3
118,8,5
119,8,5
120,8,5
121,8,3
122,8,3
123,8,1
124,8,4
125,8,3
126,8,4
127,8,5
128,8,3
129,8,5
130,8,2
131,8,1
132,8,4
133,8,3
134,8,3
135,8,5
136,8,4
137,8,5
138,8,2
139,8,4
140,8,2
141,8,2
142,8,3
143,8,5
144,8,3
145,8,5
146,8,2
147,8,3
148,8,3
149,8,3
150,8,5
151,8,4
152,8,3
153,8,2
154,8,3
155,8,5
156,8,3
157,8,4
158,8,4
159,8,3
160,8,1
161,8,4
162,8,1
163,8,4
164,8,4
165,8,5
166,8,3
167,8,2
168,8,1
169,8,3
170,8,2
171,8,3
172,8,1
173,8,2
174,8,5
175,8,2
176,8,3
177,8,2
178,8,5
179,8,3
180,8,4
181,8,1
182,8,3
183,8,3
184,8,4
185,8,2
186,8,2
187,8,3
188,8,5
189,8,2
190,8,4
191,8,4
192,8,5
193,8,5
194,8,3
195,8,2
196,8,2
197,8,2
198,8,4
199,8,2
200,8,2
201,8,3
202,8,2
203,8,2
204,8,3
205,8,2
206,8,1
207,8,3
208,8,3
209,8,3
210,8,4
211,8,4
212,8,4
213,8,4
214,8,5
215,8,3
216,8,5
217,8,5
218,8,3
219,8,2
220,8,4
221,8,4
222,8,1
223,8,5
224,8,4
225,8,5
226,8,2
227,8,3
228,8,2
229,8,3
230,8,2
231,8,4
232,8,5
233,8,3
234,8,5
235,8,1
236,8,2
237,8,3
238,8,4
239,8,3
240,8,4
241,8,4
242,8,4
243,8,1
244,8,4
245,8,5
246,8,4
247,8,2
248,8,4
249,8,2
250,8,2
1,9,5
2,9,3
3,9,5
4,9,4
5,9,4
6,9,4
7,9,5
8,9,5
9,9,2
10,9,1
11,9,4
12,9,2
13,9,4
14,9,1
15,9,4
16,9,2
17,9,4
18,9,3
19,9,4
20,9,1
21,9,4
22,9,3
23,9,5
24,9,4
25,9,3
26,9,1
27,9,2
28,9,2
29,9,5
30,9,5
31,9,4
32,9,2
33,9,2
34,9,3
35,9,5
36,9,4
37,9,2
38,9,5
39,9,3
40,9,5
41,9,4
42,9,3
43,9,2
44,9,5
45,9,3
46,9,3
47,9,3
48,9,3
49,9,4
50,9,3
51,9,3
52,9,3
53,9,5
54,9,4
55,9,2
56,9,5
57,9,5
58,9,4
59,9,5
60,9,5
61,9,5
62,9,4
63,9,3
64,9,4
65,9,2
66,9,2
67,9,4
68,9,5
69,9,4
70,9,3
71,9,3
72,9,5
73,9,4
74,9,5
75,9,2
76,9,4
77,9,5
78,9,3
79,9,3
80,9,4
81,9,4
82,9,4
83,9,2
84,9,4
85,9,1
86,9,5
87,9,4
88,9,2
89,9,1
90,9,5
91,9,3
92,9,4
93,9,3
94,9,1
95,9,2
96,9,4
97,9,1
98,9,3
99,9,2
100,9,3
101,9,4
102,9,5
103,9,2
104,9,4
105,9,4
106,9,5
107,9,3
108,9,3
109,9,5
110,9,4
111,9,4
112,9,2
113,9,3
114,9,1
115,9,5
116,9,2
117,9,4
118,9,5
119,9,4
120,9,4
121,9,3
122,9,4
123,9,3
124,9,3
125,9,3
126,9,5
127,9,5
128,9,2
129,9,4
130,9,3
131,9,2
132,9,5
133,9,2
134,9,3
135,9,4
136,9,5
137,9,4
138,9,2
139,9,4
140,9,2
141,9,3
142,9,2
143,9,4
144,9,3
145,9,4
146,9,2
147,9,3
148,9,3
149,9,3
150,9,5
151,9,4
152,9,3
153,9,3
154,9,3
155,9,5
156,9,2
157,9,4
158,9,3
159,9,4
160,9,3
161,9,4
162,9,3
163,9,5
164,9,3
165,9,5
166,9,3
167,9,2
168,9,3
169,9,3
170,9,3
171,9,3
172,9,3
173,9,3
174,9,5
175,9,1
176,9,3
177,9,3
178,9,4
179,9,1
180,9,5
181,9,2
182,9,2
183,9,2
184,9,5
185,9,5
186,9,3
187,9,3
188,9,5
189,9,1
190,9,4
191,9,3
192,9,5
193,9,5
194,9,2
195,9,3
196,9,2
197,9,2
198,9,5
199,9,2
200,9,1
201,9,3
202,9,5
203,9,2
204,9,4
205,9,3
206,9,3
207,9,3
208,9,3
209,9,3
210,9,5
211,9,2
212,9,5
213,9,5
214,9,5
215,9,1
216,9,5
217,9,4
218,9,3
219,9,3
220,9,5
221,9,3
222,9,3
223,9,5
224,9,3
225,9,5
226,9,3
227,9,2
228,9,1
229,9,3
230,9,2
231,9,2
232,9,5
233,9,4
234,9,5
235,9,3
236,9,2
237,9,3
238,9,2
239,9,2
240,9,2
241,9,5
242,9,5
243,9,3
244,9,4
245,9,4
246,9,4
247,9,1
248,9,4
249,9,1
250,9,3
1,10,5
2,10,2
3,10,4
4,10,4
5,10,3
6,10,5
7,10,4
8,10,3
9,10,1
10,10,2
11,10,5
12,10,3
13,10,4
14,10,3
15,10,5
16,10,3
17,10,5
18,10,2
19,10,4
20,10,2
21,10,4
22,10,2
23,10,5
24,10,4
25,10,2
26,10,2
27,10,2
28,10,1
29,10,4
30,10,5
31,10,3
32,10,4
33,10,2
34,10,2
35,10,4
36,10,5
37,10,3
38,10,4
39,10,3
40,10,5
41,10,4
42,10,3
43,10,3
44,10,5
45,10,3
46,10,3
47,10,3
48,10,3
49,10,5
50,10,3
51,10,3
52,10,2
53,10,5
54,10,3
55,10,3
56,10,4
57,10,4
58,10,5
59,10,4
60,10,5
61,10,4
62,10,1
63,10,4
64,10,5
65,10,3
66,10,2
67,10,3
68,10,5
69,10,4
70,10,3
71,10,1
72,10,5
73,10,4
74,10,4
75,10,2
76,10,4
77,10,4
78,10,2
79,10,2
80,10,5
81,10,2
82,10,5
83,10,2
84,10,2
85,10,3
86,10,5
87,10,5
88,10,3
89,10,3
90,10,5
91,10,3
92,10,4
93,10,2
94,10,4
95,10,2
96,10,3
97,10,3
98,10,3
99,10,3
100,10,4
101,10,4
102,10,4
103,10,3
104,10,4
105,10,4
106,10,4
107,10,1
108,10,2
109,10,5
110,10,4
111,10,2
112,10,4
113,10,3
114,10,3
115,10,4
116,10,4
117,10,3
118,10,5
119,10,5
120,10,5
121,10,2
122,10,3
123,10,1
124,10,5
125,10,4
126,10,4
127,10,4
128,10,3
129,10,4
130,10,3
131,10,2
132,10,5
133,10,5
134,10,2
135,10,5
136,10,4
137,10,5
138,10,1
139,10,5
140,10,2
141,10,1
142,10,1
143,10,5
144,10,2
145,10,5
146,10,2
147,10,2
148,10,5
149,10,3
150,10,5
151,10,5
152,10,2
153,10,5
154,10,3
155,10,5
156,10,3
157,10,4
158,10,4
159,10,3
160,10,2
161,10,5
162,10,1
163,10,4
164,10,3
165,10,5
166,10,2
167,10,2
168,10,4
169,10,3
170,10,3
171,10,3
172,10,1
173,10,1
174,10,4
175,10,2
176,10,4
177,10,2
178,10,4
179,10,3
180,10,5
181,10,3
182,10,3
183,10,3
184,10,5
185,10,3
186,10,1
187,10,4
188,10,5
189,10,2
190,10,5
191,10,2
192,10,5
193,10,4
194,10,4
195,10,3
196,10,4
197,10,2
198,10,5
199,10,2
200,10,4
201,10,2
202,10,2
203,10,3
204,10,2
205,10,2
206,10,3
207,10,1
208,10,2
209,10,1
210,10,5
211,10,4
212,10,4
213,10,5
214,10,5
215,10,2
216,10,5
217,10,1
218,10,1
219,10,2
220,10,5
221,10,3
222,10,3
223,10,4
224,10,4
225,10,5
226,10,1
227,10,3
228,10,3
229,10,2
230,10,2
231,10,4
232,10,5
233,10,3
234,10,4
235,10,3
236,10,2
237,10,2
238,10,2
239,10,2
240,10,3
241,10,5
242,10,5
243,10,2
244,10,4
245,10,5
246,10,5
247,10,2
248,10,5
249,10,2
250,10,3
1,11,5
2,11,2
3,11,4
4,11,4
5,11,3
6,11,5
7,11,4
8,11,5
9,11,4
10,11,5
11,11,5
12,11,1
13,11,5
14,11,2
15,11,5
16,11,1
17,11,5
18,11,2
19,11,4
20,11,1
21,11,5
22,11,2
23,11,5
24,11,3
25,11,3
26,11,3
27,11,3
28,11,1
29,11,5
30,11,5
31,11,3
32,11,4
33,11,2
34,11,3
35,11,4
36,11,5
37,11,3
38,11,5
39,11,2
40,11,4
41,11,2
42,11,4
43,11,3
44,11,5
45,11,4
46,11,3
47,11,5
48,11,2
49,11,4
50,11,3
51,11,3
52,11,2
53,11,4
54,11,3
55,11,3
56,11,5
57,11,4
58,11,5
59,11,5
60,11,5
61,11,5
62,11,2
63,11,1
64,11,5
65,11,2
66,11,3
67,11,3
68,11,5
69,11,4
70,11,2
71,11,2
72,11,4
73,11,5
74,11,3
75,11,2
76,11,5
77,11,4
78,11,5
79,11,3
80,11,5
81,11,4
82,11,4
83,11,4
84,11,4
85,11,2
86,11,4
87,11,5
88,11,2
89,11,2
90,11,4
91,11,2
92,11,4
93,11,3
94,11,4
95,11,3
96,11,3
97,11,3
98,11,3
99,11,1
100,11,4
101,11,5
102,11,5
103,11,3
104,11,3
105,11,5
106,11,4
107,11,2
108,11,2
109,11,4
110,11,4
111,11,5
112,11,1
113,11,3
114,11,2
115,11,5
116,11,4
117,11,3
118,11,4
119,11,4
120,11,5
121,11,3
122,11,2
123,11,3
124,11,2
125,11,3
126,11,5
127,11,2
128,11,2
129,11,4
130,11,4
131,11,3
132,11,5
133,11,1
134,11,1
135,11,5
136,11,4
137,11,4
138,11,4
139,11,4
140,11,3
141,11,4
142,11,2
143,11,5
144,11,3
145,11,4
146,11,2
147,11,3
148,11,3
149,11,3
150,11,5
151,11,5
152,11,2
153,11,4
154,11,3
155,11,4
156,11,3
157,11,5
158,11,2
159,11,3
160,11,1
161,11,5
162,11,2
163,11,4
164,11,3
165,11,5
166,11,2
167,11,3
168,11,2
169,11,3
170,11,3
171,11,2
172,11,4
173,11,3
174,11,5
175,11,3
176,11,3
177,11,2
178,11,5
179,11,2
180,11,4
181,11,2
182,11,3
183,11,3
184,11,5
185,11,1
186,11,3
187,11,3
188,11,5
189,11,1
190,11,4
191,11,2
192,11,4
193,11,4
194,11,4
195,11,3
196,11,3
197,11,2
198,11,5
199,11,1
200,11,4
201,11,3
202,11,2
203,11,3
204,11,4
205,11,3
206,11,4
207,11,3
208,11,3
209,11,3
210,11,4
211,11,1
212,11,5
213,11,4
214,11,5
215,11,2
216,11,5
217,11,4
218,11,1
219,11,1
220,11,5
221,11,2
222,11,1
223,11,4
224,11,1
225,11,4
226,11,2
227,11,3
228,11,2
229,11,3
230,11,2
231,11,2
232,11,5
233,11,2
234,11,5
235,11,2
236,11,3
237,11,2
238,11,3
239,11,2
240,11,4
241,11,5
242,11,4
243,11,3
244,11,5
245,11,4
246,11,4
247,11,2
248,11,5
249,11,3
250,11,2
1,12,4
2,12,3
3,12,5
4,12,2
5,12,3
6,12,4
7,12,5
8,12,3
9,12,1
10,12,3
11,12,4
12,12,2
13,12,4
14,12,3
15,12,5
16,12,2
17,12,4
18,12,2
19,12,5
20,12,2
21,12,5
22,12,2
23,12,4
24,12,3
25,12,4
26,12,2
27,12,2
28,12,2
29,12,5
30,12,5
31,12,4
32,12,3
33,12,4
34,12,1
35,12,4
36,12,4
37,12,4
38,12,4
39,12,2
40,12,5
41,12,4
42,12,3
43,12,2
44,12,5
45,12,3
46,12,1
47,12,1
48,12,2
49,12,4
50,12,1
51,12,4
52,12,1
53,12,5
54,12,4
55,12,3
56,12,5
57,12,5
58,12,4
59,12,5
60,12,4
61,12,5
62,12,4
63,12,3
64,12,5
65,12,3
66,12,3
67,12,2
68,12,5
69,12,5
70,12,2
71,12,2
72,12,4
73,12,5
74,12,5
75,12,2
76,12,5
77,12,5
78,12,4
79,12,2
80,12,5
81,12,4
82,12,4
83,12,4
84,12,3
85,12,1
86,12,5
87,12,4
88,12,2
89,12,3
90,12,5
91,12,1
92,12,5
93,12,3
94,12,2
95,12,3
96,12,4
97,12,3
98,12,5
99,12,2
100,12,3
101,12,5
102,12,4
103,12,1
104,12,2
105,12,5
106,12,4
107,12,1
108,12,3
109,12,4
110,12,5
111,12,1
112,12,1
113,12,4
114,12,2
115,12,5
116,12,1
117,12,2
118,12,4
119,12,5
120,12,5
121,12,3
122,12,3
123,12,2
124,12,3
125,12,4
126,12,5
127,12,4
128,12,3
129,12,5
130,12,2
131,12,2
132,12,5
133,12,3
134,12,3
135,12,5
136,12,5
137,12,4
138,12,3
139,12,4
140,12,3
141,12,3
142,12,1
143,12,4
144,12,3
145,12,5
146,12,3
147,12,3
148,12,2
149,12,3
150,12,5
151,12,5
152,12,3
153,12,3
154,12,2
155,12,5
156,12,3
157,12,5
158,12,4
159,12,3
160,12,2
161,12,5
162,12,2
163,12,4
164,12,4
165,12,5
166,12,1
167,12,1
168,12,2
169,12,2
170,12,2
171,12,2
172,12,2
173,12,3
174,12,4
175,12,3
176,12,2
177,12,2
178,12,5
179,12,1
180,12,4
181,12,2
182,12,2
183,12,4
184,12,5
185,12,4
186,12,3
187,12,4
188,12,5
189,12,1
190,12,5
191,12,4
192,12,5
193,12,4
194,12,4
195,12,3
196,12,5
197,12,3
198,12,4
199,12,3
200,12,2
201,12,3
202,12,3
203,12,2
204,12,4
205,12,2
206,12,2
207,12,2
208,12,3
209,12,3
210,12,4
211,12,2
212,12,5
213,12,5
214,12,5
215,12,2
216,12,4
217,12,3
218,12,2
219,12,3
220,12,5
221,12,2
222,12,3
223,12,4
224,12,2
225,12,5
226,12,2
227,12,2
228,12,4
229,12,2
230,12,2
231,12,2
232,12,4
233,12,1
234,12,5
235,12,2
236,12,2
237,12,3
238,12,4
239,12,1
240,12,5
241,12,5
242,12,5
243,12,1
244,12,4
245,12,5
246,12,4
247,12,1
248,12,4
249,12,2
250,12,2
1,13,5
2,13,2
3,13,4
4,13,3
5,13,4
6,13,5
7,13,5
8,13,1
9,13,3
10,13,3
11,13,4
12,13,3
13,13,4
14,13,2
15,13,4
16,13,3
17,13,4
18,13,2
19,13,4
20,13,3
21,13,5
22,13,3
23,13,5
24,13,1
25,13,4
26,13,3
27,13,4
28,13,2
29,13,5
30,13,4
31,13,3
32,13,1
33,13,2
34,13,3
35,13,4
36,13,4
37,13,3
38,13,5
39,13,2
40,13,5
41,13,2
42,13,5
43,13,2
44,13,4
45,13,2
46,13,4
47,13,1
48,13,3
49,13,4
50,13,3
51,13,2
52,13,3
53,13,4
54,13,3
55,13,3
56,13,5
57,13,5
58,13,4
59,13,5
60,13,5
61,13,5
62,13,4
63,13,4
64,13,4
65,13,2
66,13,3
67,13,3
68,13,4
69,13,5
70,13,3
71,13,3
72,13,5
73,13,4
74,13,2
75,13,2
76,13,4
77,13,4
78,13,4
79,13,2
80,13,5
81,13,4
82,13,4
83,13,4
84,13,1
85,13,3
86,13,4
87,13,4
88,13,2
89,13,2
90,13,4
91,13,1
92,13,4
93,13,3
94,13,2
95,13,5
96,13,3
97,13,3
98,13,3
99,13,3
100,13,2
101,13,5
102,13,5
103,13,2
104,13,4
105,13,5
106,13,5
107,13,2
108,13,1
109,13,5
110,13,4
111,13,4
112,13,1
113,13,4
114,13,3
115,13,4
116,13,2
117,13,5
118,13,5
119,13,4
120,13,5
121,13,1
122,13,4
123,13,3
124,13,1
125,13,3
126,13,4
127,13,4
128,13,3
129,13,5
130,13,3
131,13,2
132,13,5
133,13,1
134,13,2
135,13,5
136,13,4
137,13,4
138,13,4
139,13,5
140,13,1
141,13,2
142,13,4
143,13,4
144,13,3
145,13,5
146,13,4
147,13,3
148,13,3
149,13,4
150,13,5
151,13,5
152,13,3
153,13,4
154,13,3
155,13,4
156,13,3
157,13,5
158,13,3
159,13,4
160,13,3
161,13,5
162,13,3
163,13,4
164,13,2
165,13,4
166,13,4
167,13,3
168,13,1
169,13,3
170,13,2
171,13,2
172,13,3
173,13,2
174,13,4
175,13,2
176,13,3
177,13,1
178,13,5
179,13,1
180,13,5
181,13,3
182,13,2
183,13,3
184,13,4
185,13,5
186,13,2
187,13,2
188,13,5
189,13,2
190,13,4
191,13,5
192,13,4
193,13,5
194,13,3
195,13,2
196,13,4
197,13,3
198,13,5
199,13,3
200,13,3
201,13,3
202,13,3
203,13,2
204,13,4
205,13,3
206,13,5
207,13,2
208,13,1
209,13,2
210,13,4
211,13,5
212,13,5
213,13,4
214,13,5
215,13,3
216,13,4
217,13,3
218,13,3
219,13,3
220,13,4
221,13,1
222,13,2
223,13,5
224,13,4
225,13,5
226,13,3
227,13,3
228,13,2
229,13,2
230,13,3
231,13,3
232,13,4
233,13,4
234,13,5
235,13,1
236,13,2
237,13,2
238,13,3
239,13,3
240,13,3
241,13,4
242,13,4
243,13,4
244,13,5
245,13,5
246,13,5
247,13,3
248,13,4
249,13,2
250,13,3
1,14,4
2,14,3
3,14,5
4,14,2
5,14,2
6,14,4
7,14,5
8,14,3
9,14,1
10,14,3
11,14,5
12,14,3
13,14,5
14,14,2
15,14,5
16,14,2
17,14,4
18,14,4
19,14,4
20,14,2
21,14,4
22,14,4
23,14,5
24,14,3
25,14,1
26,14,2
27,14,3
28,14,4
29,14,4
30,14,5
31,14,3
32,14,1
33,14,3
34,14,3
35,14,4
36,14,5
37,14,2
38,14,5
39,14,2
40,14,4
41,14,3
42,14,3
43,14,1
44,14,4
45,14,5
46,14,1
47,14,2
48,14,3
49,14,5
50,14,4
51,14,4
52,14,4
53,14,5
54,14,4
55,14,3
56,14,5
57,14,4
58,14,5
59,14,5
60,14,5
61,14,5
62,14,4
63,14,3
64,14,5
65,14,3
66,14,3
67,14,2
68,14,5
69,14,4
70,14,4
71,14,3
72,14,5
73,14,4
74,14,1
75,14,3
76,14,4
77,14,5
78,14,5
79,14,3
80,14,5
81,14,4
82,14,4
83,14,2
84,14,2
85,14,1
86,14,5
87,14,5
88,14,2
89,14,2
90,14,5
91,14,3
92,14,5
93,14,3
94,14,3
95,14,3
96,14,3
97,14,3
98,14,4
99,14,1
100,14,2
101,14,5
102,14,5
103,14,3
104,14,4
105,14,4
106,14,4
107,14,3
108,14,2
109,14,5
110,14,5
111,14,1
112,14,3
113,14,4
114,14,4
115,14,5
116,14,4
117,14,3
118,14,4
119,14,5
120,14,4
121,14,2
122,14,4
123,14,2
124,14,2
125,14,3
126,14,4
127,14,3
128,14,2
129,14,5
130,14,3
131,14,3
132,14,5
133,14,2
134,14,2
135,14,4
136,14,4
137,14,5
138,14,4
139,14,4
140,14,1
141,14,2
142,14,5
143,14,5
144,14,2
145,14,5
146,14,2
147,14,1
148,14,4
149,14,2
150,14,5
151,14,5
152,14,3
153,14,2
154,14,1
155,14,4
156,14,3
157,14,4
158,14,2
159,14,5
160,14,1
161,14,4
162,14,2
163,14,4
164,14,4
165,14,4
166,14,3
167,14,3
168,14,3
169,14,1
170,14,1
171,14,3
172,14,2
173,14,1
174,14,5
175,14,3
176,14,4
177,14,2
178,14,5
179,14,1
180,14,5
181,14,4
182,14,1
183,14,2
184,14,5
185,14,4
186,14,2
187,14,5
188,14,4
189,14,3
190,14,5
191,14,3
192,14,4
193,14,5
194,14,1
195,14,3
196,14,2
197,14,3
198,14,5
199,14,3
200,14,2
201,14,3
202,14,4
203,14,1
204,14,2
205,14,4
206,14,3
207,14,2
208,14,2
209,14,3
210,14,4
211,14,2
212,14,5
213,14,4
214,14,5
215,14,3
216,14,5
217,14,4
218,14,2
219,14,3
220,14,4
221,14,4
222,14,2
223,14,5
224,14,2
225,14,5
226,14,2
227,14,2
228,14,2
229,14,1
230,14,3
231,14,2
232,14,5
233,14,5
234,14,5
235,14,3
236,14,3
237,14,1
238,14,3
239,14,1
240,14,2
241,14,4
242,14,4
243,14,1
244,14,5
245,14,5
246,14,5
247,14,2
248,14,5
249,14,1
250,14,2
1,15,4
2,15,1
3,15,4
4,15,5
5,15,2
6,15,5
7,15,5
8,15,3
9,15,3
10,15,4
11,15,5
12,15,1
13,15,4
14,15,3
15,15,4
16,15,4
17,15,5
18,15,3
19,15,5
20,15,4
21,15,4
22,15,3
23,15,5
24,15,1
25,15,5
26,15,3
27,15,5
28,15,4
29,15,5
30,15,5
31,15,5
32,15,2
33,15,3
34,15,3
35,15,4
36,15,4
37,15,2
38,15,5
39,15,5
40,15,4
41,15,3
42,15,4
43,15,3
44,15,4
45,15,3
46,15,3
47,15,3
48,15,2
49,15,5
50,15,2
51,15,3
52,15,2
53,15,4
54,15,2
55,15,1
56,15,5
57,15,5
58,15,4
59,15,4
60,15,5
61,15,5
62,15,1
63,15,4
64,15,4
65,15,3
66,15,3
67,15,2
68,15,5
69,15,5
70,15,3
71,15,3
72,15,5
73,15,4
74,15,3
75,15,2
76,15,4
77,15,5
78,15,3
79,15,3
80,15,5
81,15,2
82,15,5
83,15,4
84,15,3
85,15,2
86,15,5
87,15,4
88,15,1
89,15,2
90,15,5
91,15,3
92,15,4
93,15,2
94,15,1
95,15,2
96,15,4
97,15,3
98,15,4
99,15,3
100,15,2
101,15,5
102,15,4
103,15,3
104,15,3
105,15,5
106,15,5
107,15,2
108,15,3
109,15,5
110,15,4
111,15,3
112,15,2
113,15,2
114,15,5
115,15,4
116,15,5
117,15,1
118,15,4
119,15,4
120,15,4
121,15,1
122,15,2
123,15,3
124,15,1
125,15,4
126,15,5
127,15,1
128,15,3
129,15,4
130,15,2
131,15,2
132,15,5
133,15,2
134,15,1
135,15,5
136,15,5
137,15,4
138,15,4
139,15,4
140,15,3
141,15,3
142,15,3
143,15,4
144,15,3
145,15,5
146,15,4
147,15,3
148,15,2
149,15,3
150,15,4
151,15,4
152,15,2
153,15,1
154,15,3
155,15,5
156,15,3
157,15,4
158,15,1
159,15,4
160,15,4
161,15,5
162,15,3
163,15,5
164,15,3
165,15,4
166,15,2
167,15,2
168,15,4
169,15,2
170,15,2
171,15,3
172,15,2
173,15,1
174,15,5
175,15,3
176,15,1
177,15,3
178,15,5
179,15,3
180,15,5
181,15,2
182,15,3
183,15,1
184,15,5
185,15,5
186,15,2
187,15,1
188,15,5
189,15,3
190,15,5
191,15,4
192,15,4
193,15,5
194,15,4
195,15,3
196,15,2
197,15,1
198,15,4
199,15,2
200,15,2
201,15,3
202,15,3
203,15,3
204,15,4
205,15,3
206,15,4
207,15,3
208,15,2
209,15,3
210,15,4
211,15,4
212,15,5
213,15,5
214,15,4
215,15,2
216,15,5
217,15,4
218,15,3
219,15,3
220,15,5
221,15,4
222,15,3
223,15,4
224,15,2
225,15,4
226,15,2
227,15,3
228,15,2
229,15,3
230,15,3
231,15,4
232,15,4
233,15,3
234,15,5
235,15,3
236,15,3
237,15,2
238,15,3
239,15,1
240,15,2
241,15,5
242,15,5
243,15,3
244,15,4
245,15,5
246,15,4
247,15,3
248,15,5
249,15,3
250,15,2
1,16,5
2,16,3
3,16,4
4,16,2
5,16,2
6,16,5
7,16,4
8,16,3
9,16,1
10,16,2
11,16,4
12,16,3
13,16,5
14,16,2
15,16,5
16,16,3
17,16,5
18,16,4
19,16,5
20,16,2
21,16,4
22,16,1
23,16,4
24,16,2
25,16,3
26,16,3
27,16,3
28,16,3
29,16,5
30,16,5
31,16,3
32,16,5
33,16,5
34,16,3
35,16,4
36,16,4
37,16,4
38,16,5
39,16,3
40,16,5
41,16,4
42,16,3
43,16,3
44,16,5
45,16,2
46,16,5
47,16,1
48,16,3
49,16,5
50,16,3
51,16,1
52,16,2
53,16,4
54,16,3
55,16,3
56,16,5
57,16,5
58,16,4
59,16,5
60,16,5
61,16,4
62,16,3
63,16,2
64,16,5
65,16,3
66,16,3
67,16,4
68,16,5
69,16,5
70,16,4
71,16,2
72,16,4
73,16,5
74,16,3
75,16,1
76,16,4
77,16,4
78,16,1
79,16,2
80,16,4
81,16,4
82,16,4
83,16,2
84,16,2
85,16,3
86,16,5
87,16,4
88,16,2
89,16,3
90,16,5
91,16,3
92,16,5
93,16,2
94,16,3
95,16,3
96,16,4
97,16,3
98,16,2
99,16,2
100,16,3
101,16,5
102,16,4
103,16,4
104,16,3
105,16,4
106,16,5
107,16,2
108,16,3
109,16,5
110,16,4
111,16,1
112,16,4
113,16,3
114,16,2
115,16,5
116,16,3
117,16,4
118,16,4
119,16,4
120,16,4
121,16,1
122,16,1
123,16,3
124,16,3
125,16,1
126,16,5
127,16,3
128,16,3
129,16,5
130,16,4
131,16,3
132,16,4
133,16,2
134,16,3
135,16,5
136,16,5
137,16,4
138,16,4
139,16,5
140,16,4
141,16,1
142,16,3
143,16,4
144,16,3
145,16,4
146,16,3
147,16,1
148,16,3
149,16,1
150,16,4
151,16,5
152,16,3
153,16,2
154,16,3
155,16,4
156,16,2
157,16,5
158,16,4
159,16,3
160,16,3
161,16,5
162,16,2
163,16,5
164,16,3
165,16,5
166,16,5
167,16,2
168,16,5
169,16,3
170,16,3
171,16,3
172,16,4
173,16,2
174,16,4
175,16,3
176,16,4
177,16,1
178,16,5
179,16,1
180,16,5
181,16,3
182,16,3
183,16,2
184,16,5
185,16,3
186,16,3
187,16,1
188,16,5
189,16,3
190,16,5
191,16,3
192,16,5
193,16,5
194,16,3
195,16,3
196,16,5
197,16,3
198,16,4
199,16,1
200,16,1
201,16,3
202,16,4
203,16,3
204,16,5
205,16,2
206,16,2
207,16,3
208,16,1
209,16,1
210,16,5
211,16,2
212,16,4
213,16,5
214,16,4
215,16,3
216,16,5
217,16,2
218,16,2
219,16,1
220,16,4
221,16,3
222,16,3
223,16,5
224,16,2
225,16,5
226,16,1
227,16,2
228,16,2
229,16,3
230,16,3
231,16,2
232,16,5
233,16,4
234,16,4
235,16,1
236,16,3
237,16,3
238,16,2
239,16,3
240,16,2
241,16,4
242,16,4
243,16,4
244,16,5
245,16,5
246,16,4
247,16,3
248,16,5
249,16,3
250,16,3
1,17,1
2,17,1
3,17,2
4,17,4
5,17,5
6,17,2
7,17,3
8,17,4
9,17,5
10,17,5
11,17,2
12,17,1
13,17,1
14,17,2
15,17,1
16,17,4
17,17,3
18,17,5
19,17,1
20,17,4
21,17,3
22,17,5
23,17,1
24,17,4
25,17,5
26,17,5
27,17,5
28,17,5
29,17,1
30,17,2
31,17,4
32,17,4
33,17,5
34,17,2
35,17,2
36,17,2
37,17,4
38,17,3
39,17,5
40,17,3
41,17,4
42,17,4
43,17,1
44,17,2
45,17,5
46,17,4
47,17,5
48,17,2
49,17,3
50,17,5
51,17,4
52,17,4
53,17,3
54,17,4
55,17,1
56,17,2
57,17,3
58,17,3
59,17,2
60,17,1
61,17,2
62,17,4
63,17,4
64,17,1
65,17,1
66,17,2
67,17,5
68,17,3
69,17,3
70,17,4
71,17,1
72,17,2
73,17,2
74,17,4
75,17,1
76,17,1
77,17,3
78,17,4
79,17,1
80,17,3
81,17,5
82,17,1
83,17,5
84,17,4
85,17,1
86,17,3
87,17,1
88,17,1
89,17,1
90,17,1
91,17,1
92,17,3
93,17,1
94,17,5
95,17,5
96,17,5
97,17,1
98,17,4
99,17,2
100,17,4
101,17,3
102,17,2
103,17,4
104,17,4
105,17,3
106,17,3
107,17,1
108,17,1
109,17,3
110,17,3
111,17,4
112,17,4
113,17,4
114,17,4
115,17,1
116,17,5
117,17,5
118,17,2
119,17,3
120,17,3
121,17,1
122,17,5
123,17,1
124,17,5
125,17,4
126,17,1
127,17,5
128,17,2
129,17,2
130,17,4
131,17,1
132,17,3
133,17,5
134,17,2
135,17,2
136,17,3
137,17,3
138,17,5
139,17,1
140,17,5
141,17,4
142,17,5
143,17,3
144,17,1
145,17,3
146,17,4
147,17,2
148,17,5
149,17,5
150,17,3
151,17,2
152,17,1
153,17,4
154,17,1
155,17,3
156,17,2
157,17,2
158,17,5
159,17,4
160,17,5
161,17,3
162,17,1
163,17,2
164,17,4
165,17,3
166,17,5
167,17,2
168,17,4
169,17,2
170,17,2
171,17,2
172,17,5
173,17,1
174,17,2
175,17,2
176,17,4
177,17,1
178,17,3
179,17,2
180,17,1
181,17,4
182,17,1
183,17,4
184,17,2
185,17,4
186,17,1
187,17,4
188,17,3
189,17,1
190,17,1
191,17,5
192,17,3
193,17,1
194,17,5
195,17,1
196,17,5
197,17,1
198,17,2
199,17,2
200,17,4
201,17,2
202,17,4
203,17,2
204,17,5
205,17,4
206,17,4
207,17,1
208,17,2
209,17,1
210,17,1
211,17,5
212,17,1
213,17,2
214,17,2
215,17,1
216,17,3
217,17,5
218,17,1
219,17,1
220,17,2
221,17,5
222,17,1
223,17,1
224,17,5
225,17,2
226,17,2
227,17,2
228,17,5
229,17,2
230,17,2
231,17,5
232,17,3
233,17,4
234,17,2
235,17,2
236,17,1
237,17,1
238,17,4
239,17,1
240,17,5
241,17,2
242,17,2
243,17,5
244,17,3
245,17,2
246,17,2
247,17,1
248,17,3
249,17,1
250,17,1
1,18,5
2,18,1
3,18,4
4,18,4
5,18,2
6,18,4
7,18,4
8,18,2
9,18,3
10,18,4
11,18,5
12,18,3
13,18,4
14,18,3
15,18,4
16,18,3
17,18,5
18,18,2
19,18,5
20,18,4
21,18,5
22,18,1
23,18,4
24,18,3
25,18,4
26,18,4
27,18,1
28,18,3
29,18,4
30,18,4
31,18,4
32,18,2
33,18,4
34,18,3
35,18,5
36,18,5
37,18,4
38,18,5
39,18,2
40,18,5
41,18,1
42,18,3
43,18,1
44,18,4
45,18,1
46,18,2
47,18,2
48,18,3
49,18,5
50,18,4
51,18,1
52,18,4
53,18,5
54,18,3
55,18,3
56,18,4
57,18,4
58,18,5
59,18,4
60,18,4
61,18,5
62,18,3
63,18,1
64,18,5
65,18,3
66,18,2
67,18,2
68,18,4
69,18,5
70,18,3
71,18,2
72,18,4
73,18,5
74,18,1
75,18,1
76,18,5
77,18,4
78,18,2
79,18,3
80,18,4
81,18,2
82,18,5
83,18,4
84,18,4
85,18,2
86,18,5
87,18,5
88,18,1
89,18,3
90,18,5
91,18,1
92,18,5
93,18,3
94,18,4
95,18,4
96,18,3
97,18,2
98,18,3
99,18,2
100,18,4
101,18,5
102,18,4
103,18,3
104,18,4
105,18,5
106,18,5
107,18,1
108,18,3
109,18,5
110,18,5
111,18,2
112,18,2
113,18,4
114,18,4
115,18,5
116,18,2
117,18,4
118,18,5
119,18,5
120,18,5
121,18,3
122,18,2
123,18,2
124,18,4
125,18,3
126,18,5
127,18,4
128,18,2
129,18,4
130,18,3
131,18,3
132,18,5
133,18,3
134,18,3
135,18,4
136,18,5
137,18,4
138,18,2
139,18,4
140,18,2
141,18,3
142,18,5
143,18,4
144,18,3
145,18,5
146,18,1
147,18,3
148,18,4
149,18,4
150,18,5
151,18,4
152,18,3
153,18,3
154,18,2
155,18,5
156,18,2
157,18,4
158,18,1
159,18,3
160,18,4
161,18,4
162,18,3
163,18,5
164,18,4
165,18,4
166,18,3
167,18,3
168,18,2
169,18,1
170,18,3
171,18,3
172,18,2
173,18,3
174,18,5
175,18,1
176,18,3
177,18,3
178,18,5
179,18,2
180,18,5
181,18,4
182,18,3
183,18,2
184,18,4
185,18,3
186,18,3
187,18,4
188,18,5
189,18,3
190,18,5
191,18,2
192,18,5
193,18,4
194,18,3
195,18,2
196,18,4
197,18,1
198,18,5
199,18,3
200,18,3
201,18,3
202,18,4
203,18,3
204,18,2
205,18,4
206,18,3
207,18,2
208,18,1
209,18,3
210,18,4
211,18,3
212,18,4
213,18,5
214,18,5
215,18,3
216,18,5
217,18,2
218,18,2
219,18,3
220,18,5
221,18,3
222,18,2
223,18,4
224,18,4
225,18,4
226,18,3
227,18,1
228,18,4
229,18,2
230,18,3
231,18,2
232,18,5
233,18,3
234,18,5
235,18,1
236,18,2
237,18,3
238,18,1
239,18,2
240,18,3
241,18,4
242,18,5
243,18,5
244,18,4
245,18,4
246,18,4
247,18,3
248,18,5
249,18,1
250,18,3
1,19,5
2,19,1
3,19,5
4,19,4
5,19,2
6,19,5
7,19,5
8,19,4
9,19,3
10,19,3
11,19,4
12,19,2
13,19,4
14,19,3
15,19,5
16,19,2
17,19,5
18,19,3
19,19,5
20,19,3
21,19,5
22,19,4
23,19,5
24,19,4
25,19,1
26,19,2
27,19,5
28,19,1
29,19,5
30,19,4
31,19,5
32,19,2
33,19,3
34,19,1
35,19,5
36,19,5
37,19,2
38,19,5
39,19,4
40,19,5
41,19,5
42,19,2
43,19,3
44,19,5
45,19,3
46,19,1
47,19,2
48,19,1
49,19,4
50,19,2
51,19,1
52,19,2
53,19,4
54,19,3
55,19,3
56,19,4
57,19,4
58,19,5
59,19,5
60,19,4
61,19,4
62,19,3
63,19,4
64,19,5
65,19,2
66,19,2
67,19,2
68,19,4
69,19,5
70,19,3
71,19,3
72,19,5
73,19,4
74,19,4
75,19,3
76,19,4
77,19,4
78,19,4
79,19,3
80,19,5
81,19,4
82,19,5
83,19,4
84,19,4
85,19,2
86,19,5
87,19,4
88,19,3
89,19,2
90,19,5
91,19,3
92,19,4
93,19,3
94,19,2
95,19,1
96,19,5
97,19,1
98,19,3
99,19,3
100,19,3
101,19,5
102,19,5
103,19,3
104,19,2
105,19,5
106,19,5
107,19,3
108,19,3
109,19,4
110,19,4
111,19,3
112,19,2
113,19,3
114,19,2
115,19,5
116,19,4
117,19,2
118,19,5
119,19,4
120,19,4
121,19,2
122,19,4
123,19,2
124,19,5
125,19,4
126,19,4
127,19,2
128,19,2
129,19,5
130,19,5
131,19,2
132,19,4
133,19,1
134,19,3
135,19,4
136,19,4
137,19,4
138,19,4
139,19,4
140,19,1
141,19,2
142,19,4
143,19,4
144,19,2
145,19,4
146,19,4
147,19,2
148,19,3
149,19,3
150,19,4
151,19,5
152,19,3
153,19,4
154,19,2
155,19,4
156,19,3
157,19,4
158,19,3
159,19,5
160,19,2
161,19,5
162,19,3
163,19,4
164,19,3
165,19,4
166,19,4
167,19,2
168,19,2
169,19,2
170,19,1
171,19,3
172,19,1
173,19,3
174,19,5
175,19,3
176,19,3
177,19,3
178,19,5
179,19,2
180,19,4
181,19,3
182,19,3
183,19,4
184,19,4
185,19,4
186,19,3
187,19,4
188,19,4
189,19,3
190,19,5
191,19,3
192,19,5
193,19,5
194,19,2
195,19,2
196,19,2
197,19,2
198,19,5
199,19,3
200,19,3
201,19,3
202,19,4
203,19,3
204,19,3
205,19,3
206,19,4
207,19,1
208,19,3
209,19,1
210,19,5
211,19,3
212,19,5
213,19,4
214,19,5
215,19,3
216,19,4
217,19,4
218,19,2
219,19,1
220,19,5
221,19,3
222,19,2
223,19,5
224,19,4
225,19,5
226,19,3
227,19,2
228,19,2
229,19,3
230,19,2
231,19,1
232,19,5
233,19,2
234,19,5
235,19,1
236,19,3
237,19,2
238,19,3
239,19,3
240,19,2
241,19,4
242,19,4
243,19,1
244,19,4
245,19,4
246,19,5
247,19,2
248,19,4
249,19,2
250,19,3
1,20,5
2,20,2
3,20,5
4,20,3
5,20,3
6,20,4
7,20,5
8,20,5
9,20,5
10,20,1
11,20,5
12,20,3
13,20,4
14,20,2
15,20,4
16,20,4
17,20,5
18,20,2
19,20,5
20,20,3
21,20,5
22,20,3
23,20,5
24,20,4
25,20,4
26,20,4
27,20,2
28,20,3
29,20,5
30,20,4
31,20,1
32,20,2
33,20,4
34,20,3
35,20,4
36,20,5
37,20,4
38,20,5
39,20,1
40,20,5
41,20,4
42,20,3
43,20,3
44,20,5
45,20,3
46,20,3
47,20,5
48,20,1
49,20,5
50,20,2
51,20,2
52,20,1
53,20,4
54,20,3
55,20,3
56,20,5
57,20,5
58,20,5
59,20,5
60,20,5
61,20,4
62,20,4
63,20,4
64,20,4
65,20,3
66,20,2
67,20,2
68,20,5
69,20,5
70,20,3
71,20,2
72,20,4
73,20,5
74,20,2
75,20,2
76,20,4
77,20,5
78,20,5
79,20,2
80,20,5
81,20,4
82,20,4
83,20,3
84,20,3
85,20,2
86,20,5
87,20,5
88,20,1
89,20,3
90,20,4
91,20,2
92,20,4
93,20,1
94,20,2
95,20,4
96,20,2
97,20,3
98,20,4
99,20,3
100,20,3
101,20,5
102,20,5
103,20,2
104,20,2
105,20,4
106,20,5
107,20,3
108,20,3
109,20,5
110,20,5
111,20,3
112,20,3
113,20,4
114,20,2
115,20,5
116,20,2
117,20,3
118,20,4
119,20,5
120,20,5
121,20,1
122,20,2
123,20,2
124,20,3
125,20,3
126,20,5
127,20,3
128,20,3
129,20,5
130,20,4
131,20,2
132,20,4
133,20,3
134,20,2
135,20,5
136,20,4
137,20,5
138,20,3
139,20,5
140,20,1
141,20,3
142,20,3
143,20,5
144,20,3
145,20,5
146,20,1
147,20,2
148,20,4
149,20,1
150,20,5
151,20,4
152,20,2
153,20,2
154,20,3
155,20,5
156,20,2
157,20,4
158,20,3
159,20,4
160,20,4
161,20,4
162,20,3
163,20,5
164,20,2
165,20,5
166,20,4
167,20,3
168,20,3
169,20,3
170,20,3
171,20,3
172,20,1
173,20,3
174,20,5
175,20,2
176,20,5
177,20,3
178,20,4
179,20,2
180,20,4
181,20,2
182,20,3
183,20,3
184,20,5
185,20,4
186,20,1
187,20,1
188,20,4
189,20,3
190,20,5
191,20,3
192,20,5
193,20,5
194,20,3
195,20,3
196,20,2
197,20,3
198,20,4
199,20,3
200,20,4
201,20,3
202,20,3
203,20,2
204,20,4
205,20,3
206,20,1
207,20,3
208,20,3
209,20,2
210,20,5
211,20,5
212,20,4
213,20,4
214,20,5
215,20,1
216,20,5
217,20,3
218,20,1
219,20,3
220,20,5
221,20,2
222,20,3
223,20,4
224,20,1
225,20,4
226,20,2
227,20,2
228,20,5
229,20,1
230,20,1
231,20,4
232,20,5
233,20,1
234,20,5
235,20,3
236,20,3
237,20,2
238,20,3
239,20,1
240,20,2
241,20,4
242,20,5
243,20,4
244,20,5
245,20,4
246,20,5
247,20,3
248,20,4
249,20,2
250,20,3
1,21,5
2,21,3
3,21,5
4,21,4
5,21,4
6,21,5
7,21,4
8,21,3
9,21,3
10,21,3
11,21,5
12,21,3
13,21,5
14,21,1
15,21,5
16,21,4
17,21,4
18,21,2
19,21,4
20,21,3
21,21,4
22,21,3
23,21,4
24,21,3
25,21,3
26,21,3
27,21,3
28,21,5
29,21,5
30,21,5
31,21,3
32,21,2
33,21,4
34,21,1
35,21,4
36,21,4
37,21,4
38,21,5
39,21,4
40,21,5
41,21,3
42,21,2
43,21,3
44,21,5
45,21,3
46,21,2
47,21,3
48,21,1
49,21,5
50,21,4
51,21,2
52,21,2
53,21,4
54,21,2
55,21,1
56,21,5
57,21,5
58,21,4
59,21,5
60,21,5
61,21,4
62,21,2
63,21,3
64,21,4
65,21,3
66,21,2
67,21,4
68,21,4
69,21,5
70,21,3
71,21,3
72,21,5
73,21,5
74,21,3
75,21,3
76,21,5
77,21,5
78,21,3
79,21,3
80,21,4
81,21,3
82,21,5
83,21,4
84,21,3
85,21,3
86,21,5
87,21,4
88,21,3
89,21,1
90,21,4
91,21,1
92,21,5
93,21,3
94,21,2
95,21,3
96,21,4
97,21,3
98,21,4
99,21,3
100,21,4
101,21,5
102,21,4
103,21,2
104,21,3
105,21,4
106,21,5
107,21,3
108,21,3
109,21,5
110,21,5
111,21,1
112,21,1
113,21,1
114,21,4
115,21,5
116,21,2
117,21,3
118,21,5
119,21,4
120,21,5
121,21,3
122,21,3
123,21,3
124,21,5
125,21,1
126,21,5
127,21,1
128,21,2
129,21,4
130,21,3
131,21,2
132,21,5
133,21,4
134,21,1
135,21,5
136,21,5
137,21,4
138,21,2
139,21,5
140,21,2
141,21,4
142,21,2
143,21,4
144,21,2
145,21,5
146,21,3
147,21,2
148,21,3
149,21,2
150,21,5
151,21,4
152,21,1
153,21,3
154,21,2
155,21,4
156,21,2
157,21,5
158,21,1
159,21,2
160,21,1
161,21,4
162,21,2
163,21,5
164,21,1
165,21,5
166,21,1
167,21,3
168,21,4
169,21,3
170,21,3
171,21,2
172,21,3
173,21,3
174,21,4
175,21,3
176,21,4
177,21,3
178,21,5
179,21,2
180,21,4
181,21,3
182,21,2
183,21,3
184,21,5
185,21,5
186,21,2
187,21,3
188,21,5
189,21,3
190,21,4
191,21,5
192,21,4
193,21,5
194,21,3
195,21,2
196,21,2
197,21,3
198,21,5
199,21,3
200,21,3
201,21,3
202,21,2
203,21,3
204,21,2
205,21,2
206,21,1
207,21,2
208,21,3
209,21,3
210,21,4
211,21,1
212,21,5
213,21,4
214,21,5
215,21,2
216,21,5
217,21,4
218,21,3
219,21,3
220,21,4
221,21,2
222,21,2
223,21,5
224,21,3
225,21,4
226,21,2
227,21,3
228,21,3
229,21,3
230,21,3
231,21,4
232,21,5
233,21,3
234,21,5
235,21,2
236,21,3
237,21,2
238,21,4
239,21,2
240,21,1
241,21,5
242,21,5
243,21,4
244,21,4
245,21,4
246,21,4
247,21,3
248,21,5
249,21,2
250,21,1
1,22,1
2,22,1
3,22,1
4,22,5
5,22,4
6,22,2
7,22,3
8,22,4
9,22,5
10,22,5
11,22,2
12,22,1
13,22,2
14,22,1
15,22,2
16,22,5
17,22,2
18,22,5
19,22,3
20,22,4
21,22,3
22,22,4
23,22,3
24,22,4
25,22,5
26,22,5
27,22,5
28,22,4
29,22,1
30,22,2
31,22,4
32,22,5
33,22,5
34,22,1
35,22,3
36,22,2
37,22,5
38,22,1
39,22,5
40,22,2
41,22,5
42,22,4
43,22,2
44,22,3
45,22,4
46,22,5
47,22,5
48,22,1
49,22,1
50,22,5
51,22,5
52,22,4
53,22,3
54,22,5
55,22,2
56,22,3
57,22,3
58,22,3
59,22,3
60,22,2
61,22,2
62,22,5
63,22,4
64,22,3
65,22,2
66,22,1
67,22,4
68,22,3
69,22,3
70,22,5
71,22,2
72,22,2
73,22,1
74,22,4
75,22,1
76,22,3
77,22,3
78,22,5
79,22,1
80,22,3
81,22,5
82,22,2
83,22,5
84,22,4
85,22,1
86,22,3
87,22,3
88,22,2
89,22,1
90,22,2
91,22,1
92,22,3
93,22,1
94,22,4
95,22,4
96,22,5
97,22,1
98,22,5
99,22,2
100,22,4
101,22,3
102,22,3
103,22,5
104,22,5
105,22,3
106,22,2
107,22,1
108,22,2
109,22,3
110,22,2
111,22,5
112,22,4
113,22,5
114,22,5
115,22,1
116,22,4
117,22,4
118,22,2
119,22,1
120,22,1
121,22,2
122,22,4
123,22,2
124,22,4
125,22,4
126,22,3
127,22,4
128,22,1
129,22,3
130,22,5
131,22,1
132,22,3
133,22,4
134,22,1
135,22,2
136,22,2
137,22,3
138,22,4
139,22,2
140,22,5
141,22,4
142,22,5
143,22,3
144,22,1
145,22,3
146,22,5
147,22,2
148,22,5
149,22,5
150,22,2
151,22,3
152,22,1
153,22,5
154,22,1
155,22,2
156,22,1
157,22,3
158,22,5
159,22,5
160,22,5
161,22,3
162,22,1
163,22,2
164,22,4
165,22,3
166,22,4
167,22,1
168,22,5
169,22,1
170,22,1
171,22,1
172,22,5
173,22,1
174,22,3
175,22,1
176,22,4
177,22,1
178,22,3
179,22,2
180,22,1
181,22,4
182,22,1
183,22,5
184,22,3
185,22,4
186,22,1
187,22,5
188,22,2
189,22,2
190,22,3
191,22,4
192,22,2
193,22,2
194,22,4
195,22,1
196,22,5
197,22,2
198,22,3
199,22,1
200,22,5
201,22,2
202,22,4
203,22,1
204,22,4
205,22,4
206,22,5
207,22,1
208,22,1
209,22,1
210,22,3
211,22,4
212,22,2
213,22,1
214,22,3
215,22,2
216,22,3
217,22,5
218,22,2
219,22,1
220,22,3
221,22,5
222,22,1
223,22,2
224,22,5
225,22,2
226,22,2
227,22,2
228,22,4
229,22,2
230,22,2
231,22,4
232,22,2
233,22,5
234,22,3
235,22,1
236,22,1
237,22,1
238,22,4
239,22,2
240,22,5
241,22,2
242,22,3
243,22,4
244,22,3
245,22,3
246,22,3
247,22,2
248,22,3
249,22,1
250,22,1
1,23,5
2,23,2
3,23,5
4,23,4
5,23,3
6,23,5
7,23,5
8,23,3
9,23,3
10,23,3
11,23,5
12,23,3
13,23,5
14,23,2
15,23,4
16,23,3
17,23,4
18,23,3
19,23,5
20,23,3
21,23,5
22,23,5
23,23,4
24,23,4
25,23,3
26,23,3
27,23,4
28,23,2
29,23,5
30,23,5
31,23,3
32,23,4
33,23,3
34,23,3
35,23,4
36,23,5
37,23,4
38,23,5
39,23,5
40,23,4
41,23,3
42,23,2
43,23,3
44,23,5
45,23,3
46,23,4
47,23,1
48,23,2
49,23,4
50,23,2
51,23,2
52,23,4
53,23,5
54,23,3
55,23,1
56,23,5
57,23,5
58,23,5
59,23,4
60,23,4
61,23,4
62,23,4
63,23,2
64,23,4
65,23,2
66,23,3
67,23,3
68,23,5
69,23,4
70,23,1
71,23,3
72,23,5
73,23,5
74,23,4
75,23,3
76,23,4
77,23,4
78,23,4
79,23,3
80,23,5
81,23,1
82,23,5
83,23,3
84,23,4
85,23,3
86,23,5
87,23,4
88,23,1
89,23,2
90,23,5
91,23,1
92,23,5
93,23,2
94,23,1
95,23,3
96,23,4
97,23,3
98,23,4
99,23,3
100,23,3
101,23,5
102,23,4
103,23,1
104,23,3
105,23,5
106,23,5
107,23,3
108,23,2
109,23,5
110,23,4
111,23,1
112,23,2
113,23,3
114,23,4
115,23,4
116,23,1
117,23,4
118,23,5
119,23,5
120,23,5
121,23,2
122,23,3
123,23,3
124,23,4
125,23,4
126,23,4
127,23,3
128,23,3
129,23,5
130,23,3
131,23,2
132,23,5
133,23,3
134,23,3
135,23,4
136,23,4
137,23,4
138,23,4
139,23,5
140,23,3
141,23,3
142,23,4
143,23,4
144,23,1
145,23,4
146,23,2
147,23,3
148,23,1
149,23,4
150,23,5
151,23,4
152,23,2
153,23,2
154,23,3
155,23,5
156,23,2
157,23,5
158,23,2
159,23,1
160,23,3
161,23,5
162,23,2
163,23,5
164,23,4
165,23,5
166,23,4
167,23,2
168,23,2
169,23,3
170,23,3
171,23,3
172,23,4
173,23,3
174,23,5
175,23,2
176,23,1
177,23,2
178,23,4
179,23,3
180,23,4
181,23,3
182,23,1
183,23,4
184,23,4
185,23,2
186,23,3
187,23,1
188,23,5
189,23,2
190,23,5
191,23,5
192,23,4
193,23,5
194,23,2
195,23,3
196,23,5
197,23,3
198,23,4
199,23,3
200,23,4
201,23,2
202,23,3
203,23,1
204,23,4
205,23,3
206,23,4
207,23,2
208,23,2
209,23,2
210,23,5
211,23,5
212,23,5
213,23,5
214,23,4
215,23,1
216,23,4
217,23,1
218,23,1
219,23,3
220,23,4
221,23,2
222,23,2
223,23,4
224,23,4
225,23,4
226,23,3
227,23,2
228,23,2
229,23,1
230,23,3
231,23,3
232,23,4
233,23,1
234,23,5
235,23,2
236,23,1
237,23,3
238,23,4
239,23,3
240,23,3
241,23,5
242,23,4
243,23,3
244,23,5
245,23,5
246,23,4
247,23,3
248,23,4
249,23,2
250,23,3
1,24,5
2,24,2
3,24,5
4,24,3
5,24,4
6,24,4
7,24,5
8,24,3
9,24,3
10,24,4
11,24,5
12,24,3
13,24,4
14,24,1
15,24,5
16,24,3
17,24,4
18,24,4
19,24,5
20,24,1
21,24,5
22,24,1
23,24,5
24,24,4
25,24,4
26,24,4
27,24,3
28,24,3
29,24,4
30,24,4
31,24,3
32,24,2
33,24,3
34,24,2
35,24,4
36,24,4
37,24,2
38,24,4
39,24,4
40,24,5
41,24,4
42,24,3
43,24,2
44,24,5
45,24,3
46,24,2
47,24,3
48,24,2
49,24,5
50,24,4
51,24,3
52,24,4
53,24,5
54,24,4
55,24,3
56,24,4
57,24,5
58,24,4
59,24,5
60,24,4
61,24,5
62,24,3
63,24,2
64,24,4
65,24,3
66,24,2
67,24,1
68,24,5
69,24,5
70,24,2
71,24,2
72,24,5
73,24,4
74,24,1
75,24,2
76,24,4
77,24,5
78,24,2
79,24,2
80,24,5
81,24,2
82,24,4
83,24,4
84,24,3
85,24,2
86,24,4
87,24,4
88,24,2
89,24,3
90,24,5
91,24,3
92,24,4
93,24,1
94,24,3
95,24,3
96,24,2
97,24,2
98,24,1
99,24,2
100,24,3
101,24,5
102,24,5
103,24,3
104,24,4
105,24,4
106,24,4
107,24,2
108,24,2
109,24,5
110,24,5
111,24,2
112,24,3
113,24,1
114,24,3
115,24,4
116,24,3
117,24,2
118,24,4
119,24,5
120,24,4
121,24,3
122,24,5
123,24,3
124,24,4
125,24,4
126,24,4
127,24,4
128,24,2
129,24,4
130,24,3
131,24,3
132,24,5
133,24,2
134,24,3
135,24,4
136,24,4
137,24,5
138,24,5
139,24,5
140,24,1
141,24,3
142,24,3
143,24,5
144,24,2
145,24,5
146,24,2
147,24,2
148,24,1
149,24,4
150,24,4
151,24,5
152,24,1
153,24,3
154,24,3
155,24,5
156,24,3
157,24,4
158,24,1
159,24,3
160,24,3
161,24,5
162,24,3
163,24,4
164,24,2
165,24,4
166,24,2
167,24,3
168,24,1
169,24,1
170,24,3
171,24,3
172,24,3
173,24,2
174,24,5
175,24,2
176,24,5
177,24,1
178,24,5
179,24,3
180,24,4
181,24,5
182,24,3
183,24,3
184,24,5
185,24,3
186,24,1
187,24,4
188,24,4
189,24,2
190,24,5
191,24,5
192,24,4
193,24,5
194,24,5
195,24,3
196,24,3
197,24,3
198,24,5
199,24,3
200,24,5
201,24,2
202,24,4
203,24,1
204,24,3
205,24,1
206,24,2
207,24,3
208,24,1
209,24,3
210,24,4
211,24,2
212,24,4
213,24,5
214,24,4
215,24,3
216,24,5
217,24,4
218,24,3
219,24,2
220,24,4
221,24,5
222,24,2
223,24,4
224,24,2
225,24,5
226,24,2
227,24,1
228,24,4
229,24,1
230,24,2
231,24,4
232,24,5
233,24,4
234,24,5
235,24,3
236,24,1
237,24,2
238,24,3
239,24,2
240,24,3
241,24,5
242,24,4
243,24,1
244,24,5
245,24,5
246,24,4
247,24,3
248,24,4
249,24,3
250,24,3
1,25,4
2,25,1
3,25,5
4,25,3
5,25,2
6,25,5
7,25,5
8,25,4
9,25,4
10,25,3
11,25,4
12,25,2
13,25,4
14,25,3
15,25,5
16,25,3
17,25,4
18,25,1
19,25,4
20,25,4
21,25,5
22,25,2
23,25,5
24,25,4
25,25,4
26,25,4
27,25,3
28,25,3
29,25,5
30,25,5
31,25,3
32,25,3
33,25,3
34,25,1
35,25,4
36,25,4
37,25,3
38,25,4
39,25,4
40,25,5
41,25,3
42,25,3
43,25,3
44,25,5
45,25,3
46,25,4
47,25,4
48,25,2
49,25,5
50,25,4
51,25,3
52,25,3
53,25,5
54,25,4
55,25,1
56,25,4
57,25,4
58,25,5
59,25,5
60,25,5
61,25,5
62,25,3
63,25,2
64,25,4
65,25,3
66,25,1
67,25,2
68,25,5
69,25,5
70,25,2
71,25,3
72,25,5
73,25,4
74,25,3
75,25,3
76,25,4
77,25,5
78,25,1
79,25,3
80,25,5
81,25,3
82,25,5
83,25,3
84,25,3
85,25,1
86,25,4
87,25,4
88,25,3
89,25,3
90,25,5
91,25,2
92,25,5
93,25,3
94,25,1
95,25,4
96,25,4
97,25,3
98,25,1
99,25,2
100,25,1
101,25,4
102,25,5
103,25,3
104,25,2
105,25,4
106,25,4
107,25,3
108,25,3
109,25,4
110,25,4
111,25,4
112,25,2
113,25,4
114,25,4
115,25,5
116,25,3
117,25,3
118,25,5
119,25,5
120,25,5
121,25,2
122,25,5
123,25,1
124,25,3
125,25,4
126,25,5
127,25,2
128,25,1
129,25,4
130,25,3
131,25,1
132,25,5
133,25,4
134,25,3
135,25,4
136,25,4
137,25,5
138,25,2
139,25,5
140,25,4
141,25,2
142,25,3
143,25,4
144,25,3
145,25,5
146,25,2
147,25,3
148,25,2
149,25,3
150,25,4
151,25,4
152,25,3
153,25,4
154,25,3
155,25,4
156,25,2
157,25,4
158,25,3
159,25,3
160,25,3
161,25,4
162,25,3
163,25,5
164,25,2
165,25,5
166,25,3
167,25,2
168,25,1
169,25,2
170,25,3
171,25,1
172,25,3
173,25,3
174,25,5
175,25,2
176,25,4
177,25,3
178,25,5
179,25,2
180,25,4
181,25,2
182,25,3
183,25,2
184,25,4
185,25,4
186,25,1
187,25,4
188,25,5
189,25,3
190,25,4
191,25,3
192,25,4
193,25,5
194,25,3
195,25,1
196,25,3
197,25,3
198,25,5
199,25,3
200,25,3
201,25,3
202,25,2
203,25,1
204,25,1
205,25,2
206,25,4
207,25,3
208,25,3
209,25,2
210,25,5
211,25,3
212,25,5
213,25,4
214,25,5
215,25,3
216,25,5
217,25,4
218,25,2
219,25,3
220,25,4
221,25,2
222,25,2
223,25,4
224,25,4
225,25,4
226,25,3
227,25,2
228,25,3
229,25,1
230,25,3
231,25,3
232,25,4
233,25,2
234,25,5
235,25,3
236,25,2
237,25,1
238,25,4
239,25,2
240,25,1
241,25,4
242,25,5
243,25,4
244,25,4
245,25,5
246,25,5
247,25,1
248,25,4
249,25,3
250,25,2
1,26,2
2,26,1
3,26,1
4,26,5
5,26,5
6,26,2
7,26,3
8,26,5
9,26,5
10,26,4
11,26,3
12,26,2
13,26,3
14,26,1
15,26,3
16,26,4
17,26,2
18,26,5
19,26,3
20,26,5
21,26,1
22,26,5
23,26,2
24,26,4
25,26,4
26,26,5
27,26,5
28,26,5
29,26,3
30,26,2
31,26,5
32,26,5
33,26,4
34,26,1
35,26,3
36,26,2
37,26,5
38,26,1
39,26,4
40,26,3
41,26,4
42,26,5
43,26,1
44,26,3
45,26,5
46,26,4
47,26,4
48,26,2
49,26,2
50,26,5
51,26,5
52,26,5
53,26,3
54,26,4
55,26,1
56,26,3
57,26,3
58,26,2
59,26,3
60,26,2
61,26,2
62,26,5
63,26,5
64,26,2
65,26,1
66,26,1
67,26,4
68,26,3
69,26,3
70,26,4
71,26,2
72,26,3
73,26,3
74,26,4
75,26,1
76,26,2
77,26,3
78,26,5
79,26,2
80,26,2
81,26,5
82,26,3
83,26,4
84,26,4
85,26,2
86,26,3
87,26,1
88,26,1
89,26,1
90,26,2
91,26,1
92,26,1
93,26,1
94,26,4
95,26,5
96,26,4
97,26,2
98,26,4
99,26,1
100,26,5
101,26,1
102,26,2
103,26,4
104,26,5
105,26,3
106,26,1
107,26,1
108,26,2
109,26,2
110,26,3
111,26,5
112,26,4
113,26,4
114,26,4
115,26,3
116,26,4
117,26,4
118,26,2
119,26,2
120,26,1
121,26,1
122,26,4
123,26,2
124,26,5
125,26,4
126,26,3
127,26,5
128,26,1
129,26,3
130,26,4
131,26,1
132,26,2
133,26,5
134,26,1
135,26,3
136,26,3
137,26,3
138,26,5
139,26,3
140,26,5
141,26,5
142,26,4
143,26,1
144,26,1
145,26,3
146,26,4
147,26,1
148,26,5
149,26,5
150,26,3
151,26,3
152,26,2
153,26,5
154,26,2
155,26,1
156,26,2
157,26,2
158,26,4
159,26,5
160,26,5
161,26,3
162,26,1
163,26,1
164,26,4
165,26,3
166,26,5
167,26,1
168,26,5
169,26,1
170,26,2
171,26,1
172,26,4
173,26,1
174,26,2
175,26,1
176,26,4
177,26,1
178,26,2
179,26,1
180,26,1
181,26,4
182,26,1
183,26,5
184,26,3
185,26,4
186,26,1
187,26,4
188,26,3
189,26,1
190,26,3
191,26,5
192,26,3
193,26,3
194,26,5
195,26,1
196,26,4
197,26,1
198,26,2
199,26,1
200,26,4
201,26,2
202,26,5
203,26,2
204,26,4
205,26,5
206,26,4
207,26,1
208,26,1
209,26,1
210,26,3
211,26,4
212,26,2
213,26,1
214,26,3
215,26,2
216,26,1
217,26,5
218,26,1
219,26,1
220,26,3
221,26,4
222,26,2
223,26,2
224,26,5
225,26,3
226,26,1
227,26,1
228,26,5
229,26,1
230,26,2
231,26,5
232,26,2
233,26,4
234,26,2
235,26,1
236,26,1
237,26,1
238,26,5
239,26,1
240,26,4
241,26,1
242,26,2
243,26,5
244,26,1
245,26,3
246,26,3
247,26,2
248,26,2
249,26,2
250,26,1
1,27,5
2,27,2
3,27,4
4,27,3
5,27,4
6,27,4
7,27,4
8,27,4
9,27,3
10,27,2
11,27,5
12,27,2
13,27,5
14,27,1
15,27,5
16,27,3
17,27,5
18,27,3
19,27,4
20,27,1
21,27,5
22,27,4
23,27,5
24,27,2
25,27,4
26,27,5
27,27,2
28,27,4
29,27,5
30,27,4
31,27,4
32,27,3
33,27,5
34,27,1
35,27,5
36,27,5
37,27,3
38,27,5
39,27,4
40,27,5
41,27,1
42,27,4
43,27,1
44,27,5
45,27,3
46,27,3
47,27,5
48,27,2
49,27,4
50,27,3
51,27,3
52,27,3
53,27,5
54,27,3
55,27,1
56,27,4
57,27,4
58,27,5
59,27,4
60,27,4
61,27,4
62,27,1
63,27,2
64,27,5
65,27,2
66,27,2
67,27,3
68,27,4
69,27,5
70,27,3
71,27,3
72,27,5
73,27,5
74,27,2
75,27,2
76,27,5
77,27,4
78,27,4
79,27,2
80,27,4
81,27,3
82,27,5
83,27,2
84,27,4
85,27,3
86,27,4
87,27,4
88,27,2
89,27,2
90,27,5
91,27,3
92,27,5
93,27,2
94,27,4
95,27,4
96,27,3
97,27,3
98,27,3
99,27,3
100,27,2
101,27,5
102,27,4
103,27,2
104,27,2
105,27,4
106,27,4
107,27,2
108,27,2
109,27,5
110,27,5
111,27,4
112,27,2
113,27,5
114,27,3
115,27,4
116,27,3
117,27,1
118,27,5
119,27,4
120,27,5
121,27,3
122,27,1
123,27,3
124,27,1
125,27,1
126,27,4
127,27,3
128,27,3
129,27,5
130,27,1
131,27,3
132,27,5
133,27,3
134,27,2
135,27,5
136,27,5
137,27,5
138,27,1
139,27,5
140,27,3
141,27,2
142,27,3
143,27,5
144,27,2
145,27,4
146,27,2
147,27,1
148,27,4
149,27,4
150,27,5
151,27,4
152,27,3
153,27,3
154,27,2
155,27,5
156,27,2
157,27,5
158,27,3
159,27,3
160,27,2
161,27,4
162,27,3
163,27,4
164,27,2
165,27,5
166,27,4
167,27,3
168,27,5
169,27,2
170,27,2
171,27,2
172,27,1
173,27,2
174,27,4
175,27,2
176,27,3
177,27,2
178,27,5
179,27,2
180,27,5
181,27,4
182,27,3
183,27,2
184,27,5
185,27,4
186,27,2
187,27,5
188,27,4
189,27,3
190,27,4
191,27,3
192,27,4
193,27,5
194,27,2
195,27,3
196,27,2
197,27,3
198,27,5
199,27,3
200,27,4
201,27,2
202,27,2
203,27,3
204,27,3
205,27,2
206,27,4
207,27,1
208,27,1
209,27,2
210,27,5
211,27,4
212,27,4
213,27,5
214,27,4
215,27,2
216,27,5
217,27,1
218,27,3
219,27,3
220,27,5
221,27,3
222,27,2
223,27,4
224,27,3
225,27,5
226,27,3
227,27,3
228,27,4
229,27,2
230,27,3
231,27,2
232,27,4
233,27,4
234,27,4
235,27,3
236,27,1
237,27,1
238,27,4
239,27,1
240,27,3
241,27,5
242,27,5
243,27,2
244,27,5
245,27,5
246,27,5
247,27,3
248,27,5
249,27,1
250,27,1
1,28,5
2,28,3
3,28,4
4,28,2
5,28,3
6,28,5
7,28,4
8,28,3
9,28,4
10,28,4
11,28,5
12,28,3
13,28,4
14,28,2
15,28,4
16,28,3
17,28,5
18,28,4
19,28,5
20,28,2
21,28,5
22,28,2
23,28,5
24,28,3
25,28,2
26,28,3
27,28,5
28,28,2
29,28,4
30,28,4
31,28,4
32,28,3
33,28,2
34,28,2
35,28,5
36,28,5
37,28,3
38,28,5
39,28,4
40,28,4
41,28,3
42,28,1
43,28,2
44,28,5
45,28,2
46,28,3
47,28,4
48,28,3
49,28,4
50,28,3
51,28,4
52,28,4
53,28,5
54,28,4
55,28,3
56,28,4
57,28,5
58,28,4
59,28,4
60,28,4
61,28,5
62,28,3
63,28,2
64,28,5
65,28,2
66,28,1
67,28,2
68,28,5
69,28,4
70,28,4
71,28,2
72,28,4
73,28,4
74,28,4
75,28,3
76,28,4
77,28,4
78,28,5
79,28,3
80,28,5
81,28,3
82,28,4
83,28,2
84,28,2
85,28,2
86,28,4
87,28,4
88,28,3
89,28,3
90,28,5
91,28,3
92,28,4
93,28,3
94,28,5
95,28,4
96,28,2
97,28,3
98,28,2
99,28,2
100,28,3
101,28,4
102,28,5
103,28,4
104,28,2
105,28,5
106,28,5
107,28,2
108,28,3
109,28,5
110,28,5
111,28,3
112,28,1
113,28,3
114,28,2
115,28,5
116,28,2
117,28,1
118,28,4
119,28,5
120,28,5
121,28,3
122,28,2
123,28,3
124,28,1
125,28,2
126,28,4
127,28,4
128,28,3
129,28,5
130,28,3
131,28,2
132,28,5
133,28,5
134,28,3
135,28,4
136,28,4
137,28,5
138,28,4
139,28,5
140,28,4
141,28,4
142,28,3
143,28,4
144,28,1
145,28,5
146,28,4
147,28,2
148,28,3
149,28,3
150,28,5
151,28,4
152,28,3
153,28,3
154,28,3
155,28,4
156,28,2
157,28,5
158,28,3
159,28,4
160,28,4
161,28,4
162,28,3
163,28,4
164,28,1
165,28,4
166,28,3
167,28,2
168,28,3
169,28,2
170,28,3
171,28,3
172,28,4
173,28,3
174,28,5
175,28,3
176,28,2
177,28,3
178,28,5
179,28,2
180,28,5
181,28,4
182,28,3
183,28,5
184,28,5
185,28,2
186,28,3
187,28,3
188,28,4
189,28,3
190,28,5
191,28,2
192,28,4
193,28,5
194,28,1
195,28,3
196,28,2
197,28,1
198,28,4
199,28,2
200,28,3
201,28,2
202,28,2
203,28,2
204,28,4
205,28,5
206,28,3
207,28,1
208,28,2
209,28,2
210,28,5
211,28,2
212,28,5
213,28,5
214,28,5
215,28,3
216,28,5
217,28,1
218,28,3
219,28,3
220,28,5
221,28,2
222,28,3
223,28,4
224,28,2
225,28,4
226,28,3
227,28,3
228,28,4
229,28,3
230,28,3
231,28,4
232,28,4
233,28,2
234,28,4
235,28,1
236,28,2
237,28,3
238,28,4
239,28,2
240,28,1
241,28,4
242,28,5
243,28,3
244,28,4
245,28,4
246,28,4
247,28,3
248,28,4
249,28,1
250,28,2
1,29,5
2,29,3
3,29,5
4,29,5
5,29,3
6,29,5
7,29,4
8,29,3
9,29,2
10,29,4
11,29,4
12,29,3
13,29,5
14,29,2
15,29,4
16,29,2
17,29,5
18,29,2
19,29,5
20,29,3
21,29,5
22,29,5
23,29,4
24,29,3
25,29,3
26,29,2
27,29,4
28,29,3
29,29,4
30,29,4
31,29,2
32,29,3
33,29,4
34,29,3
35,29,4
36,29,5
37,29,4
38,29,4
39,29,3
40,29,4
41,29,2
42,29,3
43,29,3
44,29,5
45,29,4
46,29,5
47,29,2
48,29,1
49,29,5
50,29,5
51,29,4
52,29,4
53,29,4
54,29,2
55,29,2
56,29,5
57,29,5
58,29,5
59,29,5
60,29,5
61,29,5
62,29,2
63,29,4
64,29,5
65,29,3
66,29,2
67,29,2
68,29,4
69,29,4
70,29,3
71,29,3
72,29,4
73,29,5
74,29,4
75,29,1
76,29,4
77,29,5
78,29,4
79,29,3
80,29,5
81,29,4
82,29,5
83,29,1
84,29,4
85,29,3
86,29,4
87,29,5
88,29,2
89,29,3
90,29,4
91,29,1
92,29,4
93,29,3
94,29,3
95,29,5
96,29,4
97,29,3
98,29,1
99,29,1
100,29,4
101,29,4
102,29,5
103,29,5
104,29,4
105,29,4
106,29,4
107,29,2
108,29,3
109,29,5
110,29,4
111,29,4
112,29,4
113,29,2
114,29,3
115,29,5
116,29,4
117,29,5
118,29,4
119,29,5
120,29,4
121,29,2
122,29,3
123,29,3
124,29,5
125,29,3
126,29,4
127,29,4
128,29,2
129,29,4
130,29,4
131,29,3
132,29,5
133,29,1
134,29,2
135,29,5
136,29,5
137,29,5
138,29,2
139,29,5
140,29,4
141,29,4
142,29,4
143,29,4
144,29,3
145,29,5
146,29,2
147,29,3
148,29,2
149,29,1
150,29,5
151,29,4
152,29,2
153,29,3
154,29,3
155,29,5
156,29,3
157,29,5
158,29,3
159,29,2
160,29,4
161,29,5
162,29,3
163,29,5
164,29,1
165,29,4
166,29,1
167,29,2
168,29,5
169,29,3
170,29,2
171,29,3
172,29,4
173,29,3
174,29,5
175,29,3
176,29,3
177,29,3
178,29,4
179,29,2
180,29,5
181,29,3
182,29,3
183,29,2
184,29,5
185,29,2
186,29,1
187,29,4
188,29,5
189,29,2
190,29,5
191,29,2
192,29,5
193,29,5
194,29,4
195,29,3
196,29,4
197,29,2
198,29,5
199,29,2
200,29,2
201,29,2
202,29,4
203,29,3
204,29,4
205,29,4
206,29,2
207,29,2
208,29,3
209,29,3
210,29,5
211,29,2
212,29,4
213,29,4
214,29,4
215,29,1
216,29,5
217,29,1
218,29,1
219,29,1
220,29,5
221,29,4
222,29,3
223,29,4
224,29,4
225,29,5
226,29,2
227,29,2
228,29,3
229,29,2
230,29,2
231,29,4
232,29,4
233,29,1
234,29,5
235,29,2
236,29,3
237,29,3
238,29,3
239,29,2
240,29,3
241,29,5
242,29,5
243,29,3
244,29,5
245,29,5
246,29,5
247,29,3
248,29,5
249,29,3
250,29,2
1,30,2
2,30,1
3,30,1
4,30,5
5,30,5
6,30,2
7,30,2
8,30,5
9,30,4
10,30,5
11,30,3
12,30,1
13,30,1
14,30,1
15,30,3
16,30,5
17,30,2
18,30,4
19,30,2
20,30,4
21,30,2
22,30,4
23,30,3
24,30,5
25,30,5
26,30,4
27,30,5
28,30,5
29,30,2
30,30,2
31,30,5
32,30,4
33,30,4
34,30,1
35,30,3
36,30,1
37,30,5
38,30,3
39,30,5
40,30,3
41,30,4
42,30,5
43,30,2
44,30,3
45,30,5
46,30,4
47,30,5
48,30,1
49,30,2
50,30,5
51,30,4
52,30,5
53,30,2
54,30,4
55,30,2
56,30,3
57,30,3
58,30,3
59,30,3
60,30,3
61,30,3
62,30,5
63,30,5
64,30,2
65,30,1
66,30,1
67,30,5
68,30,1
69,30,1
70,30,4
71,30,1
72,30,3
73,30,2
74,30,5
75,30,1
76,30,2
77,30,3
78,30,4
79,30,1
80,30,2
81,30,5
82,30,1
83,30,4
84,30,5
85,30,2
86,30,3
87,30,2
88,30,1
89,30,1
90,30,3
91,30,1
92,30,3
93,30,2
94,30,4
95,30,5
96,30,4
97,30,1
98,30,5
99,30,1
100,30,4
101,30,1
102,30,3
103,30,4
104,30,4
105,30,3
106,30,2
107,30,1
108,30,1
109,30,2
110,30,3
111,30,5
112,30,4
113,30,4
114,30,4
115,30,3
116,30,5
117,30,5
118,30,3
119,30,2
120,30,2
121,30,2
122,30,4
123,30,1
124,30,5
125,30,5
126,30,3
127,30,4
128,30,2
129,30,2
130,30,5
131,30,1
132,30,3
133,30,4
134,30,2
135,30,3
136,30,2
137,30,2
138,30,5
139,30,1
140,30,4
141,30,5
142,30,5
143,30,3
144,30,1
145,30,2
146,30,4
147,30,1
148,30,5
149,30,5
150,30,3
151,30,2
152,30,1
153,30,5
154,30,1
155,30,3
156,30,1
157,30,1
158,30,5
159,30,4
160,30,5
161,30,3
162,30,2
163,30,1
164,30,4
165,30,3
166,30,5
167,30,1
168,30,4
169,30,1
170,30,2
171,30,1
172,30,4
173,30,1
174,30,3
175,30,1
176,30,4
177,30,1
178,30,2
179,30,2
180,30,3
181,30,5
182,30,1
183,30,5
184,30,2
185,30,5
186,30,1
187,30,4
188,30,3
189,30,1
190,30,2
191,30,4
192,30,3
193,30,3
194,30,5
195,30,1
196,30,5
197,30,1
198,30,3
199,30,1
200,30,5
201,30,1
202,30,5
203,30,1
204,30,5
205,30,4
206,30,5
207,30,1
208,30,1
209,30,1
210,30,3
211,30,4
212,30,2
213,30,3
214,30,3
215,30,2
216,30,2
217,30,4
218,30,2
219,30,2
220,30,3
221,30,5
222,30,1
223,30,2
224,30,5
225,30,2
226,30,1
227,30,2
228,30,5
229,30,2
230,30,1
231,30,5
232,30,2
233,30,5
234,30,2
235,30,1
236,30,2
237,30,1
238,30,5
239,30,1
240,30,5
241,30,3
242,30,3
243,30,5
244,30,3
245,30,3
246,30,3
247,30,1
248,30,1
249,30,1
250,30,1
1,31,5
2,31,3
3,31,4
4,31,3
5,31,3
6,31,5
7,31,5
8,31,4
9,31,3
10,31,3
11,31,5
12,31,2
13,31,4
14,31,1
15,31,5
16,31,2
17,31,5
18,31,3
19,31,4
20,31,3
21,31,5
22,31,3
23,31,5
24,31,3
25,31,1
26,31,5
27,31,3
28,31,1
29,31,5
30,31,4
31,31,4
32,31,4
33,31,5
34,31,1
35,31,5
36,31,4
37,31,2
38,31,4
39,31,4
40,31,5
41,31,1
42,31,2
43,31,2
44,31,5
45,31,4
46,31,2
47,31,2
48,31,2
49,31,5
50,31,3
51,31,3
52,31,5
53,31,5
54,31,2
55,31,3
56,31,4
57,31,4
58,31,4
59,31,4
60,31,5
61,31,5
62,31,3
63,31,4
64,31,5
65,31,1
66,31,1
67,31,4
68,31,5
69,31,4
70,31,3
71,31,3
72,31,4
73,31,4
74,31,4
75,31,3
76,31,4
77,31,5
78,31,1
79,31,3
80,31,5
81,31,3
82,31,5
83,31,3
84,31,3
85,31,3
86,31,5
87,31,4
88,31,3
89,31,3
90,31,4
91,31,2
92,31,5
93,31,3
94,31,3
95,31,3
96,31,2
97,31,2
98,31,3
99,31,1
100,31,3
101,31,4
102,31,4
103,31,4
104,31,3
105,31,5
106,31,5
107,31,1
108,31,2
109,31,5
110,31,4
111,31,4
112,31,2
113,31,1
114,31,4
115,31,5
116,31,3
117,31,2
118,31,5
119,31,5
120,31,5
121,31,3
122,31,2
123,31,3
124,31,3
125,31,4
126,31,4
127,31,5
128,31,2
129,31,5
130,31,3
131,31,2
132,31,4
133,31,4
134,31,3
135,31,4
136,31,4
137,31,5
138,31,3
139,31,5
140,31,3
141,31,3
142,31,3
143,31,5
144,31,3
145,31,4
146,31,4
147,31,3
148,31,3
149,31,5
150,31,4
151,31,4
152,31,3
153,31,1
154,31,3
155,31,4
156,31,2
157,31,5
158,31,3
159,31,2
160,31,4
161,31,5
162,31,3
163,31,5
164,31,5
165,31,5
166,31,4
167,31,1
168,31,4
169,31,3
170,31,2
171,31,3
172,31,4
173,31,1
174,31,5
175,31,3
176,31,4
177,31,3
178,31,5
179,31,3
180,31,4
181,31,3
182,31,3
183,31,2
184,31,5
185,31,4
186,31,3
187,31,4
188,31,4
189,31,2
190,31,5
191,31,4
192,31,4
193,31,5
194,31,4
195,31,2
196,31,1
197,31,2
198,31,5
199,31,1
200,31,4
201,31,3
202,31,3
203,31,3
204,31,5
205,31,4
206,31,3
207,31,3
208,31,2
209,31,3
210,31,5
211,31,2
212,31,5
213,31,5
214,31,5
215,31,2
216,31,5
217,31,2
218,31,2
219,31,3
220,31,4
221,31,1
222,31,2
223,31,4
224,31,3
225,31,5
226,31,3
227,31,2
228,31,1
229,31,3
230,31,3
231,31,3
232,31,4
233,31,4
234,31,5
235,31,3
236,31,2
237,31,1
238,31,4
239,31,3
240,31,4
241,31,5
242,31,5
243,31,1
244,31,5
245,31,4
246,31,5
247,31,3
248,31,4
249,31,1
250,31,2
1,32,1
2,32,1
3,32,2
4,32,4
5,32,4
6,32,3
7,32,3
8,32,5
9,32,5
10,32,5
11,32,2
12,32,1
13,32,3
14,32,1
15,32,3
16,32,5
17,32,3
18,32,4
19,32,3
20,32,5
21,32,2
22,32,4
23,32,3
24,32,4
25,32,4
26,32,5
27,32,4
28,32,4
29,32,3
30,32,2
31,32,5
32,32,4
33,32,4
34,32,1
35,32,2
36,32,1
37,32,5
38,32,2
39,32,4
40,32,2
41,32,4
42,32,4
43,32,1
44,32,3
45,32,4
46,32,5
47,32,5
48,32,1
49,32,2
50,32,5
51,32,5
52,32,5
53,32,3
54,32,5
55,32,2
56,32,2
57,32,2
58,32,1
59,32,2
60,32,2
61,32,2
62,32,4
63,32,4
64,32,3
65,32,1
66,32,1
67,32,5
68,32,3
69,32,2
70,32,4
71,32,1
72,32,2
73,32,1
74,32,5
75,32,1
76,32,2
77,32,3
78,32,4
79,32,2
80,32,3
81,32,5
82,32,1
83,32,5
84,32,4
85,32,1
86,32,3
87,32,3
88,32,1
89,32,1
90,32,1
91,32,1
92,32,1
93,32,1
94,32,4
95,32,4
96,32,4
97,32,2
98,32,4
99,32,1
100,32,5
101,32,3
102,32,1
103,32,5
104,32,5
105,32,2
106,32,3
107,32,1
108,32,1
109,32,3
110,32,3
111,32,4
112,32,4
113,32,4
114,32,5
115,32,3
116,32,4
117,32,5
118,32,3
119,32,3
120,32,2
121,32,1
122,32,4
123,32,1
124,32,4
125,32,5
126,32,2
127,32,4
128,32,2
129,32,3
130,32,5
131,32,1
132,32,2
133,32,5
134,32,1
135,32,1
136,32,2
137,32,2
138,32,4
139,32,2
140,32,5
141,32,5
142,32,5
143,32,3
144,32,1
145,32,3
146,32,5
147,32,1
148,32,4
149,32,4
150,32,2
151,32,2
152,32,1
153,32,5
154,32,1
155,32,2
156,32,2
157,32,2
158,32,4
159,32,5
160,32,4
161,32,3
162,32,1
163,32,3
164,32,5
165,32,2
166,32,4
167,32,1
168,32,5
169,32,1
170,32,2
171,32,1
172,32,5
173,32,1
174,32,3
175,32,1
176,32,5
177,32,1
178,32,1
179,32,2
180,32,2
181,32,5
182,32,1
183,32,4
184,32,3
185,32,4
186,32,2
187,32,4
188,32,2
189,32,1
190,32,3
191,32,4
192,32,3
193,32,3
194,32,5
195,32,2
196,32,5
197,32,1
198,32,2
199,32,2
200,32,4
201,32,1
202,32,4
203,32,1
204,32,5
205,32,4
206,32,4
207,32,1
208,32,1
209,32,1
210,32,2
211,32,4
212,32,1
213,32,3
214,32,3
215,32,2
216,32,3
217,32,4
218,32,1
219,32,1
220,32,3
221,32,5
222,32,1
223,32,3
224,32,5
225,32,1
226,32,1
227,32,2
228,32,5
229,32,2
230,32,1
231,32,5
232,32,1
233,32,4
234,32,1
235,32,1
236,32,2
237,32,1
238,32,5
239,32,1
240,32,5
241,32,2
242,32,2
243,32,5
244,32,3
245,32,2
246,32,3
247,32,1
248,32,1
249,32,2
250,32,2
1,33,3
2,33,2
3,33,1
4,33,5
5,33,5
6,33,3
7,33,1
8,33,5
9,33,5
10,33,4
11,33,2
12,33,1
13,33,3
14,33,2
15,33,3
16,33,5
17,33,2
18,33,5
19,33,1
20,33,5
21,33,3
22,33,5
23,33,3
24,33,5
25,33,4
26,33,5
27,33,4
28,33,5
29,33,2
30,33,1
31,33,5
32,33,5
33,33,4
34,33,1
35,33,2
36,33,3
37,33,5
38,33,3
39,33,5
40,33,1
41,33,5
42,33,5
43,33,1
44,33,2
45,33,4
46,33,4
47,33,4
48,33,2
49,33,1
50,33,5
51,33,5
52,33,5
53,33,2
54,33,4
55,33,1
56,33,3
57,33,3
58,33,3
59,33,2
60,33,2
61,33,2
62,33,5
63,33,4
64,33,3
65,33,1
66,33,2
67,33,5
68,33,2
69,33,3
70,33,5
71,33,1
72,33,2
73,33,2
74,33,4
75,33,2
76,33,3
77,33,3
78,33,5
79,33,1
80,33,3
81,33,4
82,33,1
83,33,4
84,33,4
85,33,2
86,33,3
87,33,3
88,33,2
89,33,1
90,33,3
91,33,2
92,33,3
93,33,1
94,33,5
95,33,5
96,33,4
97,33,1
98,33,4
99,33,1
100,33,5
101,33,3
102,33,2
103,33,4
104,33,4
105,33,2
106,33,1
107,33,1
108,33,1
109,33,2
110,33,1
111,33,5
112,33,5
113,33,5
114,33,4
115,33,3
116,33,4
117,33,4
118,33,2
119,33,2
120,33,3
121,33,2
122,33,5
123,33,2
124,33,4
125,33,4
126,33,3
127,33,4
128,33,1
129,33,3
130,33,4
131,33,1
132,33,1
133,33,5
134,33,1
135,33,1
136,33,3
137,33,2
138,33,4
139,33,2
140,33,5
141,33,5
142,33,5
143,33,3
144,33,1
145,33,2
146,33,5
147,33,1
148,33,4
149,33,5
150,33,3
151,33,1
152,33,1
153,33,4
154,33,1
155,33,2
156,33,2
157,33,2
158,33,4
159,33,4
160,33,5
161,33,2
162,33,1
163,33,3
164,33,5
165,33,2
166,33,4
167,33,1
168,33,5
169,33,1
170,33,1
171,33,1
172,33,4
173,33,2
174,33,2
175,33,2
176,33,5
177,33,1
178,33,3
179,33,1
180,33,3
181,33,5
182,33,1
183,33,4
184,33,2
185,33,4
186,33,1
187,33,4
188,33,1
189,33,1
190,33,1
191,33,5
192,33,2
193,33,3
194,33,5
195,33,1
196,33,5
197,33,1
198,33,3
199,33,1
200,33,5
201,33,2
202,33,5
203,33,1
204,33,4
205,33,5
206,33,4
207,33,1
208,33,1
209,33,1
210,33,3
211,33,5
212,33,2
213,33,2
214,33,3
215,33,1
216,33,1
217,33,4
218,33,2
219,33,2
220,33,3
221,33,4
222,33,1
223,33,3
224,33,5
225,33,3
226,33,2
227,33,1
228,33,5
229,33,1
230,33,1
231,33,4
232,33,1
233,33,5
234,33,1
235,33,2
236,33,1
237,33,2
238,33,5
239,33,2
240,33,5
241,33,3
242,33,2
243,33,4
244,33,1
245,33,3
246,33,3
247,33,2
248,33,2
249,33,2
250,33,1
1,34,2
2,34,1
3,34,3
4,34,5
5,34,5
6,34,1
7,34,1
8,34,5
9,34,5
10,34,4
11,34,3
12,34,2
13,34,2
14,34,1
15,34,1
16,34,4
17,34,2
18,34,5
19,34,2
20,34,4
21,34,3
22,34,5
23,34,2
24,34,5
25,34,5
26,34,5
27,34,4
28,34,5
29,34,3
30,34,3
31,34,5
32,34,4
33,34,5
34,34,1
35,34,3
36,34,1
37,34,4
38,34,3
39,34,5
40,34,2
41,34,5
42,34,5
43,34,1
44,34,2
45,34,4
46,34,5
47,34,4
48,34,1
49,34,2
50,34,5
51,34,4
52,34,5
53,34,2
54,34,4
55,34,1
56,34,3
57,34,3
58,34,3
59,34,3
60,34,3
61,34,3
62,34,5
63,34,4
64,34,3
65,34,1
66,34,1
67,34,5
68,34,3
69,34,3
70,34,5
71,34,1
72,34,3
73,34,2
74,34,5
75,34,2
76,34,3
77,34,2
78,34,5
79,34,1
80,34,3
81,34,4
82,34,1
83,34,5
84,34,5
85,34,1
86,34,1
87,34,1
88,34,2
89,34,1
90,34,1
91,34,1
92,34,3
93,34,1
94,34,5
95,34,5
96,34,4
97,34,1
98,34,5
99,34,2
100,34,4
101,34,1
102,34,2
103,34,4
104,34,5
105,34,1
106,34,1
107,34,1
108,34,1
109,34,2
110,34,3
111,34,5
112,34,4
113,34,4
114,34,4
115,34,3
116,34,4
117,34,4
118,34,3
119,34,2
120,34,3
121,34,1
122,34,4
123,34,1
124,34,4
125,34,5
126,34,3
127,34,4
128,34,1
129,34,3
130,34,4
131,34,2
132,34,2
133,34,5
134,34,2
135,34,2
136,34,3
137,34,3
138,34,5
139,34,2
140,34,5
141,34,4
142,34,5
143,34,2
144,34,1
145,34,3
146,34,5
147,34,2
148,34,5
149,34,5
150,34,2
151,34,1
152,34,1
153,34,5
154,34,1
155,34,3
156,34,1
157,34,3
158,34,5
159,34,4
160,34,5
161,34,2
162,34,1
163,34,2
164,34,4
165,34,1
166,34,5
167,34,1
168,34,5
169,34,2
170,34,1
171,34,2
172,34,4
173,34,2
174,34,1
175,34,1
176,34,5
177,34,1
178,34,2
179,34,1
180,34,2
181,34,4
182,34,1
183,34,4
184,34,3
185,34,5
186,34,1
187,34,4
188,34,3
189,34,1
190,34,3
191,34,5
192,34,3
193,34,1
194,34,5
195,34,2
196,34,5
197,34,1
198,34,3
199,34,1
200,34,5
201,34,1
202,34,5
203,34,2
204,34,4
205,34,5
206,34,4
207,34,2
208,34,2
209,34,2
210,34,2
211,34,5
212,34,2
213,34,3
214,34,1
215,34,1
216,34,2
217,34,4
218,34,2
219,34,1
220,34,3
221,34,5
222,34,1
223,34,1
224,34,4
225,34,2
226,34,1
227,34,2
228,34,5
229,34,2
230,34,1
231,34,5
232,34,2
233,34,5
234,34,3
235,34,1
236,34,1
237,34,1
238,34,5
239,34,1
240,34,5
241,34,3
242,34,3
243,34,5
244,34,3
245,34,3
246,34,1
247,34,1
248,34,1
249,34,1
250,34,1
1,35,5
2,35,3
3,35,4
4,35,3
5,35,3
6,35,4
7,35,4
8,35,4
9,35,1
10,35,4
11,35,5
12,35,1
13,35,4
14,35,3
15,35,5
16,35,2
17,35,5
18,35,2
19,35,4
20,35,4
21,35,5
22,35,4
23,35,5
24,35,2
25,35,3
26,35,3
27,35,2
28,35,3
29,35,4
30,35,5
31,35,3
32,35,3
33,35,2
34,35,3
35,35,5
36,35,5
37,35,3
38,35,5
39,35,4
40,35,4
41,35,3
42,35,4
43,35,2
44,35,5
45,35,4
46,35,4
47,35,3
48,35,1
49,35,5
50,35,2
51,35,1
52,35,4
53,35,4
54,35,4
55,35,3
56,35,4
57,35,4
58,35,4
59,35,4
60,35,4
61,35,5
62,35,4
63,35,4
64,35,5
65,35,2
66,35,1
67,35,3
68,35,4
69,35,5
70,35,3
71,35,3
72,35,5
73,35,5
74,35,3
75,35,2
76,35,5
77,35,5
78,35,4
79,35,3
80,35,4
81,35,2
82,35,5
83,35,4
84,35,1
85,35,2
86,35,5
87,35,5
88,35,3
89,35,2
90,35,5
91,35,3
92,35,5
93,35,2
94,35,3
95,35,1
96,35,4
97,35,3
98,35,3
99,35,2
100,35,4
101,35,4
102,35,4
103,35,2
104,35,4
105,35,5
106,35,5
107,35,2
108,35,3
109,35,4
110,35,4
111,35,1
112,35,3
113,35,4
114,35,3
115,35,4
116,35,1
117,35,1
118,35,5
119,35,4
120,35,5
121,35,2
122,35,4
123,35,2
124,35,2
125,35,3
126,35,4
127,35,5
128,35,2
129,35,5
130,35,4
131,35,2
132,35,4
133,35,2
134,35,1
135,35,5
136,35,4
137,35,5
138,35,3
139,35,4
140,35,2
141,35,3
142,35,1
143,35,5
144,35,2
145,35,5
146,35,2
147,35,3
148,35,1
149,35,2
150,35,5
151,35,5
152,35,2
153,35,1
154,35,2
155,35,5
156,35,1
157,35,5
158,35,2
159,35,1
160,35,3
161,35,4
162,35,3
163,35,5
164,35,3
165,35,5
166,35,3
167,35,3
168,35,2
169,35,3
170,35,3
171,35,2
172,35,2
173,35,1
174,35,5
175,35,3
176,35,3
177,35,2
178,35,5
179,35,3
180,35,5
181,35,4
182,35,3
183,35,4
184,35,4
185,35,2
186,35,1
187,35,3
188,35,5
189,35,2
190,35,5
191,35,4
192,35,5
193,35,5
194,35,2
195,35,2
196,35,4
197,35,3
198,35,5
199,35,3
200,35,3
201,35,3
202,35,3
203,35,3
204,35,5
205,35,2
206,35,4
207,35,3
208,35,3
209,35,2
210,35,4
211,35,4
212,35,4
213,35,5
214,35,5
215,35,1
216,35,4
217,35,1
218,35,3
219,35,1
220,35,4
221,35,4
222,35,1
223,35,5
224,35,1
225,35,5
226,35,3
227,35,2
228,35,4
229,35,2
230,35,3
231,35,3
232,35,5
233,35,3
234,35,5
235,35,3
236,35,3
237,35,3
238,35,3
239,35,3
240,35,2
241,35,5
242,35,5
243,35,4
244,35,4
245,35,5
246,35,5
247,35,3
248,35,4
249,35,3
250,35,2
1,36,3
2,36,1
3,36,3
4,36,5
5,36,4
6,36,1
7,36,2
8,36,5
9,36,5
10,36,4
11,36,2
12,36,1
13,36,3
14,36,2
15,36,3
16,36,5
17,36,3
18,36,5
19,36,3
20,36,4
21,36,2
22,36,4
23,36,3
24,36,4
25,36,5
26,36,5
27,36,5
28,36,5
29,36,3
30,36,2
31,36,5
32,36,4
33,36,5
34,36,2
35,36,3
36,36,3
37,36,5
38,36,3
39,36,4
40,36,2
41,36,4
42,36,4
43,36,2
44,36,3
45,36,5
46,36,5
47,36,5
48,36,2
49,36,2
50,36,5
51,36,5
52,36,5
53,36,2
54,36,5
55,36,2
56,36,3
57,36,2
58,36,1
59,36,3
60,36,2
61,36,3
62,36,4
63,36,5
64,36,2
65,36,2
66,36,1
67,36,4
68,36,3
69,36,2
70,36,4
71,36,2
72,36,2
73,36,3
74,36,5
75,36,1
76,36,2
77,36,1
78,36,5
79,36,2
80,36,3
81,36,5
82,36,3
83,36,5
84,36,4
85,36,1
86,36,3
87,36,3
88,36,1
89,36,1
90,36,1
91,36,1
92,36,3
93,36,1
94,36,5
95,36,5
96,36,5
97,36,1
98,36,5
99,36,2
100,36,4
101,36,3
102,36,3
103,36,4
104,36,5
105,36,3
106,36,2
107,36,1
108,36,2
109,36,3
110,36,2
111,36,5
112,36,4
113,36,5
114,36,5
115,36,2
116,36,4
117,36,5
118,36,3
119,36,3
120,36,3
121,36,1
122,36,5
123,36,2
124,36,5
125,36,4
126,36,3
127,36,4
128,36,2
129,36,2
130,36,5
131,36,1
132,36,2
133,36,4
134,36,1
135,36,3
136,36,3
137,36,3
138,36,5
139,36,3
140,36,5
141,36,5
142,36,5
143,36,1
144,36,1
145,36,1
146,36,5
147,36,1
148,36,4
149,36,5
150,36,3
151,36,1
152,36,1
153,36,4
154,36,2
155,36,1
156,36,1
157,36,3
158,36,5
159,36,5
160,36,4
161,36,2
162,36,2
163,36,2
164,36,4
165,36,2
166,36,5
167,36,1
168,36,5
169,36,2
170,36,1
171,36,1
172,36,4
173,36,1
174,36,3
175,36,2
176,36,5
177,36,1
178,36,3
179,36,1
180,36,2
181,36,4
182,36,1
183,36,4
184,36,1
185,36,4
186,36,1
187,36,5
188,36,2
189,36,1
190,36,2
191,36,4
192,36,3
193,36,3
194,36,4
195,36,1
196,36,4
197,36,1
198,36,3
199,36,2
200,36,5
201,36,2
202,36,4
203,36,1
204,36,5
205,36,5
206,36,4
207,36,2
208,36,1
209,36,2
210,36,1
211,36,5
212,36,3
213,36,2
214,36,2
215,36,1
216,36,3
217,36,4
218,36,1
219,36,2
220,36,2
221,36,4
222,36,1
223,36,3
224,36,5
225,36,2
226,36,1
227,36,1
228,36,5
229,36,1
230,36,2
231,36,4
232,36,3
233,36,5
234,36,2
235,36,2
236,36,1
237,36,1
238,36,4
239,36,2
240,36,5
241,36,1
242,36,2
243,36,5
244,36,3
245,36,3
246,36,2
247,36,2
248,36,3
249,36,1
250,36,1
1,37,1
2,37,2
3,37,2
4,37,5
5,37,4
6,37,3
7,37,3
8,37,4
9,37,4
10,37,4
11,37,3
12,37,2
13,37,2
14,37,1
15,37,3
16,37,5
17,37,3
18,37,5
19,37,3
20,37,5
21,37,1
22,37,4
23,37,2
24,37,5
25,37,5
26,37,5
27,37,5
28,37,5
29,37,2
30,37,1
31,37,4
32,37,5
33,37,4
34,37,1
35,37,3
36,37,3
37,37,5
38,37,1
39,37,4
40,37,2
41,37,4
42,37,4
43,37,1
44,37,3
45,37,5
46,37,4
47,37,5
48,37,1
49,37,3
50,37,4
51,37,4
52,37,5
53,37,3
54,37,5
55,37,1
56,37,1
57,37,3
58,37,3
59,37,2
60,37,3
61,37,3
62,37,5
63,37,5
64,37,1
65,37,1
66,37,1
67,37,5
68,37,2
69,37,2
70,37,5
71,37,1
72,37,1
73,37,3
74,37,4
75,37,1
76,37,3
77,37,1
78,37,4
79,37,1
80,37,3
81,37,5
82,37,3
83,37,4
84,37,5
85,37,2
86,37,3
87,37,3
88,37,1
89,37,1
90,37,2
91,37,1
92,37,3
93,37,1
94,37,5
95,37,4
96,37,5
97,37,2
98,37,5
99,37,2
100,37,5
101,37,2
102,37,2
103,37,5
104,37,5
105,37,2
106,37,3
107,37,1
108,37,1
109,37,2
110,37,2
111,37,4
112,37,4
113,37,5
114,37,5
115,37,3
116,37,5
117,37,4
118,37,2
119,37,1
120,37,3
121,37,2
122,37,5
123,37,1
124,37,5
125,37,4
126,37,3
127,37,5
128,37,1
129,37,3
130,37,4
131,37,2
132,37,2
133,37,5
134,37,1
135,37,3
136,37,3
137,37,3
138,37,5
139,37,3
140,37,5
141,37,5
142,37,5
143,37,3
144,37,1
145,37,3
146,37,5
147,37,1
148,37,4
149,37,5
150,37,2
151,37,1
152,37,1
153,37,4
154,37,1
155,37,3
156,37,1
157,37,2
158,37,4
159,37,5
160,37,5
161,37,3
162,37,1
163,37,1
164,37,5
165,37,2
166,37,4
167,37,1
168,37,4
169,37,1
170,37,1
171,37,2
172,37,4
173,37,2
174,37,2
175,37,1
176,37,5
177,37,1
178,37,2
179,37,1
180,37,2
181,37,4
182,37,1
183,37,5
184,37,3
185,37,4
186,37,1
187,37,5
188,37,2
189,37,2
190,37,1
191,37,4
192,37,3
193,37,3
194,37,4
195,37,1
196,37,5
197,37,1
198,37,2
199,37,1
200,37,5
201,37,1
202,37,4
203,37,1
204,37,5
205,37,5
206,37,5
207,37,1
208,37,1
209,37,2
210,37,2
211,37,5
212,37,1
213,37,1
214,37,2
215,37,1
216,37,1
217,37,5
218,37,1
219,37,2
220,37,3
221,37,4
222,37,1
223,37,2
224,37,5
225,37,3
226,37,2
227,37,1
228,37,4
229,37,1
230,37,1
231,37,5
232,37,2
233,37,5
234,37,3
235,37,1
236,37,1
237,37,2
238,37,5
239,37,2
240,37,4
241,37,2
242,37,2
243,37,5
244,37,3
245,37,3
246,37,3
247,37,1
248,37,2
249,37,1
250,37,1
1,38,4
2,38,3
3,38,4
4,38,3
5,38,4
6,38,5
7,38,4
8,38,2
9,38,3
10,38,2
11,38,5
12,38,2
13,38,4
14,38,1
15,38,4
16,38,3
17,38,4
18,38,3
19,38,4
20,38,4
21,38,5
22,38,4
23,38,5
24,38,1
25,38,4
26,38,3
27,38,3
28,38,4
29,38,5
30,38,4
31,38,1
32,38,1
33,38,4
34,38,3
35,38,5
36,38,5
37,38,2
38,38,4
39,38,5
40,38,5
41,38,2
42,38,1
43,38,3
44,38,4
45,38,4
46,38,3
47,38,5
48,38,3
49,38,5
50,38,4
51,38,4
52,38,2
53,38,4
54,38,4
55,38,2
56,38,5
57,38,5
58,38,5
59,38,5
60,38,4
61,38,5
62,38,3
63,38,3
64,38,5
65,38,1
66,38,3
67,38,4
68,38,4
69,38,4
70,38,2
71,38,2
72,38,5
73,38,5
74,38,4
75,38,1
76,38,5
77,38,5
78,38,2
79,38,2
80,38,5
81,38,4
82,38,5
83,38,3
84,38,4
85,38,3
86,38,5
87,38,4
88,38,3
89,38,3
90,38,4
91,38,1
92,38,4
93,38,2
94,38,3
95,38,2
96,38,3
97,38,3
98,38,1
99,38,2
100,38,1
101,38,4
102,38,4
103,38,4
104,38,2
105,38,5
106,38,4
107,38,3
108,38,3
109,38,4
110,38,5
111,38,4
112,38,4
113,38,3
114,38,2
115,38,4
116,38,2
117,38,3
118,38,5
119,38,5
120,38,5
121,38,1
122,38,4
123,38,3
124,38,4
125,38,3
126,38,5
127,38,4
128,38,3
129,38,5
130,38,5
131,38,3
132,38,5
133,38,3
134,38,2
135,38,5
136,38,5
137,38,4
138,38,4
139,38,4
140,38,3
141,38,4
142,38,3
143,38,4
144,38,3
145,38,5
146,38,3
147,38,2
148,38,1
149,38,2
150,38,4
151,38,5
152,38,1
153,38,3
154,38,1
155,38,5
156,38,3
157,38,5
158,38,5
159,38,2
160,38,1
161,38,4
162,38,3
163,38,5
164,38,1
165,38,4
166,38,4
167,38,3
168,38,3
169,38,2
170,38,2
171,38,3
172,38,3
173,38,2
174,38,5
175,38,2
176,38,1
177,38,2
178,38,4
179,38,3
180,38,5
181,38,3
182,38,3
183,38,4
184,38,4
185,38,2
186,38,2
187,38,1
188,38,4
189,38,3
190,38,5
191,38,3
192,38,5
193,38,5
194,38,1
195,38,2
196,38,5
197,38,3
198,38,4
199,38,2
200,38,3
201,38,3
202,38,4
203,38,3
204,38,4
205,38,3
206,38,1
207,38,2
208,38,1
209,38,2
210,38,4
211,38,3
212,38,4
213,38,5
214,38,4
215,38,3
216,38,4
217,38,3
218,38,2
219,38,2
220,38,4
221,38,2
222,38,3
223,38,5
224,38,4
225,38,5
226,38,3
227,38,3
228,38,3
229,38,3
230,38,3
231,38,4
232,38,5
233,38,3
234,38,5
235,38,2
236,38,1
237,38,3
238,38,4
239,38,1
240,38,3
241,38,4
242,38,5
243,38,3
244,38,4
245,38,4
246,38,5
247,38,2
248,38,4
249,38,2
250,38,1
1,39,2
2,39,1
3,39,2
4,39,4
5,39,5
6,39,3
7,39,2
8,39,5
9,39,5
10,39,5
11,39,3
12,39,1
13,39,1
14,39,1
15,39,2
16,39,5
17,39,2
18,39,5
19,39,2
20,39,4
21,39,3
22,39,4
23,39,1
24,39,5
25,39,4
26,39,5
27,39,5
28,39,5
29,39,1
30,39,3
31,39,4
32,39,5
33,39,4
34,39,1
35,39,2
36,39,2
37,39,5
38,39,2
39,39,5
40,39,3
41,39,4
42,39,5
43,39,1
44,39,2
45,39,4
46,39,4
47,39,5
48,39,2
49,39,2
50,39,4
51,39,4
52,39,5
53,39,2
54,39,4
55,39,1
56,39,2
57,39,3
58,39,3
59,39,1
60,39,2
61,39,2
62,39,5
63,39,4
64,39,2
65,39,1
66,39,1
67,39,4
68,39,3
69,39,2
70,39,5
71,39,2
72,39,3
73,39,3
74,39,5
75,39,2
76,39,1
77,39,3
78,39,5
79,39,1
80,39,2
81,39,5
82,39,3
83,39,5
84,39,5
85,39,1
86,39,3
87,39,2
88,39,1
89,39,1
90,39,3
91,39,2
92,39,2
93,39,1
94,39,4
95,39,5
96,39,5
97,39,1
98,39,4
99,39,1
100,39,5
101,39,3
102,39,1
103,39,5
104,39,5
105,39,2
106,39,3
107,39,2
108,39,1
109,39,2
110,39,1
111,39,5
112,39,4
113,39,5
114,39,4
115,39,1
116,39,4
117,39,4
118,39,3
119,39,1
120,39,3
121,39,1
122,39,4
123,39,1
124,39,5
125,39,5
126,39,3
127,39,4
128,39,1
129,39,1
130,39,4
131,39,2
132,39,2
133,39,4
134,39,2
135,39,3
136,39,2
137,39,2
138,39,5
139,39,3
140,39,5
141,39,4
142,39,4
143,39,1
144,39,1
145,39,3
146,39,5
147,39,1
148,39,5
149,39,4
150,39,2
151,39,2
152,39,1
153,39,5
154,39,2
155,39,1
156,39,2
157,39,1
158,39,5
159,39,4
160,39,4
161,39,1
162,39,1
163,39,3
164,39,4
165,39,2
166,39,4
167,39,1
168,39,5
169,39,2
170,39,2
171,39,2
172,39,5
173,39,2
174,39,1
175,39,2
176,39,5
177,39,2
178,39,3
179,39,1
180,39,3
181,39,5
182,39,1
183,39,4
184,39,3
185,39,5
186,39,1
187,39,4
188,39,3
189,39,1
190,39,1
191,39,4
192,39,3
193,39,3
194,39,4
195,39,2
196,39,5
197,39,2
198,39,1
199,39,2
200,39,4
201,39,2
202,39,5
203,39,2
204,39,5
205,39,4
206,39,5
207,39,2
208,39,2
209,39,1
210,39,3
211,39,5
212,39,3
213,39,3
214,39,3
215,39,2
216,39,2
217,39,4
218,39,2
219,39,2
220,39,2
221,39,4
222,39,1
223,39,2
224,39,5
225,39,3
226,39,2
227,39,1
228,39,5
229,39,1
230,39,1
231,39,5
232,39,3
233,39,5
234,39,2
235,39,1
236,39,2
237,39,1
238,39,4
239,39,1
240,39,4
241,39,2
242,39,3
243,39,4
244,39,3
245,39,2
246,39,2
247,39,1
248,39,1
249,39,1
250,39,2
1,40,2
2,40,2
3,40,2
4,40,5
5,40,4
6,40,3
7,40,2
8,40,5
9,40,5
10,40,4
11,40,2
12,40,1
13,40,2
14,40,2
15,40,3
16,40,5
17,40,2
18,40,5
19,40,3
20,40,5
21,40,3
22,40,5
23,40,3
24,40,4
25,40,4
26,40,5
27,40,4
28,40,5
29,40,3
30,40,3
31,40,5
32,40,5
33,40,4
34,40,1
35,40,3
36,40,2
37,40,4
38,40,1
39,40,4
40,40,3
41,40,5
42,40,5
43,40,2
44,40,3
45,40,4
46,40,4
47,40,5
48,40,1
49,40,3
50,40,4
51,40,5
52,40,4
53,40,3
54,40,5
55,40,1
56,40,1
57,40,1
58,40,2
59,40,1
60,40,3
61,40,2
62,40,5
63,40,4
64,40,2
65,40,1
66,40,1
67,40,4
68,40,3
69,40,1
70,40,4
71,40,2
72,40,2
73,40,2
74,40,5
75,40,2
76,40,2
77,40,3
78,40,5
79,40,2
80,40,3
81,40,5
82,40,3
83,40,4
84,40,5
85,40,1
86,40,3
87,40,2
88,40,2
89,40,1
90,40,3
91,40,2
92,40,3
93,40,1
94,40,5
95,40,5
96,40,4
97,40,1
98,40,4
99,40,1
100,40,4
101,40,3
102,40,2
103,40,5
104,40,5
105,40,2
106,40,1
107,40,1
108,40,1
109,40,2
110,40,1
111,40,5
112,40,4
113,40,4
114,40,4
115,40,2
116,40,4
117,40,5
118,40,3
119,40,2
120,40,3
121,40,1
122,40,5
123,40,2
124,40,5
125,40,4
126,40,2
127,40,5
128,40,1
129,40,3
130,40,5
131,40,1
132,40,3
133,40,4
134,40,1
135,40,2
136,40,2
137,40,3
138,40,4
139,40,2
140,40,5
141,40,5
142,40,4
143,40,3
144,40,1
145,40,2
146,40,4
147,40,2
148,40,4
149,40,5
150,40,3
151,40,3
152,40,1
153,40,4
154,40,1
155,40,1
156,40,1
157,40,2
158,40,5
159,40,5
160,40,4
161,40,3
162,40,1
163,40,3
164,40,5
165,40,3
166,40,5
167,40,1
168,40,5
169,40,1
170,40,2
171,40,1
172,40,5
173,40,2
174,40,1
175,40,1
176,40,5
177,40,2
178,40,2
179,40,1
180,40,2
181,40,5
182,40,2
183,40,5
184,40,3
185,40,5
186,40,2
187,40,4
188,40,2
189,40,1
190,40,3
191,40,5
192,40,3
193,40,2
194,40,5
195,40,1
196,40,5
197,40,2
198,40,2
199,40,1
200,40,5
201,40,1
202,40,4
203,40,1
204,40,5
205,40,5
206,40,4
207,40,1
208,40,1
209,40,1
210,40,3
211,40,5
212,40,3
213,40,3
214,40,3
215,40,2
216,40,1
217,40,5
218,40,1
219,40,1
220,40,2
221,40,5
222,40,1
223,40,3
224,40,4
225,40,2
226,40,2
227,40,1
228,40,4
229,40,2
230,40,1
231,40,5
232,40,2
233,40,4
234,40,3
235,40,1
236,40,1
237,40,1
238,40,5
239,40,1
240,40,5
241,40,2
242,40,3
243,40,5
244,40,3
245,40,3
246,40,2
247,40,1
248,40,3
249,40,1
250,40,1
1,41,3
2,41,1
3,41,3
4,41,4
5,41,4
6,41,2
7,41,1
8,41,4
9,41,5
10,41,4
11,41,2
12,41,1
13,41,3
14,41,1
15,41,2
16,41,5
17,41,2
18,41,4
19,41,3
20,41,5
21,41,3
22,41,5
23,41,2
24,41,5
25,41,5
26,41,5
27,41,5
28,41,5
29,41,3
30,41,3
31,41,5
32,41,5
33,41,5
34,41,1
35,41,2
36,41,3
37,41,4
38,41,3
39,41,4
40,41,1
41,41,5
42,41,5
43,41,1
44,41,3
45,41,4
46,41,5
47,41,4
48,41,2
49,41,2
50,41,5
51,41,5
52,41,5
53,41,1
54,41,4
55,41,1
56,41,3
57,41,3
58,41,2
59,41,2
60,41,3
61,41,3
62,41,4
63,41,4
64,41,2
65,41,1
66,41,1
67,41,4
68,41,3
69,41,2
70,41,4
71,41,1
72,41,3
73,41,2
74,41,5
75,41,2
76,41,3
77,41,2
78,41,5
79,41,1
80,41,3
81,41,5
82,41,3
83,41,5
84,41,5
85,41,1
86,41,3
87,41,3
88,41,1
89,41,1
90,41,3
91,41,2
92,41,2
93,41,2
94,41,5
95,41,4
96,41,5
97,41,1
98,41,4
99,41,1
100,41,5
101,41,2
102,41,2
103,41,4
104,41,4
105,41,3
106,41,2
107,41,1
108,41,2
109,41,3
110,41,3
111,41,5
112,41,5
113,41,5
114,41,5
115,41,1
116,41,4
117,41,4
118,41,2
119,41,1
120,41,2
121,41,2
122,41,5
123,41,1
124,41,5
125,41,5
126,41,2
127,41,5
128,41,2
129,41,2
130,41,5
131,41,2
132,41,2
133,41,4
134,41,2
135,41,3
136,41,3
137,41,2
138,41,5
139,41,3
140,41,5
141,41,4
142,41,4
143,41,1
144,41,2
145,41,3
146,41,5
147,41,1
148,41,5
149,41,5
150,41,2
151,41,2
152,41,2
153,41,5
154,41,2
155,41,3
156,41,1
157,41,2
158,41,4
159,41,5
160,41,5
161,41,1
162,41,1
163,41,2
164,41,4
165,41,3
166,41,5
167,41,2
168,41,5
169,41,1
170,41,1
171,41,1
172,41,4
173,41,1
174,41,3
175,41,2
176,41,4
177,41,1
178,41,2
179,41,1
180,41,2
181,41,5
182,41,1
183,41,5
184,41,2
185,41,4
186,41,1
187,41,4
188,41,3
189,41,1
190,41,3
191,41,5
192,41,3
193,41,3
194,41,4
195,41,1
196,41,4
197,41,1
198,41,1
199,41,2
200,41,5
201,41,1
202,41,5
203,41,1
204,41,4
205,41,5
206,41,4
207,41,1
208,41,2
209,41,1
210,41,2
211,41,4
212,41,1
213,41,3
214,41,2
215,41,1
216,41,3
217,41,5
218,41,1
219,41,1
220,41,3
221,41,5
222,41,2
223,41,1
224,41,5
225,41,2
226,41,1
227,41,1
228,41,4
229,41,1
230,41,2
231,41,5
232,41,3
233,41,4
234,41,2
235,41,1
236,41,1
237,41,2
238,41,5
239,41,1
240,41,5
241,41,3
242,41,3
243,41,5
244,41,3
245,41,3
246,41,3
247,41,1
248,41,3
249,41,1
250,41,1
1,42,3
2,42,1
3,42,3
4,42,5
5,42,5
6,42,3
7,42,3
8,42,4
9,42,4
10,42,5
11,42,1
12,42,1
13,42,2
14,42,1
15,42,2
16,42,5
17,42,2
18,42,5
19,42,3
20,42,5
21,42,2
22,42,4
23,42,3
24,42,5
25,42,5
26,42,5
27,42,5
28,42,5
29,42,3
30,42,1
31,42,5
32,42,4
33,42,4
34,42,1
35,42,3
36,42,2
37,42,5
38,42,3
39,42,5
40,42,2
41,42,4
42,42,5
43,42,1
44,42,2
45,42,4
46,42,4
47,42,5
48,42,2
49,42,3
50,42,5
51,42,5
52,42,5
53,42,3
54,42,5
55,42,2
56,42,3
57,42,1
58,42,3
59,42,2
60,42,3
61,42,3
62,42,5
63,42,5
64,42,3
65,42,1
66,42,1
67,42,4
68,42,3
69,42,3
70,42,5
71,42,1
72,42,2
73,42,3
74,42,5
75,42,2
76,42,3
77,42,3
78,42,4
79,42,1
80,42,3
81,42,5
82,42,1
83,42,4
84,42,5
85,42,1
86,42,2
87,42,2
88,42,1
89,42,1
90,42,3
91,42,1
92,42,3
93,42,1
94,42,4
95,42,4
96,42,4
97,42,1
98,42,4
99,42,2
100,42,5
101,42,3
102,42,2
103,42,4
104,42,5
105,42,3
106,42,3
107,42,1
108,42,1
109,42,3
110,42,2
111,42,5
112,42,4
113,42,4
114,42,5
115,42,1
116,42,5
117,42,4
118,42,3
119,42,2
120,42,3
121,42,2
122,42,5
123,42,2
124,42,5
125,42,5
126,42,3
127,42,4
128,42,1
129,42,2
130,42,5
131,42,1
132,42,3
133,42,4
134,42,1
135,42,2
136,42,3
137,42,2
138,42,5
139,42,3
140,42,5
141,42,5
142,42,4
143,42,3
144,42,2
145,42,3
146,42,4
147,42,2
148,42,4
149,42,4
150,42,3
151,42,3
152,42,1
153,42,4
154,42,2
155,42,2
156,42,1
157,42,3
158,42,4
159,42,5
160,42,5
161,42,1
162,42,1
163,42,3
164,42,5
165,42,2
166,42,4
167,42,2
168,42,5
169,42,2
170,42,1
171,42,2
172,42,4
173,42,1
174,42,3
175,42,1
176,42,4
177,42,2
178,42,3
179,42,1
180,42,2
181,42,4
182,42,1
183,42,5
184,42,1
185,42,5
186,42,1
187,42,4
188,42,3
189,42,1
190,42,1
191,42,5
192,42,3
193,42,1
194,42,4
195,42,2
196,42,5
197,42,1
198,42,3
199,42,1
200,42,4
201,42,1
202,42,4
203,42,1
204,42,4
205,42,5
206,42,5
207,42,1
208,42,2
209,42,1
210,42,2
211,42,5
212,42,2
213,42,3
214,42,3
215,42,2
216,42,2
217,42,4
218,42,2
219,42,1
220,42,3
221,42,4
222,42,1
223,42,3
224,42,5
225,42,2
226,42,1
227,42,1
228,42,5
229,42,1
230,42,1
231,42,4
232,42,3
233,42,4
234,42,2
235,42,1
236,42,1
237,42,2
238,42,5
239,42,1
240,42,5
241,42,3
242,42,2
243,42,4
244,42,3
245,42,2
246,42,3
247,42,1
248,42,3
249,42,1
250,42,1
1,43,5
2,43,3
3,43,5
4,43,3
5,43,3
6,43,5
7,43,5
8,43,5
9,43,3
10,43,5
11,43,4
12,43,3
13,43,5
14,43,2
15,43,5
16,43,1
17,43,4
18,43,4
19,43,5
20,43,4
21,43,4
22,43,4
23,43,4
24,43,3
25,43,1
26,43,3
27,43,5
28,43,3
29,43,4
30,43,5
31,43,5
32,43,3
33,43,4
34,43,3
35,43,4
36,43,4
37,43,3
38,43,4
39,43,5
40,43,5
41,43,2
42,43,2
43,43,3
44,43,5
45,43,4
46,43,1
47,43,4
48,43,2
49,43,4
50,43,1
51,43,3
52,43,4
53,43,5
54,43,4
55,43,3
56,43,4
57,43,4
58,43,4
59,43,4
60,43,4
61,43,4
62,43,1
63,43,3
64,43,5
65,43,2
66,43,2
67,43,3
68,43,5
69,43,4
70,43,2
71,43,2
72,43,4
73,43,4
74,43,4
75,43,2
76,43,5
77,43,4
78,43,3
79,43,3
80,43,4
81,43,3
82,43,5
83,43,4
84,43,2
85,43,2
86,43,5
87,43,4
88,43,3
89,43,2
90,43,5
91,43,1
92,43,5
93,43,2
94,43,4
95,43,2
96,43,4
97,43,2
98,43,3
99,43,2
100,43,3
101,43,5
102,43,4
103,43,3
104,43,4
105,43,5
106,43,4
107,43,3
108,43,3
109,43,5
110,43,4
111,43,2
112,43,3
113,43,1
114,43,3
115,43,4
116,43,2
117,43,3
118,43,4
119,43,4
120,43,5
121,43,2
122,43,3
123,43,1
124,43,3
125,43,4
126,43,4
127,43,3
128,43,3
129,43,4
130,43,4
131,43,2
132,43,5
133,43,2
134,43,3
135,43,5
136,43,5
137,43,5
138,43,4
139,43,5
140,43,3
141,43,4
142,43,3
143,43,4
144,43,1
145,43,4
146,43,2
147,43,3
148,43,2
149,43,4
150,43,4
151,43,4
152,43,3
153,43,5
154,43,1
155,43,4
156,43,2
157,43,5
158,43,3
159,43,3
160,43,2
161,43,4
162,43,3
163,43,5
164,43,3
165,43,5
166,43,2
167,43,1
168,43,2
169,43,2
170,43,2
171,43,3
172,43,2
173,43,3
174,43,4
175,43,3
176,43,4
177,43,3
178,43,5
179,43,3
180,43,5
181,43,1
182,43,3
183,43,4
184,43,5
185,43,3
186,43,1
187,43,2
188,43,5
189,43,1
190,43,5
191,43,3
192,43,4
193,43,4
194,43,4
195,43,3
196,43,3
197,43,3
198,43,4
199,43,2
200,43,3
201,43,1
202,43,3
203,43,2
204,43,3
205,43,4
206,43,2
207,43,2
208,43,1
209,43,3
210,43,4
211,43,1
212,43,5
213,43,4
214,43,4
215,43,1
216,43,4
217,43,3
218,43,3
219,43,3
220,43,5
221,43,5
222,43,3
223,43,5
224,43,1
225,43,4
226,43,3
227,43,3
228,43,2
229,43,1
230,43,2
231,43,2
232,43,5
233,43,4
234,43,4
235,43,1
236,43,2
237,43,3
238,43,5
239,43,1
240,43,5
241,43,5
242,43,4
243,43,3
244,43,4
245,43,4
246,43,4
247,43,3
248,43,5
249,43,3
250,43,3
1,44,5
2,44,3
3,44,5
4,44,2
5,44,3
6,44,4
7,44,5
8,44,3
9,44,4
10,44,3
11,44,5
12,44,3
13,44,4
14,44,2
15,44,4
16,44,4
17,44,5
18,44,4
19,44,4
20,44,3
21,44,4
22,44,2
23,44,4
24,44,4
25,44,3
26,44,4
27,44,4
28,44,4
29,44,4
30,44,4
31,44,4
32,44,2
33,44,2
34,44,3
35,44,4
36,44,4
37,44,4
38,44,5
39,44,3
40,44,4
41,44,4
42,44,3
43,44,3
44,44,5
45,44,4
46,44,3
47,44,4
48,44,1
49,44,4
50,44,2
51,44,3
52,44,4
53,44,5
54,44,2
55,44,2
56,44,5
57,44,5
58,44,5
59,44,4
60,44,4
61,44,5
62,44,3
63,44,2
64,44,5
65,44,1
66,44,2
67,44,4
68,44,5
69,44,4
70,44,1
71,44,2
72,44,4
73,44,4
74,44,3
75,44,3
76,44,5
77,44,4
78,44,3
79,44,2
80,44,5
81,44,4
82,44,5
83,44,3
84,44,4
85,44,3
86,44,5
87,44,4
88,44,3
89,44,2
90,44,4
91,44,3
92,44,5
93,44,3
94,44,3
95,44,1
96,44,2
97,44,2
98,44,1
99,44,1
100,44,3
101,44,5
102,44,4
103,44,1
104,44,2
105,44,4
106,44,5
107,44,3
108,44,2
109,44,4
110,44,5
111,44,3
112,44,4
113,44,3
114,44,2
115,44,4
116,44,2
117,44,3
118,44,5
119,44,5
120,44,5
121,44,3
122,44,3
123,44,2
124,44,2
125,44,4
126,44,5
127,44,1
128,44,3
129,44,5
130,44,3
131,44,3
132,44,5
133,44,3
134,44,3
135,44,5
136,44,5
137,44,5
138,44,4
139,44,5
140,44,5
141,44,3
142,44,3
143,44,5
144,44,3
145,44,5
146,44,2
147,44,1
148,44,3
149,44,2
150,44,5
151,44,5
152,44,3
153,44,3
154,44,2
155,44,5
156,44,2
157,44,4
158,44,5
159,44,4
160,44,3
161,44,4
162,44,3
163,44,5
164,44,5
165,44,4
166,44,2
167,44,1
168,44,1
169,44,2
170,44,2
171,44,3
172,44,1
173,44,3
174,44,5
175,44,3
176,44,3
177,44,2
178,44,5
179,44,2
180,44,5
181,44,2
182,44,3
183,44,3
184,44,4
185,44,3
186,44,1
187,44,3
188,44,4
189,44,3
190,44,5
191,44,2
192,44,4
193,44,5
194,44,3
195,44,2
196,44,4
197,44,3
198,44,4
199,44,3
200,44,3
201,44,2
202,44,2
203,44,2
204,44,2
205,44,4
206,44,3
207,44,3
208,44,1
209,44,2
210,44,5
211,44,2
212,44,4
213,44,5
214,44,5
215,44,3
216,44,4
217,44,4
218,44,3
219,44,2
220,44,4
221,44,5
222,44,3
223,44,5
224,44,4
225,44,5
226,44,2
227,44,3
228,44,3
229,44,3
230,44,3
231,44,3
232,44,5
233,44,3
234,44,5
235,44,1
236,44,3
237,44,2
238,44,1
239,44,3
240,44,3
241,44,4
242,44,4
243,44,4
244,44,5
245,44,5
246,44,5
247,44,1
248,44,5
249,44,2
250,44,1
1,45,4
2,45,2
3,45,5
4,45,1
5,45,2
6,45,5
7,45,5
8,45,1
9,45,3
10,45,4
11,45,4
12,45,3
13,45,4
14,45,2
15,45,5
16,45,5
17,45,4
18,45,2
19,45,5
20,45,4
21,45,5
22,45,4
23,45,5
24,45,2
25,45,3
26,45,2
27,45,2
28,45,4
29,45,5
30,45,5
31,45,3
32,45,3
33,45,4
34,45,2
35,45,5
36,45,5
37,45,3
38,45,5
39,45,2
40,45,5
41,45,4
42,45,2
43,45,1
44,45,5
45,45,4
46,45,4
47,45,5
48,45,3
49,45,4
50,45,2
51,45,3
52,45,3
53,45,4
54,45,4
55,45,1
56,45,5
57,45,4
58,45,5
59,45,5
60,45,5
61,45,4
62,45,1
63,45,1
64,45,4
65,45,3
66,45,3
67,45,1
68,45,5
69,45,4
70,45,2
71,45,3
72,45,4
73,45,5
74,45,4
75,45,2
76,45,5
77,45,4
78,45,5
79,45,3
80,45,5
81,45,3
82,45,5
83,45,2
84,45,4
85,45,2
86,45,5
87,45,5
88,45,3
89,45,1
90,45,4
91,45,2
92,45,5
93,45,3
94,45,1
95,45,1
96,45,4
97,45,1
98,45,3
99,45,3
100,45,4
101,45,5
102,45,4
103,45,4
104,45,3
105,45,5
106,45,4
107,45,3
108,45,2
109,45,4
110,45,4
111,45,3
112,45,3
113,45,3
114,45,1
115,45,4
116,45,3
117,45,3
118,45,5
119,45,5
120,45,5
121,45,2
122,45,2
123,45,3
124,45,3
125,45,5
126,45,5
127,45,3
128,45,2
129,45,5
130,45,4
131,45,3
132,45,5
133,45,3
134,45,3
135,45,5
136,45,4
137,45,4
138,45,5
139,45,5
140,45,1
141,45,1
142,45,4
143,45,5
144,45,2
145,45,5
146,45,2
147,45,3
148,45,1
149,45,2
150,45,5
151,45,4
152,45,2
153,45,2
154,45,3
155,45,5
156,45,3
157,45,5
158,45,4
159,45,2
160,45,3
161,45,4
162,45,2
163,45,4
164,45,3
165,45,4
166,45,3
167,45,2
168,45,1
169,45,3
170,45,3
171,45,1
172,45,2
173,45,3
174,45,4
175,45,1
176,45,3
177,45,3
178,45,5
179,45,2
180,45,4
181,45,4
182,45,1
183,45,1
184,45,4
185,45,3
186,45,3
187,45,3
188,45,5
189,45,3
190,45,5
191,45,1
192,45,5
193,45,5
194,45,3
195,45,1
196,45,3
197,45,3
198,45,5
199,45,3
200,45,3
201,45,2
202,45,4
203,45,3
204,45,4
205,45,5
206,45,2
207,45,1
208,45,2
209,45,3
210,45,4
211,45,4
212,45,4
213,45,4
214,45,5
215,45,3
216,45,5
217,45,3
218,45,3
219,45,3
220,45,4
221,45,2
222,45,3
223,45,4
224,45,3
225,45,4
226,45,3
227,45,1
228,45,2
229,45,1
230,45,1
231,45,3
232,45,5
233,45,2
234,45,4
235,45,2
236,45,1
237,45,1
238,45,2
239,45,3
240,45,3
241,45,4
242,45,5
243,45,4
244,45,4
245,45,4
246,45,4
247,45,2
248,45,4
249,45,1
250,45,3
1,46,5
2,46,2
3,46,4
4,46,3
5,46,3
6,46,4
7,46,4
8,46,3
9,46,2
10,46,1
11,46,4
12,46,1
13,46,4
14,46,2
15,46,5
16,46,4
17,46,5
18,46,3
19,46,4
20,46,2
21,46,4
22,46,3
23,46,4
24,46,1
25,46,3
26,46,2
27,46,2
28,46,2
29,46,5
30,46,5
31,46,4
32,46,3
33,46,3
34,46,3
35,46,5
36,46,5
37,46,4
38,46,5
39,46,1
40,46,5
41,46,2
42,46,4
43,46,1
44,46,5
45,46,2
46,46,4
47,46,5
48,46,2
49,46,4
50,46,2
51,46,2
52,46,2
53,46,4
54,46,4
55,46,3
56,46,5
57,46,5
58,46,5
59,46,5
60,46,5
61,46,5
62,46,2
63,46,5
64,46,4
65,46,2
66,46,1
67,46,5
68,46,5
69,46,4
70,46,3
71,46,2
72,46,4
73,46,5
74,46,4
75,46,3
76,46,5
77,46,5
78,46,3
79,46,3
80,46,4
81,46,4
82,46,4
83,46,2
84,46,3
85,46,1
86,46,5
87,46,5
88,46,2
89,46,3
90,46,4
91,46,3
92,46,5
93,46,3
94,46,3
95,46,2
96,46,3
97,46,2
98,46,2
99,46,2
100,46,5
101,46,4
102,46,5
103,46,3
104,46,3
105,46,5
106,46,5
107,46,3
108,46,3
109,46,5
110,46,5
111,46,3
112,46,3
113,46,3
114,46,3
115,46,4
116,46,3
117,46,2
118,46,5
119,46,5
120,46,5
121,46,1
122,46,1
123,46,1
124,46,2
125,46,3
126,46,5
127,46,4
128,46,3
129,46,5
130,46,4
131,46,1
132,46,5
133,46,3
134,46,1
135,46,5
136,46,5
137,46,4
138,46,4
139,46,5
140,46,2
141,46,4
142,46,4
143,46,4
144,46,3
145,46,5
146,46,3
147,46,2
148,46,3
149,46,3
150,46,5
151,46,4
152,46,1
153,46,4
154,46,1
155,46,5
156,46,3
157,46,5
158,46,3
159,46,1
160,46,1
161,46,4
162,46,2
163,46,4
164,46,3
165,46,5
166,46,3
167,46,3
168,46,4
169,46,2
170,46,1
171,46,3
172,46,5
173,46,2
174,46,4
175,46,2
176,46,4
177,46,3
178,46,5
179,46,2
180,46,4
181,46,1
182,46,2
183,46,4
184,46,5
185,46,4
186,46,3
187,46,4
188,46,5
189,46,3
190,46,5
191,46,2
192,46,4
193,46,5
194,46,3
195,46,2
196,46,2
197,46,3
198,46,5
199,46,3
200,46,3
201,46,3
202,46,3
203,46,3
204,46,3
205,46,3
206,46,4
207,46,3
208,46,1
209,46,3
210,46,4
211,46,2
212,46,4
213,46,5
214,46,4
215,46,2
216,46,5
217,46,4
218,46,2
219,46,3
220,46,4
221,46,3
222,46,3
223,46,5
224,46,3
225,46,5
226,46,2
227,46,3
228,46,1
229,46,3
230,46,3
231,46,2
232,46,5
233,46,2
234,46,4
235,46,3
236,46,1
237,46,2
238,46,3
239,46,2
240,46,4
241,46,4
242,46,4
243,46,3
244,46,4
245,46,4
246,46,5
247,46,2
248,46,4
249,46,3
250,46,3
1,47,1
2,47,1
3,47,3
4,47,4
5,47,4
6,47,3
7,47,2
8,47,4
9,47,5
10,47,5
11,47,2
12,47,1
13,47,2
14,47,1
15,47,3
16,47,4
17,47,3
18,47,4
19,47,2
20,47,4
21,47,3
22,47,4
23,47,3
24,47,5
25,47,5
26,47,5
27,47,4
28,47,5
29,47,3
30,47,3
31,47,4
32,47,5
33,47,4
34,47,2
35,47,2
36,47,2
37,47,4
38,47,3
39,47,5
40,47,3
41,47,5
42,47,4
43,47,1
44,47,3
45,47,4
46,47,4
47,47,5
48,47,2
49,47,3
50,47,5
51,47,5
52,47,5
53,47,3
54,47,4
55,47,1
56,47,2
57,47,2
58,47,3
59,47,3
60,47,1
61,47,3
62,47,4
63,47,5
64,47,2
65,47,2
66,47,1
67,47,5
68,47,3
69,47,3
70,47,4
71,47,1
72,47,2
73,47,3
74,47,4
75,47,1
76,47,3
77,47,2
78,47,5
79,47,2
80,47,3
81,47,4
82,47,2
83,47,5
84,47,4
85,47,1
86,47,2
87,47,3
88,47,2
89,47,1
90,47,2
91,47,1
92,47,3
93,47,1
94,47,4
95,47,5
96,47,4
97,47,2
98,47,5
99,47,2
100,47,4
101,47,2
102,47,3
103,47,4
104,47,5
105,47,2
106,47,2
107,47,1
108,47,1
109,47,3
110,47,2
111,47,5
112,47,4
113,47,5
114,47,5
115,47,2
116,47,5
117,47,4
118,47,2
119,47,3
120,47,3
121,47,2
122,47,5
123,47,2
124,47,4
125,47,5
126,47,1
127,47,5
128,47,1
129,47,2
130,47,5
131,47,1
132,47,2
133,47,4
134,47,1
135,47,3
136,47,3
137,47,2
138,47,5
139,47,1
140,47,5
141,47,4
142,47,4
143,47,3
144,47,1
145,47,2
146,47,4
147,47,1
148,47,5
149,47,4
150,47,2
151,47,2
152,47,1
153,47,4
154,47,2
155,47,2
156,47,2
157,47,2
158,47,4
159,47,5
160,47,4
161,47,3
162,47,2
163,47,2
164,47,5
165,47,2
166,47,5
167,47,1
168,47,4
169,47,1
170,47,1
171,47,1
172,47,5
173,47,1
174,47,2
175,47,1
176,47,5
177,47,1
178,47,3
179,47,2
180,47,3
181,47,5
182,47,2
183,47,4
184,47,1
185,47,5
186,47,2
187,47,5
188,47,3
189,47,1
190,47,3
191,47,4
192,47,3
193,47,3
194,47,5
195,47,2
196,47,4
197,47,1
198,47,2
199,47,1
200,47,5
201,47,1
202,47,4
203,47,1
204,47,4
205,47,4
206,47,5
207,47,1
208,47,2
209,47,2
210,47,2
211,47,4
212,47,1
213,47,3
214,47,3
215,47,1
216,47,1
217,47,5
218,47,2
219,47,1
220,47,3
221,47,4
222,47,1
223,47,3
224,47,4
225,47,2
226,47,2
227,47,2
228,47,4
229,47,1
230,47,1
231,47,4
232,47,2
233,47,4
234,47,1
235,47,1
236,47,1
237,47,1
238,47,5
239,47,1
240,47,4
241,47,2
242,47,3
243,47,5
244,47,3
245,47,3
246,47,2
247,47,1
248,47,3
249,47,1
250,47,2
1,48,5
2,48,1
3,48,4
4,48,3
5,48,3
6,48,5
7,48,5
8,48,3
9,48,1
10,48,4
11,48,5
12,48,3
13,48,4
14,48,2
15,48,4
16,48,4
17,48,4
18,48,3
19,48,4
20,48,1
21,48,5
22,48,1
23,48,5
24,48,2
25,48,1
26,48,4
27,48,3
28,48,3
29,48,4
30,48,4
31,48,2
32,48,5
33,48,4
34,48,3
35,48,4
36,48,5
37,48,2
38,48,4
39,48,1
40,48,5
41,48,5
42,48,3
43,48,1
44,48,5
45,48,2
46,48,4
47,48,2
48,48,2
49,48,5
50,48,4
51,48,2
52,48,4
53,48,5
54,48,4
55,48,2
56,48,4
57,48,4
58,48,5
59,48,4
60,48,4
61,48,4
62,48,4
63,48,3
64,48,5
65,48,2
66,48,1
67,48,4
68,48,5
69,48,5
70,48,1
71,48,1
72,48,5
73,48,5
74,48,2
75,48,3
76,48,4
77,48,5
78,48,3
79,48,2
80,48,5
81,48,3
82,48,5
83,48,3
84,48,2
85,48,3
86,48,5
87,48,4
88,48,2
89,48,3
90,48,5
91,48,2
92,48,5
93,48,2
94,48,3
95,48,1
96,48,4
97,48,3
98,48,4
99,48,3
100,48,3
101,48,5
102,48,4
103,48,4
104,48,3
105,48,4
106,48,4
107,48,2
108,48,3
109,48,5
110,48,4
111,48,3
112,48,2
113,48,1
114,48,4
115,48,5
116,48,3
117,48,3
118,48,5
119,48,5
120,48,5
121,48,1
122,48,2
123,48,2
124,48,4
125,48,3
126,48,5
127,48,4
128,48,2
129,48,5
130,48,2
131,48,2
132,48,5
133,48,5
134,48,2
135,48,5
136,48,4
137,48,4
138,48,3
139,48,4
140,48,2
141,48,4
142,48,4
143,48,5
144,48,1
145,48,4
146,48,3
147,48,3
148,48,3
149,48,2
150,48,4
151,48,5
152,48,3
153,48,4
154,48,3
155,48,5
156,48,3
157,48,5
158,48,2
159,48,1
160,48,3
161,48,5
162,48,3
163,48,4
164,48,2
165,48,4
166,48,3
167,48,2
168,48,5
169,48,1
170,48,2
171,48,2
172,48,5
173,48,3
174,48,4
175,48,3
176,48,3
177,48,3
178,48,5
179,48,1
180,48,5
181,48,4
182,48,3
183,48,4
184,48,5
185,48,3
186,48,2
187,48,3
188,48,5
189,48,3
190,48,4
191,48,4
192,48,5
193,48,5
194,48,4
195,48,2
196,48,4
197,48,3
198,48,5
199,48,3
200,48,4
201,48,1
202,48,2
203,48,1
204,48,3
205,48,2
206,48,2
207,48,3
208,48,3
209,48,2
210,48,4
211,48,4
212,48,5
213,48,5
214,48,5
215,48,1
216,48,4
217,48,2
218,48,2
219,48,3
220,48,4
221,48,3
222,48,3
223,48,5
224,48,1
225,48,5
226,48,3
227,48,2
228,48,1
229,48,2
230,48,3
231,48,2
232,48,4
233,48,3
234,48,4
235,48,3
236,48,3
237,48,3
238,48,3
239,48,3
240,48,3
241,48,5
242,48,5
243,48,1
244,48,5
245,48,4
246,48,4
247,48,1
248,48,5
249,48,2
250,48,2
1,49,5
2,49,2
3,49,4
4,49,2
5,49,3
6,49,4
7,49,5
8,49,3
9,49,3
10,49,3
11,49,5
12,49,3
13,49,5
14,49,3
15,49,5
16,49,3
17,49,4
18,49,4
19,49,5
20,49,3
21,49,5
22,49,4
23,49,5
24,49,1
25,49,2
26,49,4
27,49,4
28,49,3
29,49,5
30,49,5
31,49,3
32,49,3
33,49,2
34,49,2
35,49,4
36,49,5
37,49,2
38,49,5
39,49,4
40,49,5
41,49,2
42,49,5
43,49,3
44,49,5
45,49,1
46,49,4
47,49,2
48,49,3
49,49,4
50,49,1
51,49,3
52,49,3
53,49,5
54,49,3
55,49,3
56,49,5
57,49,5
58,49,4
59,49,5
60,49,5
61,49,5
62,49,4
63,49,5
64,49,4
65,49,3
66,49,3
67,49,1
68,49,5
69,49,5
70,49,3
71,49,2
72,49,4
73,49,5
74,49,3
75,49,3
76,49,5
77,49,5
78,49,3
79,49,2
80,49,5
81,49,4
82,49,4
83,49,3
84,49,4
85,49,1
86,49,4
87,49,5
88,49,3
89,49,3
90,49,5
91,49,3
92,49,5
93,49,1
94,49,4
95,49,4
96,49,4
97,49,1
98,49,4
99,49,3
100,49,4
101,49,5
102,49,5
103,49,4
104,49,3
105,49,5
106,49,5
107,49,1
108,49,1
109,49,5
110,49,5
111,49,3
112,49,4
113,49,5
114,49,2
115,49,5
116,49,4
117,49,3
118,49,4
119,49,5
120,49,4
121,49,2
122,49,3
123,49,3
124,49,4
125,49,2
126,49,4
127,49,3
128,49,2
129,49,4
130,49,1
131,49,2
132,49,5
133,49,3
134,49,3
135,49,5
136,49,5
137,49,5
138,49,2
139,49,4
140,49,5
141,49,3
142,49,1
143,49,4
144,49,3
145,49,5
146,49,3
147,49,1
148,49,2
149,49,3
150,49,4
151,49,5
152,49,3
153,49,3
154,49,2
155,49,4
156,49,3
157,49,5
158,49,1
159,49,3
160,49,4
161,49,5
162,49,2
163,49,5
164,49,3
165,49,4
166,49,2
167,49,2
168,49,2
169,49,1
170,49,2
171,49,3
172,49,3
173,49,3
174,49,5
175,49,2
176,49,1
177,49,2
178,49,5
179,49,3
180,49,5
181,49,3
182,49,3
183,49,3
184,49,4
185,49,4
186,49,3
187,49,2
188,49,5
189,49,2
190,49,5
191,49,3
192,49,4
193,49,4
194,49,3
195,49,1
196,49,3
197,49,3
198,49,5
199,49,1
200,49,1
201,49,2
202,49,4
203,49,2
204,49,4
205,49,2
206,49,3
207,49,3
208,49,2
209,49,2
210,49,5
211,49,5
212,49,5
213,49,5
214,49,4
215,49,3
216,49,5
217,49,4
218,49,3
219,49,3
220,49,5
221,49,4
222,49,3
223,49,5
224,49,3
225,49,4
226,49,3
227,49,3
228,49,3
229,49,3
230,49,1
231,49,3
232,49,5
233,49,1
234,49,4
235,49,3
236,49,3
237,49,2
238,49,1
239,49,3
240,49,4
241,49,5
242,49,4
243,49,4
244,49,5
245,49,5
246,49,5
247,49,3
248,49,5
249,49,3
250,49,2
1,50,2
2,50,1
3,50,1
4,50,4
5,50,5
6,50,2
7,50,3
8,50,4
9,50,5
10,50,4
11,50,3
12,50,2
13,50,3
14,50,2
15,50,3
16,50,5
17,50,3
18,50,5
19,50,3
20,50,4
21,50,3
22,50,4
23,50,2
24,50,5
25,50,4
26,50,5
27,50,5
28,50,4
29,50,3
30,50,3
31,50,4
32,50,4
33,50,5
34,50,1
35,50,3
36,50,1
37,50,4
38,50,3
39,50,5
40,50,1
41,50,4
42,50,4
43,50,2
44,50,2
45,50,5
46,50,4
47,50,4
48,50,1
49,50,1
50,50,4
51,50,4
52,50,5
53,50,3
54,50,4
55,50,2
56,50,2
57,50,3
58,50,3
59,50,1
60,50,2
61,50,2
62,50,4
63,50,5
64,50,1
65,50,1
66,50,2
67,50,4
68,50,2
69,50,2
70,50,5
71,50,1
72,50,3
73,50,2
74,50,5
75,50,2
76,50,3
77,50,3
78,50,4
79,50,1
80,50,1
81,50,5
82,50,3
83,50,4
84,50,4
85,50,1
86,50,3
87,50,3
88,50,1
89,50,1
90,50,1
91,50,1
92,50,1
93,50,2
94,50,5
95,50,5
96,50,4
97,50,1
98,50,4
99,50,2
100,50,5
101,50,2
102,50,3
103,50,4
104,50,5
105,50,3
106,50,3
107,50,2
108,50,1
109,50,3
110,50,3
111,50,5
112,50,5
113,50,5
114,50,5
115,50,3
116,50,4
117,50,5
118,50,3
119,50,3
120,50,3
121,50,2
122,50,5
123,50,2
124,50,5
125,50,4
126,50,3
127,50,5
128,50,1
129,50,2
130,50,4
131,50,1
132,50,3
133,50,5
134,50,1
135,50,1
136,50,3
137,50,3
138,50,4
139,50,2
140,50,4
141,50,5
142,50,5
143,50,2
144,50,1
145,50,2
146,50,4
147,50,1
148,50,4
149,50,4
150,50,3
151,50,1
152,50,1
153,50,5
154,50,2
155,50,3
156,50,1
157,50,2
158,50,5
159,50,5
160,50,5
161,50,1
162,50,1
163,50,3
164,50,5
165,50,2
166,50,4
167,50,1
168,50,5
169,50,1
170,50,1
171,50,2
172,50,5
173,50,1
174,50,1
175,50,2
176,50,5
177,50,1
178,50,3
179,50,2
180,50,3
181,50,5
182,50,2
183,50,5
184,50,1
185,50,4
186,50,1
187,50,5
188,50,2
189,50,2
190,50,3
191,50,4
192,50,3
193,50,1
194,50,4
195,50,2
196,50,5
197,50,2
198,50,2
199,50,1
200,50,5
201,50,1
202,50,4
203,50,2
204,50,5
205,50,5
206,50,4
207,50,2
208,50,1
209,50,1
210,50,3
211,50,4
212,50,3
213,50,3
214,50,1
215,50,1
216,50,3
217,50,5
218,50,1
219,50,1
220,50,3
221,50,4
222,50,1
223,50,1
224,50,5
225,50,2
226,50,1
227,50,2
228,50,4
229,50,2
230,50,2
231,50,4
232,50,3
233,50,5
234,50,1
235,50,1
236,50,1
237,50,2
238,50,4
239,50,1
240,50,4
241,50,3
242,50,3
243,50,5
244,50,2
245,50,2
246,50,2
247,50,1
248,50,2
249,50,1
250,50,1
1,51,5
2,51,3
3,51,5
4,51,2
5,51,1
6,51,4
7,51,5
8,51,2
9,51,4
10,51,2
11,51,4
12,51,3
13,51,4
14,51,3
15,51,5
16,51,2
17,51,5
18,51,3
19,51,5
20,51,3
21,51,5
22,51,3
23,51,5
24,51,3
25,51,2
26,51,3
27,51,4
28,51,2
29,51,4
30,51,4
31,51,3
32,51,4
33,51,4
34,51,3
35,51,4
36,51,4
37,51,2
38,51,5
39,51,3
40,51,5
41,51,4
42,51,4
43,51,2
44,51,5
45,51,1
46,51,1
47,51,3
48,51,2
49,51,5
50,51,3
51,51,3
52,51,4
53,51,4
54,51,3
55,51,2
56,51,4
57,51,4
58,51,4
59,51,5
60,51,4
61,51,5
62,51,4
63,51,4
64,51,4
65,51,3
66,51,2
67,51,2
68,51,4
69,51,5
70,51,2
71,51,2
72,51,5
73,51,4
74,51,4
75,51,1
76,51,4
77,51,5
78,51,2
79,51,2
80,51,5
81,51,1
82,51,5
83,51,1
84,51,2
85,51,3
86,51,5
87,51,5
88,51,2
89,51,3
90,51,4
91,51,3
92,51,5
93,51,1
94,51,2
95,51,2
96,51,3
97,51,3
98,51,2
99,51,1
100,51,4
101,51,5
102,51,4
103,51,2
104,51,4
105,51,5
106,51,4
107,51,3
108,51,3
109,51,4
110,51,5
111,51,4
112,51,2
113,51,2
114,51,4
115,51,4
116,51,1
117,51,4
118,51,4
119,51,5
120,51,4
121,51,1
122,51,2
123,51,3
124,51,3
125,51,2
126,51,5
127,51,3
128,51,2
129,51,5
130,51,3
131,51,1
132,51,4
133,51,4
134,51,2
135,51,5
136,51,4
137,51,5
138,51,5
139,51,5
140,51,2
141,51,4
142,51,1
143,51,4
144,51,3
145,51,5
146,51,3
147,51,3
148,51,3
149,51,3
150,51,4
151,51,4
152,51,3
153,51,4
154,51,1
155,51,5
156,51,2
157,51,5
158,51,3
159,51,4
160,51,2
161,51,4
162,51,1
163,51,4
164,51,4
165,51,4
166,51,2
167,51,1
168,51,3
169,51,3
170,51,3
171,51,2
172,51,4
173,51,3
174,51,5
175,51,1
176,51,4
177,51,2
178,51,4
179,51,2
180,51,5
181,51,3
182,51,3
183,51,2
184,51,4
185,51,2
186,51,2
187,51,4
188,51,5
189,51,3
190,51,5
191,51,1
192,51,4
193,51,5
194,51,4
195,51,2
196,51,3
197,51,3
198,51,5
199,51,3
200,51,3
201,51,2
202,51,1
203,51,2
204,51,4
205,51,1
206,51,3
207,51,3
208,51,3
209,51,3
210,51,4
211,51,1
212,51,5
213,51,4
214,51,4
215,51,2
216,51,5
217,51,4
218,51,2
219,51,3
220,51,4
221,51,4
222,51,3
223,51,4
224,51,5
225,51,4
226,51,3
227,51,2
228,51,3
229,51,1
230,51,3
231,51,2
232,51,4
233,51,3
234,51,5
235,51,2
236,51,3
237,51,3
238,51,3
239,51,3
240,51,3
241,51,4
242,51,4
243,51,1
244,51,4
245,51,4
246,51,5
247,51,1
248,51,5
249,51,2
250,51,2
1,52,3
2,52,1
3,52,1
4,52,4
5,52,5
6,52,3
7,52,1
8,52,5
9,52,5
10,52,4
11,52,3
12,52,2
13,52,3
14,52,2
15,52,1
16,52,4
17,52,3
18,52,5
19,52,3
20,52,5
21,52,3
22,52,5
23,52,2
24,52,5
25,52,4
26,52,4
27,52,5
28,52,5
29,52,1
30,52,2
31,52,5
32,52,5
33,52,5
34,52,1
35,52,1
36,52,2
37,52,5
38,52,3
39,52,4
40,52,3
41,52,5
42,52,4
43,52,1
44,52,1
45,52,5
46,52,5
47,52,4
48,52,1
49,52,1
50,52,5
51,52,5
52,52,5
53,52,2
54,52,5
55,52,2
56,52,2
57,52,2
58,52,3
59,52,2
60,52,1
61,52,3
62,52,5
63,52,5
64,52,1
65,52,2
66,52,1
67,52,4
68,52,2
69,52,2
70,52,4
71,52,2
72,52,1
73,52,3
74,52,5
75,52,1
76,52,2
77,52,2
78,52,4
79,52,1
80,52,3
81,52,5
82,52,1
83,52,5
84,52,5
85,52,1
86,52,3
87,52,2
88,52,2
89,52,2
90,52,3
91,52,1
92,52,2
93,52,1
94,52,4
95,52,4
96,52,5
97,52,1
98,52,5
99,52,1
100,52,4
101,52,3
102,52,2
103,52,5
104,52,5
105,52,1
106,52,3
107,52,1
108,52,2
109,52,3
110,52,1
111,52,5
112,52,4
113,52,4
114,52,4
115,52,3
116,52,5
117,52,5
118,52,3
119,52,3
120,52,3
121,52,1
122,52,5
123,52,1
124,52,5
125,52,5
126,52,2
127,52,5
128,52,2
129,52,3
130,52,5
131,52,2
132,52,2
133,52,4
134,52,1
135,52,2
136,52,3
137,52,3
138,52,4
139,52,3
140,52,5
141,52,4
142,52,4
143,52,1
144,52,2
145,52,3
146,52,4
147,52,1
148,52,4
149,52,5
150,52,3
151,52,2
152,52,2
153,52,4
154,52,1
155,52,2
156,52,1
157,52,3
158,52,5
159,52,5
160,52,5
161,52,3
162,52,1
163,52,2
164,52,5
165,52,3
166,52,4
167,52,1
168,52,5
169,52,1
170,52,1
171,52,1
172,52,5
173,52,1
174,52,1
175,52,1
176,52,5
177,52,1
178,52,2
179,52,1
180,52,2
181,52,4
182,52,1
183,52,5
184,52,3
185,52,5
186,52,1
187,52,4
188,52,3
189,52,2
190,52,2
191,52,5
192,52,1
193,52,1
194,52,4
195,52,2
196,52,5
197,52,1
198,52,2
199,52,1
200,52,5
201,52,2
202,52,5
203,52,2
204,52,5
205,52,4
206,52,5
207,52,2
208,52,2
209,52,1
210,52,3
211,52,5
212,52,2
213,52,2
214,52,3
215,52,1
216,52,3
217,52,5
218,52,2
219,52,1
220,52,2
221,52,5
222,52,1
223,52,3
224,52,4
225,52,2
226,52,1
227,52,1
228,52,4
229,52,1
230,52,1
231,52,5
232,52,3
233,52,5
234,52,3
235,52,1
236,52,1
237,52,1
238,52,4
239,52,2
240,52,5
241,52,2
242,52,3
243,52,5
244,52,3
245,52,1
246,52,2
247,52,1
248,52,3
249,52,1
250,52,1
1,53,4
2,53,3
3,53,5
4,53,3
5,53,2
6,53,5
7,53,5
8,53,3
9,53,2
10,53,2
11,53,4
12,53,2
13,53,4
14,53,3
15,53,5
16,53,3
17,53,4
18,53,2
19,53,5
20,53,2
21,53,4
22,53,5
23,53,4
24,53,4
25,53,2
26,53,1
27,53,2
28,53,2
29,53,5
30,53,5
31,53,4
32,53,5
33,53,1
34,53,3
35,53,4
36,53,4
37,53,5
38,53,4
39,53,4
40,53,5
41,53,2
42,53,3
43,53,3
44,53,5
45,53,3
46,53,2
47,53,2
48,53,2
49,53,5
50,53,2
51,53,2
52,53,3
53,53,5
54,53,3
55,53,2
56,53,5
57,53,5
58,53,4
59,53,4
60,53,4
61,53,5
62,53,4
63,53,1
64,53,4
65,53,3
66,53,1
67,53,4
68,53,5
69,53,5
70,53,4
71,53,3
72,53,4
73,53,4
74,53,3
75,53,1
76,53,5
77,53,4
78,53,2
79,53,3
80,53,5
81,53,4
82,53,5
83,53,2
84,53,2
85,53,3
86,53,5
87,53,5
88,53,3
89,53,1
90,53,5
91,53,1
92,53,4
93,53,3
94,53,3
95,53,4
96,53,3
97,53,1
98,53,1
99,53,3
100,53,3
101,53,5
102,53,4
103,53,3
104,53,5
105,53,5
106,53,5
107,53,2
108,53,3
109,53,4
110,53,4
111,53,3
112,53,4
113,53,2
114,53,3
115,53,5
116,53,4
117,53,5
118,53,4
119,53,5
120,53,5
121,53,3
122,53,3
123,53,1
124,53,4
125,53,2
126,53,5
127,53,1
128,53,2
129,53,5
130,53,2
131,53,2
132,53,5
133,53,1
134,53,3
135,53,5
136,53,4
137,53,5
138,53,1
139,53,4
140,53,3
141,53,2
142,53,3
143,53,4
144,53,3
145,53,4
146,53,4
147,53,3
148,53,4
149,53,1
150,53,4
151,53,4
152,53,3
153,53,1
154,53,2
155,53,4
156,53,3
157,53,4
158,53,1
159,53,4
160,53,1
161,53,4
162,53,2
163,53,4
164,53,5
165,53,5
166,53,1
167,53,3
168,53,5
169,53,3
170,53,2
171,53,1
172,53,3
173,53,2
174,53,4
175,53,1
176,53,2
177,53,1
178,53,5
179,53,1
180,53,5
181,53,2
182,53,3
183,53,3
184,53,5
185,53,3
186,53,2
187,53,2
188,53,5
189,53,1
190,53,5
191,53,1
192,53,5
193,53,4
194,53,4
195,53,3
196,53,3
197,53,3
198,53,5
199,53,2
200,53,4
201,53,2
202,53,5
203,53,3
204,53,4
205,53,3
206,53,4
207,53,2
208,53,2
209,53,2
210,53,4
211,53,4
212,53,4
213,53,4
214,53,5
215,53,3
216,53,4
217,53,4
218,53,3
219,53,3
220,53,5
221,53,1
222,53,1
223,53,4
224,53,3
225,53,4
226,53,3
227,53,3
228,53,1
229,53,3
230,53,2
231,53,4
232,53,4
233,53,2
234,53,4
235,53,2
236,53,2
237,53,2
238,53,1
239,53,3
240,53,3
241,53,4
242,53,5
243,53,4
244,53,4
245,53,5
246,53,5
247,53,2
248,53,5
249,53,2
250,53,2
1,54,4
2,54,2
3,54,4
4,54,4
5,54,3
6,54,4
7,54,5
8,54,4
9,54,2
10,54,3
11,54,4
12,54,2
13,54,4
14,54,3
15,54,4
16,54,3
17,54,5
18,54,2
19,54,4
20,54,2
21,54,4
22,54,2
23,54,4
24,54,4
25,54,3
26,54,4
27,54,2
28,54,4
29,54,4
30,54,5
31,54,4
32,54,1
33,54,3
34,54,3
35,54,4
36,54,4
37,54,3
38,54,5
39,54,1
40,54,5
41,54,3
42,54,4
43,54,2
44,54,5
45,54,4
46,54,3
47,54,4
48,54,2
49,54,5
50,54,3
51,54,3
52,54,4
53,54,4
54,54,3
55,54,2
56,54,4
57,54,5
58,54,5
59,54,4
60,54,5
61,54,4
62,54,4
63,54,3
64,54,4
65,54,2
66,54,2
67,54,2
68,54,4
69,54,4
70,54,3
71,54,2
72,54,4
73,54,5
74,54,3
75,54,1
76,54,5
77,54,4
78,54,2
79,54,2
80,54,4
81,54,1
82,54,5
83,54,3
84,54,5
85,54,3
86,54,4
87,54,5
88,54,3
89,54,1
90,54,4
91,54,3
92,54,5
93,54,2
94,54,4
95,54,4
96,54,3
97,54,1
98,54,4
99,54,2
100,54,5
101,54,4
102,54,4
103,54,1
104,54,4
105,54,5
106,54,5
107,54,3
108,54,1
109,54,5
110,54,4
111,54,4
112,54,4
113,54,2
114,54,2
115,54,5
116,54,3
117,54,3
118,54,4
119,54,5
120,54,4
121,54,3
122,54,2
123,54,3
124,54,3
125,54,4
126,54,4
127,54,1
128,54,1
129,54,5
130,54,1
131,54,3
132,54,5
133,54,3
134,54,3
135,54,4
136,54,4
137,54,5
138,54,3
139,54,5
140,54,2
141,54,3
142,54,3
143,54,5
144,54,2
145,54,5
146,54,4
147,54,2
148,54,4
149,54,3
150,54,5
151,54,5
152,54,3
153,54,2
154,54,3
155,54,4
156,54,3
157,54,5
158,54,4
159,54,2
160,54,3
161,54,5
162,54,3
163,54,5
164,54,2
165,54,4
166,54,5
167,54,2
168,54,2
169,54,3
170,54,3
171,54,3
172,54,5
173,54,3
174,54,5
175,54,2
176,54,4
177,54,1
178,54,4
179,54,3
180,54,4
181,54,4
182,54,3
183,54,3
184,54,5
185,54,3
186,54,3
187,54,1
188,54,5
189,54,2
190,54,5
191,54,2
192,54,5
193,54,5
194,54,3
195,54,2
196,54,4
197,54,3
198,54,4
199,54,3
200,54,2
201,54,2
202,54,4
203,54,2
204,54,2
205,54,3
206,54,4
207,54,3
208,54,3
209,54,3
210,54,4
211,54,4
212,54,4
213,54,5
214,54,5
215,54,3
216,54,4
217,54,3
218,54,2
219,54,3
220,54,5
221,54,4
222,54,3
223,54,5
224,54,3
225,54,5
226,54,1
227,54,1
228,54,3
229,54,2
230,54,3
231,54,2
232,54,4
233,54,4
234,54,4
235,54,3
236,54,1
237,54,2
238,54,4
239,54,3
240,54,3
241,54,5
242,54,4
243,54,1
244,54,5
245,54,5
246,54,4
247,54,2
248,54,5
249,54,1
250,54,2
1,55,2
2,55,1
3,55,3
4,55,4
5,55,5
6,55,1
7,55,3
8,55,5
9,55,4
10,55,5
11,55,2
12,55,1
13,55,3
14,55,1
15,55,3
16,55,5
17,55,3
18,55,4
19,55,2
20,55,4
21,55,3
22,55,4
23,55,1
24,55,4
25,55,5
26,55,4
27,55,4
28,55,4
29,55,1
30,55,3
31,55,5
32,55,5
33,55,4
34,55,2
35,55,3
36,55,2
37,55,5
38,55,3
39,55,5
40,55,2
41,55,4
42,55,5
43,55,2
44,55,1
45,55,5
46,55,5
47,55,5
48,55,2
49,55,3
50,55,5
51,55,4
52,55,5
53,55,2
54,55,5
55,55,2
56,55,2
57,55,1
58,55,3
59,55,1
60,55,3
61,55,3
62,55,4
63,55,4
64,55,3
65,55,1
66,55,1
67,55,4
68,55,3
69,55,3
70,55,5
71,55,2
72,55,3
73,55,3
74,55,5
75,55,1
76,55,1
77,55,2
78,55,4
79,55,1
80,55,3
81,55,4
82,55,2
83,55,5
84,55,5
85,55,1
86,55,2
87,55,2
88,55,1
89,55,2
90,55,1
91,55,2
92,55,2
93,55,2
94,55,5
95,55,5
96,55,4
97,55,1
98,55,4
99,55,2
100,55,4
101,55,3
102,55,3
103,55,4
104,55,5
105,55,3
106,55,3
107,55,1
108,55,1
109,55,3
110,55,2
111,55,4
112,55,5
113,55,4
114,55,4
115,55,2
116,55,5
117,55,4
118,55,3
119,55,1
120,55,3
121,55,2
122,55,4
123,55,2
124,55,5
125,55,5
126,55,3
127,55,5
128,55,1
129,55,3
130,55,4
131,55,1
132,55,2
133,55,4
134,55,1
135,55,3
136,55,2
137,55,2
138,55,5
139,55,3
140,55,5
141,55,4
142,55,4
143,55,3
144,55,1
145,55,2
146,55,4
147,55,1
148,55,5
149,55,5
150,55,2
151,55,3
152,55,1
153,55,5
154,55,1
155,55,3
156,55,1
157,55,2
158,55,5
159,55,5
160,55,5
161,55,3
162,55,2
163,55,3
164,55,5
165,55,2
166,55,4
167,55,1
168,55,5
169,55,1
170,55,1
171,55,2
172,55,5
173,55,2
174,55,3
175,55,2
176,55,5
177,55,2
178,55,3
179,55,1
180,55,2
181,55,5
182,55,1
183,55,4
184,55,1
185,55,4
186,55,2
187,55,5
188,55,3
189,55,1
190,55,2
191,55,5
192,55,1
193,55,2
194,55,4
195,55,2
196,55,5
197,55,1
198,55,2
199,55,1
200,55,5
201,55,1
202,55,5
203,55,2
204,55,5
205,55,5
206,55,5
207,55,2
208,55,2
209,55,2
210,55,2
211,55,5
212,55,3
213,55,3
214,55,1
215,55,1
216,55,3
217,55,5
218,55,1
219,55,2
220,55,1
221,55,4
222,55,1
223,55,3
224,55,5
225,55,2
226,55,2
227,55,1
228,55,5
229,55,2
230,55,2
231,55,4
232,55,2
233,55,5
234,55,2
235,55,2
236,55,1
237,55,1
238,55,4
239,55,2
240,55,5
241,55,2
242,55,2
243,55,5
244,55,3
245,55,2
246,55,2
247,55,1
248,55,3
249,55,1
250,55,1
1,56,3
2,56,1
3,56,2
4,56,5
5,56,4
6,56,2
7,56,3
8,56,5
9,56,4
10,56,5
11,56,3
12,56,2
13,56,2
14,56,1
15,56,2
16,56,5
17,56,2
18,56,5
19,56,3
20,56,4
21,56,1
22,56,5
23,56,3
24,56,4
25,56,5
26,56,4
27,56,4
28,56,5
29,56,2
30,56,1
31,56,4
32,56,4
33,56,5
34,56,1
35,56,3
36,56,2
37,56,5
38,56,3
39,56,4
40,56,1
41,56,4
42,56,5
43,56,1
44,56,2
45,56,5
46,56,5
47,56,4
48,56,2
49,56,1
50,56,4
51,56,4
52,56,5
53,56,3
54,56,5
55,56,1
56,56,2
57,56,2
58,56,2
59,56,3
60,56,1
61,56,2
62,56,4
63,56,4
64,56,2
65,56,1
66,56,1
67,56,5
68,56,2
69,56,3
70,56,5
71,56,1
72,56,2
73,56,2
74,56,5
75,56,1
76,56,3
77,56,3
78,56,5
79,56,1
80,56,2
81,56,5
82,56,2
83,56,5
84,56,4
85,56,2
86,56,1
87,56,3
88,56,1
89,56,2
90,56,3
91,56,1
92,56,3
93,56,1
94,56,5
95,56,4
96,56,5
97,56,1
98,56,5
99,56,1
100,56,4
101,56,3
102,56,3
103,56,4
104,56,5
105,56,3
106,56,3
107,56,2
108,56,1
109,56,2
110,56,3
111,56,5
112,56,4
113,56,5
114,56,5
115,56,2
116,56,5
117,56,4
118,56,3
119,56,3
120,56,3
121,56,1
122,56,5
123,56,1
124,56,5
125,56,5
126,56,2
127,56,4
128,56,1
129,56,3
130,56,5
131,56,2
132,56,3
133,56,5
134,56,1
135,56,3
136,56,2
137,56,3
138,56,4
139,56,2
140,56,4
141,56,5
142,56,5
143,56,3
144,56,2
145,56,3
146,56,4
147,56,2
148,56,4
149,56,4
150,56,2
151,56,2
152,56,1
153,56,5
154,56,2
155,56,2
156,56,2
157,56,2
158,56,5
159,56,4
160,56,4
161,56,3
162,56,1
163,56,2
164,56,4
165,56,2
166,56,5
167,56,1
168,56,5
169,56,1
170,56,1
171,56,1
172,56,5
173,56,2
174,56,1
175,56,1
176,56,4
177,56,1
178,56,2
179,56,2
180,56,2
181,56,5
182,56,2
183,56,5
184,56,1
185,56,5
186,56,1
187,56,5
188,56,2
189,56,2
190,56,3
191,56,5
192,56,2
193,56,1
194,56,5
195,56,1
196,56,5
197,56,1
198,56,2
199,56,1
200,56,5
201,56,1
202,56,4
203,56,2
204,56,5
205,56,5
206,56,4
207,56,1
208,56,2
209,56,1
210,56,2
211,56,5
212,56,3
213,56,2
214,56,3
215,56,1
216,56,2
217,56,5
218,56,2
219,56,1
220,56,2
221,56,5
222,56,2
223,56,1
224,56,5
225,56,1
226,56,1
227,56,1
228,56,5
229,56,1
230,56,2
231,56,5
232,56,1
233,56,5
234,56,2
235,56,1
236,56,1
237,56,2
238,56,4
239,56,2
240,56,5
241,56,1
242,56,1
243,56,4
244,56,2
245,56,3
246,56,3
247,56,2
248,56,3
249,56,1
250,56,1
1,57,3
2,57,1
3,57,3
4,57,5
5,57,5
6,57,2
7,57,1
8,57,4
9,57,5
10,57,5
11,57,3
12,57,2
13,57,2
14,57,1
15,57,1
16,57,4
17,57,3
18,57,4
19,57,3
20,57,4
21,57,3
22,57,4
23,57,2
24,57,4
25,57,5
26,57,5
27,57,4
28,57,5
29,57,3
30,57,2
31,57,5
32,57,5
33,57,4
34,57,1
35,57,3
36,57,3
37,57,5
38,57,2
39,57,4
40,57,3
41,57,4
42,57,4
43,57,1
44,57,2
45,57,5
46,57,5
47,57,5
48,57,1
49,57,2
50,57,5
51,57,4
52,57,5
53,57,2
54,57,5
55,57,1
56,57,2
57,57,2
58,57,3
59,57,2
60,57,2
61,57,3
62,57,5
63,57,4
64,57,3
65,57,2
66,57,2
67,57,4
68,57,2
69,57,2
70,57,4
71,57,1
72,57,3
73,57,2
74,57,5
75,57,1
76,57,3
77,57,2
78,57,4
79,57,2
80,57,2
81,57,5
82,57,1
83,57,4
84,57,4
85,57,2
86,57,3
87,57,3
88,57,1
89,57,1
90,57,3
91,57,2
92,57,2
93,57,2
94,57,4
95,57,4
96,57,4
97,57,1
98,57,5
99,57,1
100,57,4
101,57,3
102,57,1
103,57,5
104,57,4
105,57,3
106,57,3
107,57,2
108,57,1
109,57,2
110,57,3
111,57,5
112,57,5
113,57,5
114,57,4
115,57,3
116,57,5
117,57,5
118,57,2
119,57,2
120,57,3
121,57,1
122,57,5
123,57,2
124,57,5
125,57,5
126,57,3
127,57,4
128,57,1
129,57,3
130,57,5
131,57,1
132,57,2
133,57,5
134,57,1
135,57,2
136,57,2
137,57,3
138,57,5
139,57,3
140,57,5
141,57,4
142,57,4
143,57,3
144,57,2
145,57,3
146,57,5
147,57,2
148,57,4
149,57,5
150,57,3
151,57,2
152,57,2
153,57,4
154,57,1
155,57,3
156,57,1
157,57,3
158,57,4
159,57,4
160,57,4
161,57,2
162,57,1
163,57,1
164,57,4
165,57,3
166,57,4
167,57,2
168,57,4
169,57,1
170,57,2
171,57,2
172,57,5
173,57,1
174,57,3
175,57,1
176,57,4
177,57,1
178,57,3
179,57,1
180,57,2
181,57,5
182,57,1
183,57,5
184,57,3
185,57,5
186,57,1
187,57,4
188,57,3
189,57,1
190,57,3
191,57,4
192,57,2
193,57,2
194,57,5
195,57,2
196,57,5
197,57,2
198,57,3
199,57,1
200,57,5
201,57,1
202,57,4
203,57,1
204,57,5
205,57,4
206,57,5
207,57,1
208,57,1
209,57,2
210,57,3
211,57,5
212,57,2
213,57,3
214,57,3
215,57,1
216,57,3
217,57,4
218,57,2
219,57,1
220,57,3
221,57,4
222,57,1
223,57,3
224,57,5
225,57,2
226,57,2
227,57,1
228,57,4
229,57,2
230,57,2
231,57,4
232,57,1
233,57,5
234,57,2
235,57,1
236,57,1
237,57,1
238,57,5
239,57,1
240,57,4
241,57,2
242,57,2
243,57,5
244,57,3
245,57,2
246,57,1
247,57,1
248,57,3
249,57,1
250,57,2
1,58,3
2,58,2
3,58,1
4,58,5
5,58,5
6,58,3
7,58,3
8,58,5
9,58,4
10,58,5
11,58,2
12,58,2
13,58,3
14,58,2
15,58,1
16,58,4
17,58,2
18,58,4
19,58,2
20,58,5
21,58,1
22,58,5
23,58,1
24,58,4
25,58,4
26,58,5
27,58,5
28,58,5
29,58,3
30,58,3
31,58,5
32,58,4
33,58,4
34,58,1
35,58,2
36,58,3
37,58,4
38,58,3
39,58,4
40,58,1
41,58,5
42,58,4
43,58,1
44,58,2
45,58,4
46,58,5
47,58,4
48,58,1
49,58,3
50,58,4
51,58,5
52,58,5
53,58,2
54,58,5
55,58,1
56,58,3
57,58,1
58,58,2
59,58,1
60,58,2
61,58,1
62,58,5
63,58,4
64,58,3
65,58,1
66,58,1
67,58,5
68,58,3
69,58,1
70,58,5
71,58,1
72,58,3
73,58,2
74,58,5
75,58,2
76,58,2
77,58,2
78,58,4
79,58,1
80,58,2
81,58,4
82,58,3
83,58,5
84,58,4
85,58,2
86,58,2
87,58,2
88,58,2
89,58,1
90,58,2
91,58,1
92,58,2
93,58,1
94,58,4
95,58,5
96,58,5
97,58,2
98,58,5
99,58,2
100,58,5
101,58,3
102,58,3
103,58,4
104,58,5
105,58,2
106,58,3
107,58,1
108,58,1
109,58,2
110,58,2
111,58,5
112,58,5
113,58,5
114,58,4
115,58,1
116,58,4
117,58,4
118,58,3
119,58,3
120,58,2
121,58,1
122,58,4
123,58,1
124,58,5
125,58,4
126,58,3
127,58,4
128,58,1
129,58,1
130,58,5
131,58,1
132,58,3
133,58,5
134,58,1
135,58,2
136,58,2
137,58,1
138,58,5
139,58,2
140,58,5
141,58,4
142,58,5
143,58,3
144,58,1
145,58,3
146,58,4
147,58,1
148,58,5
149,58,4
150,58,2
151,58,3
152,58,1
153,58,4
154,58,1
155,58,3
156,58,1
157,58,3
158,58,4
159,58,4
160,58,4
161,58,2
162,58,2
163,58,1
164,58,4
165,58,2
166,58,4
167,58,1
168,58,5
169,58,2
170,58,1
171,58,2
172,58,5
173,58,1
174,58,1
175,58,2
176,58,4
177,58,1
178,58,2
179,58,1
180,58,3
181,58,5
182,58,2
183,58,5
184,58,3
185,58,5
186,58,1
187,58,4
188,58,1
189,58,1
190,58,1
191,58,5
192,58,3
193,58,3
194,58,5
195,58,1
196,58,5
197,58,1
198,58,3
199,58,2
200,58,5
201,58,1
202,58,4
203,58,2
204,58,5
205,58,4
206,58,4
207,58,2
208,58,1
209,58,1
210,58,3
211,58,4
212,58,3
213,58,3
214,58,3
215,58,1
216,58,2
217,58,5
218,58,1
219,58,1
220,58,1
221,58,5
222,58,1
223,58,3
224,58,4
225,58,3
226,58,1
227,58,1
228,58,5
229,58,2
230,58,1
231,58,4
232,58,3
233,58,4
234,58,2
235,58,1
236,58,2
237,58,2
238,58,4
239,58,1
240,58,5
241,58,1
242,58,3
243,58,5
244,58,2
245,58,1
246,58,3
247,58,1
248,58,2
249,58,1
250,58,1
1,59,3
2,59,1
3,59,2
4,59,5
5,59,5
6,59,3
7,59,3
8,59,5
9,59,4
10,59,4
11,59,3
12,59,2
13,59,3
14,59,2
15,59,2
16,59,5
17,59,3
18,59,5
19,59,3
20,59,5
21,59,3
22,59,5
23,59,2
24,59,4
25,59,4
26,59,5
27,59,4
28,59,4
29,59,2
30,59,2
31,59,4
32,59,5
33,59,4
34,59,1
35,59,2
36,59,1
37,59,4
38,59,3
39,59,5
40,59,2
41,59,4
42,59,4
43,59,1
44,59,2
45,59,4
46,59,4
47,59,4
48,59,1
49,59,3
50,59,4
51,59,4
52,59,5
53,59,1
54,59,5
55,59,1
56,59,3
57,59,1
58,59,3
59,59,1
60,59,3
61,59,1
62,59,5
63,59,5
64,59,3
65,59,1
66,59,1
67,59,4
68,59,2
69,59,1
70,59,4
71,59,1
72,59,3
73,59,3
74,59,5
75,59,2
76,59,3
77,59,1
78,59,5
79,59,2
80,59,2
81,59,5
82,59,3
83,59,4
84,59,5
85,59,1
86,59,3
87,59,3
88,59,1
89,59,2
90,59,3
91,59,1
92,59,2
93,59,1
94,59,5
95,59,4
96,59,5
97,59,1
98,59,5
99,59,1
100,59,4
101,59,1
102,59,3
103,59,5
104,59,5
105,59,1
106,59,3
107,59,1
108,59,2
109,59,3
110,59,1
111,59,5
112,59,5
113,59,5
114,59,5
115,59,3
116,59,4
117,59,4
118,59,3
119,59,3
120,59,3
121,59,1
122,59,5
123,59,2
124,59,5
125,59,5
126,59,3
127,59,5
128,59,2
129,59,3
130,59,4
131,59,1
132,59,3
133,59,5
134,59,1
135,59,2
136,59,2
137,59,2
138,59,5
139,59,2
140,59,4
141,59,5
142,59,4
143,59,2
144,59,1
145,59,1
146,59,5
147,59,2
148,59,5
149,59,5
150,59,2
151,59,1
152,59,1
153,59,5
154,59,1
155,59,2
156,59,2
157,59,1
158,59,4
159,59,5
160,59,5
161,59,2
162,59,1
163,59,2
164,59,4
165,59,2
166,59,4
167,59,1
168,59,5
169,59,1
170,59,1
171,59,2
172,59,4
173,59,1
174,59,3
175,59,2
176,59,5
177,59,2
178,59,2
179,59,1
180,59,3
181,59,5
182,59,1
183,59,4
184,59,3
185,59,5
186,59,2
187,59,4
188,59,2
189,59,2
190,59,3
191,59,4
192,59,3
193,59,3
194,59,4
195,59,2
196,59,5
197,59,1
198,59,2
199,59,2
200,59,5
201,59,1
202,59,5
203,59,1
204,59,5
205,59,4
206,59,5
207,59,1
208,59,1
209,59,2
210,59,2
211,59,5
212,59,1
213,59,2
214,59,2
215,59,2
216,59,2
217,59,4
218,59,1
219,59,2
220,59,3
221,59,5
222,59,2
223,59,2
224,59,4
225,59,1
226,59,1
227,59,2
228,59,4
229,59,2
230,59,1
231,59,5
232,59,2
233,59,4
234,59,1
235,59,1
236,59,1
237,59,1
238,59,5
239,59,1
240,59,4
241,59,2
242,59,3
243,59,5
244,59,3
245,59,1
246,59,1
247,59,2
248,59,2
249,59,1
250,59,1
1,60,5
2,60,3
3,60,4
4,60,1
5,60,2
6,60,4
7,60,4
8,60,2
9,60,3
10,60,2
11,60,5
12,60,3
13,60,4
14,60,3
15,60,5
16,60,4
17,60,4
18,60,3
19,60,4
20,60,4
21,60,4
22,60,4
23,60,5
24,60,3
25,60,1
26,60,1
27,60,3
28,60,5
29,60,5
30,60,4
31,60,2
32,60,3
33,60,4
34,60,3
35,60,4
36,60,5
37,60,4
38,60,5
39,60,4
40,60,5
41,60,4
42,60,1
43,60,2
44,60,5
45,60,1
46,60,5
47,60,3
48,60,3
49,60,4
50,60,4
51,60,4
52,60,4
53,60,5
54,60,1
55,60,2
56,60,5
57,60,4
58,60,5
59,60,4
60,60,5
61,60,4
62,60,5
63,60,3
64,60,5
65,60,3
66,60,2
67,60,4
68,60,4
69,60,5
70,60,1
71,60,3
72,60,4
73,60,4
74,60,3
75,60,3
76,60,5
77,60,4
78,60,2
79,60,1
80,60,5
81,60,2
82,60,4
83,60,3
84,60,4
85,60,3
86,60,5
87,60,5
88,60,1
89,60,1
90,60,5
91,60,1
92,60,4
93,60,2
94,60,4
95,60,3
96,60,4
97,60,1
98,60,3
99,60,3
100,60,3
101,60,5
102,60,5
103,60,3
104,60,4
105,60,5
106,60,4
107,60,1
108,60,1
109,60,5
110,60,5
111,60,1
112,60,4
113,60,4
114,60,3
115,60,4
116,60,4
117,60,2
118,60,4
119,60,5
120,60,5
121,60,1
122,60,2
123,60,2
124,60,3
125,60,4
126,60,4
127,60,2
128,60,2
129,60,5
130,60,4
131,60,2
132,60,4
133,60,3
134,60,2
135,60,5
136,60,4
137,60,4
138,60,3
139,60,5
140,60,3
141,60,4
142,60,1
143,60,5
144,60,1
145,60,4
146,60,3
147,60,2
148,60,3
149,60,3
150,60,5
151,60,4
152,60,2
153,60,3
154,60,3
155,60,5
156,60,3
157,60,5
158,60,3
159,60,3
160,60,4
161,60,5
162,60,3
163,60,5
164,60,2
165,60,5
166,60,4
167,60,3
168,60,2
169,60,2
170,60,2
171,60,1
172,60,3
173,60,1
174,60,4
175,60,1
176,60,2
177,60,2
178,60,5
179,60,2
180,60,5
181,60,4
182,60,1
183,60,4
184,60,5
185,60,4
186,60,2
187,60,2
188,60,5
189,60,3
190,60,5
191,60,5
192,60,5
193,60,4
194,60,1
195,60,2
196,60,2
197,60,3
198,60,4
199,60,2
200,60,5
201,60,3
202,60,3
203,60,2
204,60,2
205,60,4
206,60,4
207,60,3
208,60,3
209,60,3
210,60,4
211,60,4
212,60,4
213,60,5
214,60,4
215,60,3
216,60,5
217,60,1
218,60,3
219,60,3
220,60,5
221,60,3
222,60,2
223,60,5
224,60,3
225,60,4
226,60,3
227,60,2
228,60,3
229,60,3
230,60,1
231,60,5
232,60,5
233,60,3
234,60,4
235,60,3
236,60,3
237,60,3
238,60,1
239,60,2
240,60,1
241,60,5
242,60,4
243,60,3
244,60,5
245,60,5
246,60,4
247,60,3
248,60,5
249,60,1
250,60,1
1,61,4
2,61,2
3,61,5
4,61,2
5,61,3
6,61,4
7,61,4
8,61,4
9,61,3
10,61,4
11,61,4
12,61,3
13,61,5
14,61,3
15,61,4
16,61,4
17,61,4
18,61,4
19,61,5
20,61,3
21,61,4
22,61,3
23,61,4
24,61,2
25,61,3
26,61,3
27,61,2
28,61,2
29,61,4
30,61,5
31,61,1
32,61,3
33,61,2
34,61,2
35,61,5
36,61,5
37,61,4
38,61,4
39,61,3
40,61,5
41,61,2
42,61,2
43,61,3
44,61,5
45,61,4
46,61,2
47,61,4
48,61,3
49,61,5
50,61,2
51,61,3
52,61,2
53,61,5
54,61,3
55,61,3
56,61,5
57,61,5
58,61,5
59,61,4
60,61,4
61,61,5
62,61,5
63,61,4
64,61,5
65,61,3
66,61,2
67,61,4
68,61,5
69,61,4
70,61,2
71,61,3
72,61,4
73,61,4
74,61,3
75,61,3
76,61,5
77,61,4
78,61,4
79,61,1
80,61,5
81,61,2
82,61,5
83,61,3
84,61,3
85,61,3
86,61,5
87,61,5
88,61,2
89,61,3
90,61,4
91,61,1
92,61,5
93,61,3
94,61,2
95,61,1
96,61,3
97,61,2
98,61,3
99,61,1
100,61,2
101,61,4
102,61,5
103,61,3
104,61,5
105,61,4
106,61,5
107,61,2
108,61,2
109,61,5
110,61,4
111,61,4
112,61,4
113,61,1
114,61,3
115,61,5
116,61,4
117,61,4
118,61,4
119,61,4
120,61,5
121,61,2
122,61,3
123,61,2
124,61,2
125,61,1
126,61,5
127,61,3
128,61,3
129,61,5
130,61,1
131,61,3
132,61,5
133,61,3
134,61,3
135,61,4
136,61,5
137,61,4
138,61,3
139,61,5
140,61,1
141,61,4
142,61,2
143,61,4
144,61,3
145,61,4
146,61,1
147,61,3
148,61,3
149,61,3
150,61,5
151,61,5
152,61,2
153,61,4
154,61,2
155,61,4
156,61,3
157,61,5
158,61,2
159,61,1
160,61,2
161,61,4
162,61,2
163,61,5
164,61,2
165,61,5
166,61,3
167,61,3
168,61,2
169,61,3
170,61,3
171,61,2
172,61,1
173,61,3
174,61,5
175,61,3
176,61,4
177,61,3
178,61,5
179,61,1
180,61,4
181,61,4
182,61,2
183,61,3
184,61,5
185,61,2
186,61,3
187,61,3
188,61,4
189,61,1
190,61,5
191,61,3
192,61,5
193,61,5
194,61,3
195,61,1
196,61,4
197,61,3
198,61,5
199,61,1
200,61,3
201,61,3
202,61,3
203,61,2
204,61,2
205,61,5
206,61,2
207,61,3
208,61,2
209,61,3
210,61,4
211,61,4
212,61,4
213,61,4
214,61,5
215,61,1
216,61,5
217,61,4
218,61,3
219,61,3
220,61,5
221,61,4
222,61,2
223,61,4
224,61,4
225,61,4
226,61,2
227,61,3
228,61,3
229,61,3
230,61,3
231,61,1
232,61,4
233,61,3
234,61,5
235,61,3
236,61,3
237,61,1
238,61,4
239,61,3
240,61,4
241,61,5
242,61,4
243,61,3
244,61,4
245,61,5
246,61,4
247,61,1
248,61,4
249,61,2
250,61,2
1,62,5
2,62,3
3,62,5
4,62,4
5,62,3
6,62,5
7,62,5
8,62,3
9,62,3
10,62,2
11,62,4
12,62,2
13,62,4
14,62,3
15,62,5
16,62,3
17,62,4
18,62,2
19,62,5
20,62,3
21,62,4
22,62,4
23,62,4
24,62,1
25,62,3
26,62,3
27,62,4
28,62,3
29,62,5
30,62,4
31,62,2
32,62,3
33,62,4
34,62,2
35,62,5
36,62,5
37,62,2
38,62,5
39,62,4
40,62,5
41,62,2
42,62,2
43,62,3
44,62,5
45,62,4
46,62,3
47,62,2
48,62,2
49,62,5
50,62,4
51,62,1
52,62,1
53,62,5
54,62,3
55,62,3
56,62,4
57,62,5
58,62,5
59,62,5
60,62,4
61,62,5
62,62,4
63,62,2
64,62,5
65,62,3
66,62,3
67,62,2
68,62,4
69,62,5
70,62,3
71,62,2
72,62,4
73,62,4
74,62,4
75,62,3
76,62,5
77,62,5
78,62,3
79,62,2
80,62,5
81,62,2
82,62,5
83,62,2
84,62,2
85,62,1
86,62,5
87,62,4
88,62,2
89,62,1
90,62,5
91,62,1
92,62,4
93,62,2
94,62,2
95,62,3
96,62,2
97,62,3
98,62,3
99,62,3
100,62,2
101,62,4
102,62,5
103,62,5
104,62,3
105,62,5
106,62,5
107,62,2
108,62,3
109,62,5
110,62,5
111,62,4
112,62,4
113,62,4
114,62,4
115,62,4
116,62,2
117,62,3
118,62,5
119,62,4
120,62,5
121,62,3
122,62,4
123,62,2
124,62,3
125,62,1
126,62,5
127,62,2
128,62,3
129,62,5
130,62,4
131,62,3
132,62,4
133,62,3
134,62,3
135,62,4
136,62,5
137,62,5
138,62,3
139,62,5
140,62,2
141,62,2
142,62,5
143,62,5
144,62,3
145,62,5
146,62,4
147,62,3
148,62,4
149,62,3
150,62,5
151,62,4
152,62,1
153,62,2
154,62,3
155,62,4
156,62,2
157,62,5
158,62,2
159,62,3
160,62,4
161,62,5
162,62,2
163,62,5
164,62,4
165,62,5
166,62,5
167,62,2
168,62,2
169,62,2
170,62,3
171,62,2
172,62,1
173,62,3
174,62,5
175,62,3
176,62,3
177,62,1
178,62,4
179,62,3
180,62,4
181,62,4
182,62,3
183,62,3
184,62,4
185,62,1
186,62,3
187,62,1
188,62,5
189,62,2
190,62,5
191,62,4
192,62,5
193,62,5
194,62,4
195,62,3
196,62,4
197,62,3
198,62,5
199,62,2
200,62,5
201,62,2
202,62,4
203,62,3
204,62,1
205,62,1
206,62,4
207,62,2
208,62,3
209,62,1
210,62,5
211,62,1
212,62,4
213,62,5
214,62,5
215,62,2
216,62,4
217,62,3
218,62,3
219,62,3
220,62,5
221,62,3
222,62,3
223,62,5
224,62,1
225,62,4
226,62,2
227,62,1
228,62,3
229,62,3
230,62,3
231,62,1
232,62,5
233,62,2
234,62,5
235,62,3
236,62,3
237,62,3
238,62,3
239,62,1
240,62,2
241,62,4
242,62,5
243,62,4
244,62,4
245,62,4
246,62,5
247,62,2
248,62,5
249,62,2
250,62,2
1,63,5
2,63,1
3,63,5
4,63,4
5,63,4
6,63,5
7,63,5
8,63,3
9,63,2
10,63,2
11,63,5
12,63,3
13,63,5
14,63,1
15,63,5
16,63,4
17,63,4
18,63,3
19,63,5
20,63,3
21,63,5
22,63,2
23,63,5
24,63,5
25,63,4
26,63,2
27,63,3
28,63,2
29,63,4
30,63,5
31,63,4
32,63,1
33,63,3
34,63,3
35,63,4
36,63,5
37,63,3
38,63,5
39,63,3
40,63,5
41,63,3
42,63,1
43,63,3
44,63,5
45,63,3
46,63,5
47,63,2
48,63,2
49,63,5
50,63,4
51,63,4
52,63,5
53,63,5
54,63,4
55,63,3
56,63,5
57,63,5
58,63,5
59,63,5
60,63,5
61,63,5
62,63,4
63,63,3
64,63,5
65,63,3
66,63,2
67,63,1
68,63,5
69,63,5
70,63,3
71,63,3
72,63,4
73,63,5
74,63,3
75,63,3
76,63,5
77,63,5
78,63,5
79,63,2
80,63,5
81,63,3
82,63,4
83,63,3
84,63,4
85,63,3
86,63,5
87,63,5
88,63,3
89,63,1
90,63,5
91,63,3
92,63,5
93,63,3
94,63,3
95,63,3
96,63,2
97,63,3
98,63,3
99,63,3
100,63,3
101,63,4
102,63,5
103,63,2
104,63,4
105,63,5
106,63,4
107,63,3
108,63,3
109,63,5
110,63,4
111,63,2
112,63,3
113,63,2
114,63,2
115,63,4
116,63,5
117,63,3
118,63,5
119,63,4
120,63,4
121,63,3
122,63,2
123,63,2
124,63,2
125,63,3
126,63,4
127,63,3
128,63,3
129,63,5
130,63,2
131,63,1
132,63,5
133,63,3
134,63,2
135,63,5
136,63,5
137,63,5
138,63,4
139,63,5
140,63,4
141,63,3
142,63,4
143,63,4
144,63,3
145,63,4
146,63,4
147,63,2
148,63,3
149,63,4
150,63,5
151,63,5
152,63,3
153,63,1
154,63,3
155,63,4
156,63,2
157,63,5
158,63,3
159,63,2
160,63,5
161,63,5
162,63,3
163,63,4
164,63,4
165,63,4
166,63,2
167,63,3
168,63,4
169,63,3
170,63,3
171,63,3
172,63,4
173,63,2
174,63,4
175,63,1
176,63,4
177,63,3
178,63,5
179,63,2
180,63,4
181,63,2
182,63,3
183,63,4
184,63,4
185,63,4
186,63,3
187,63,1
188,63,5
189,63,3
190,63,5
191,63,2
192,63,5
193,63,5
194,63,5
195,63,3
196,63,4
197,63,3
198,63,5
199,63,3
200,63,3
201,63,1
202,63,3
203,63,3
204,63,4
205,63,2
206,63,2
207,63,3
208,63,3
209,63,3
210,63,5
211,63,2
212,63,5
213,63,5
214,63,5
215,63,1
216,63,4
217,63,1
218,63,1
219,63,1
220,63,4
221,63,3
222,63,2
223,63,5
224,63,3
225,63,4
226,63,3
227,63,3
228,63,4
229,63,3
230,63,1
231,63,4
232,63,5
233,63,2
234,63,4
235,63,3
236,63,2
237,63,3
238,63,2
239,63,1
240,63,1
241,63,5
242,63,5
243,63,3
244,63,5
245,63,5
246,63,5
247,63,1
248,63,4
249,63,2
250,63,2
1,64,4
2,64,2
3,64,5
4,64,2
5,64,2
6,64,5
7,64,4
8,64,2
9,64,2
10,64,3
11,64,4
12,64,2
13,64,5
14,64,2
15,64,5
16,64,3
17,64,4
18,64,5
19,64,4
20,64,3
21,64,5
22,64,4
23,64,4
24,64,3
25,64,4
26,64,2
27,64,4
28,64,1
29,64,5
30,64,4
31,64,3
32,64,2
33,64,3
34,64,2
35,64,5
36,64,4
37,64,4
38,64,4
39,64,4
40,64,4
41,64,1
42,64,2
43,64,2
44,64,5
45,64,4
46,64,4
47,64,3
48,64,2
49,64,4
50,64,2
51,64,4
52,64,4
53,64,5
54,64,2
55,64,1
56,64,4
57,64,4
58,64,5
59,64,5
60,64,5
61,64,5
62,64,2
63,64,3
64,64,4
65,64,1
66,64,2
67,64,4
68,64,4
69,64,5
70,64,4
71,64,3
72,64,4
73,64,4
74,64,2
75,64,3
76,64,5
77,64,4
78,64,4
79,64,3
80,64,4
81,64,2
82,64,4
83,64,4
84,64,4
85,64,3
86,64,5
87,64,5
88,64,2
89,64,3
90,64,4
91,64,2
92,64,5
93,64,3
94,64,2
95,64,3
96,64,2
97,64,2
98,64,4
99,64,3
100,64,3
101,64,5
102,64,5
103,64,3
104,64,3
105,64,5
106,64,5
107,64,3
108,64,2
109,64,5
110,64,4
111,64,3
112,64,1
113,64,3
114,64,4
115,64,5
116,64,4
117,64,3
118,64,4
119,64,5
120,64,4
121,64,3
122,64,4
123,64,3
124,64,4
125,64,3
126,64,4
127,64,4
128,64,2
129,64,4
130,64,3
131,64,2
132,64,4
133,64,3
134,64,1
135,64,4
136,64,5
137,64,5
138,64,3
139,64,5
140,64,3
141,64,2
142,64,4
143,64,5
144,64,2
145,64,5
146,64,3
147,64,3
148,64,3
149,64,5
150,64,4
151,64,4
152,64,3
153,64,4
154,64,1
155,64,4
156,64,3
157,64,4
158,64,3
159,64,2
160,64,5
161,64,5
162,64,3
163,64,5
164,64,3
165,64,4
166,64,3
167,64,1
168,64,4
169,64,3
170,64,3
171,64,3
172,64,3
173,64,2
174,64,5
175,64,1
176,64,5
177,64,2
178,64,4
179,64,1
180,64,4
181,64,1
182,64,3
183,64,2
184,64,4
185,64,1
186,64,1
187,64,4
188,64,4
189,64,3
190,64,4
191,64,3
192,64,4
193,64,5
194,64,4
195,64,2
196,64,2
197,64,3
198,64,4
199,64,2
200,64,4
201,64,2
202,64,2
203,64,3
204,64,4
205,64,3
206,64,4
207,64,1
208,64,3
209,64,3
210,64,5
211,64,4
212,64,5
213,64,5
214,64,5
215,64,3
216,64,5
217,64,4
218,64,3
219,64,2
220,64,5
221,64,3
222,64,3
223,64,5
224,64,3
225,64,5
226,64,2
227,64,1
228,64,1
229,64,3
230,64,2
231,64,3
232,64,5
233,64,1
234,64,5
235,64,3
236,64,3
237,64,3
238,64,4
239,64,3
240,64,2
241,64,5
242,64,4
243,64,3
244,64,4
245,64,4
246,64,5
247,64,3
248,64,5
249,64,2
250,64,2
1,65,4
2,65,3
3,65,5
4,65,3
5,65,3
6,65,4
7,65,4
8,65,4
9,65,1
10,65,4
11,65,5
12,65,3
13,65,5
14,65,3
15,65,5
16,65,4
17,65,4
18,65,4
19,65,5
20,65,3
21,65,4
22,65,3
23,65,5
24,65,4
25,65,4
26,65,4
27,65,2
28,65,4
29,65,4
30,65,5
31,65,2
32,65,2
33,65,5
34,65,2
35,65,4
36,65,4
37,65,2
38,65,5
39,65,2
40,65,5
41,65,3
42,65,4
43,65,3
44,65,4
45,65,4
46,65,4
47,65,2
48,65,2
49,65,4
50,65,2
51,65,3
52,65,3
53,65,4
54,65,3
55,65,2
56,65,5
57,65,5
58,65,5
59,65,4
60,65,4
61,65,4
62,65,4
63,65,4
64,65,5
65,65,3
66,65,2
67,65,4
68,65,5
69,65,5
70,65,3
71,65,2
72,65,5
73,65,4
74,65,2
75,65,3
76,65,4
77,65,5
78,65,4
79,65,3
80,65,5
81,65,3
82,65,5
83,65,3
84,65,5
85,65,2
86,65,5
87,65,5
88,65,3
89,65,2
90,65,5
91,65,3
92,65,4
93,65,3
94,65,2
95,65,4
96,65,2
97,65,3
98,65,4
99,65,3
100,65,3
101,65,4
102,65,5
103,65,2
104,65,4
105,65,5
106,65,5
107,65,3
108,65,1
109,65,5
110,65,5
111,65,3
112,65,5
113,65,4
114,65,5
115,65,5
116,65,2
117,65,3
118,65,4
119,65,5
120,65,4
121,65,1
122,65,2
123,65,3
124,65,2
125,65,1
126,65,5
127,65,2
128,65,2
129,65,4
130,65,2
131,65,3
132,65,5
133,65,1
134,65,1
135,65,4
136,65,4
137,65,5
138,65,4
139,65,4
140,65,3
141,65,3
142,65,3
143,65,5
144,65,3
145,65,5
146,65,3
147,65,1
148,65,4
149,65,4
150,65,4
151,65,5
152,65,1
153,65,1
154,65,3
155,65,5
156,65,1
157,65,4
158,65,3
159,65,4
160,65,3
161,65,4
162,65,2
163,65,5
164,65,4
165,65,4
166,65,2
167,65,2
168,65,3
169,65,3
170,65,1
171,65,3
172,65,1
173,65,2
174,65,5
175,65,2
176,65,4
177,65,3
178,65,4
179,65,2
180,65,5
181,65,4
182,65,1
183,65,2
184,65,5
185,65,1
186,65,2
187,65,4
188,65,4
189,65,3
190,65,4
191,65,2
192,65,4
193,65,4
194,65,4
195,65,3
196,65,1
197,65,2
198,65,4
199,65,2
200,65,1
201,65,2
202,65,3
203,65,3
204,65,3
205,65,1
206,65,3
207,65,2
208,65,2
209,65,1
210,65,4
211,65,3
212,65,5
213,65,4
214,65,4
215,65,3
216,65,4
217,65,3
218,65,1
219,65,2
220,65,5
221,65,1
222,65,2
223,65,5
224,65,2
225,65,5
226,65,2
227,65,2
228,65,2
229,65,3
230,65,2
231,65,2
232,65,5
233,65,3
234,65,5
235,65,3
236,65,2
237,65,1
238,65,4
239,65,3
240,65,3
241,65,4
242,65,4
243,65,4
244,65,5
245,65,5
246,65,5
247,65,2
248,65,5
249,65,1
250,65,2
1,66,5
2,66,1
3,66,5
4,66,1
5,66,3
6,66,5
7,66,4
8,66,3
9,66,2
10,66,3
11,66,5
12,66,3
13,66,5
14,66,3
15,66,5
16,66,3
17,66,4
18,66,3
19,66,5
20,66,2
21,66,5
22,66,2
23,66,5
24,66,2
25,66,4
26,66,2
27,66,2
28,66,3
29,66,5
30,66,5
31,66,4
32,66,4
33,66,3
34,66,3
35,66,4
36,66,5
37,66,4
38,66,5
39,66,2
40,66,5
41,66,3
42,66,2
43,66,2
44,66,5
45,66,2
46,66,2
47,66,5
48,66,3
49,66,4
50,66,1
51,66,1
52,66,3
53,66,5
54,66,3
55,66,2
56,66,4
57,66,5
58,66,4
59,66,5
60,66,4
61,66,5
62,66,2
63,66,3
64,66,5
65,66,3
66,66,3
67,66,5
68,66,4
69,66,4
70,66,2
71,66,3
72,66,4
73,66,4
74,66,4
75,66,1
76,66,4
77,66,4
78,66,3
79,66,2
80,66,4
81,66,4
82,66,4
83,66,4
84,66,2
85,66,3
86,66,4
87,66,5
88,66,3
89,66,1
90,66,5
91,66,1
92,66,4
93,66,2
94,66,3
95,66,2
96,66,4
97,66,2
98,66,3
99,66,3
100,66,2
101,66,5
102,66,4
103,66,3
104,66,2
105,66,4
106,66,5
107,66,2
108,66,3
109,66,5
110,66,4
111,66,3
112,66,4
113,66,4
114,66,2
115,66,5
116,66,1
117,66,1
118,66,5
119,66,5
120,66,5
121,66,3
122,66,3
123,66,3
124,66,2
125,66,4
126,66,5
127,66,3
128,66,2
129,66,5
130,66,3
131,66,2
132,66,5
133,66,4
134,66,3
135,66,5
136,66,4
137,66,5
138,66,3
139,66,5
140,66,2
141,66,4
142,66,2
143,66,4
144,66,1
145,66,5
146,66,2
147,66,3
148,66,1
149,66,3
150,66,5
151,66,4
152,66,1
153,66,2
154,66,2
155,66,4
156,66,2
157,66,4
158,66,2
159,66,1
160,66,3
161,66,5
162,66,3
163,66,5
164,66,2
165,66,4
166,66,2
167,66,1
168,66,2
169,66,3
170,66,3
171,66,2
172,66,4
173,66,3
174,66,5
175,66,3
176,66,3
177,66,3
178,66,5
179,66,2
180,66,4
181,66,2
182,66,3
183,66,2
184,66,4
185,66,4
186,66,2
187,66,2
188,66,5
189,66,2
190,66,4
191,66,3
192,66,5
193,66,5
194,66,2
195,66,1
196,66,1
197,66,3
198,66,5
199,66,1
200,66,4
201,66,2
202,66,3
203,66,2
204,66,3
205,66,2
206,66,5
207,66,2
208,66,1
209,66,3
210,66,4
211,66,1
212,66,5
213,66,5
214,66,5
215,66,2
216,66,5
217,66,4
218,66,3
219,66,3
220,66,5
221,66,2
222,66,3
223,66,4
224,66,4
225,66,4
226,66,3
227,66,2
228,66,1
229,66,3
230,66,2
231,66,3
232,66,4
233,66,1
234,66,4
235,66,3
236,66,1
237,66,2
238,66,3
239,66,3
240,66,3
241,66,5
242,66,5
243,66,2
244,66,4
245,66,4
246,66,4
247,66,1
248,66,5
249,66,3
250,66,3
1,67,5
2,67,2
3,67,4
4,67,3
5,67,2
6,67,4
7,67,4
8,67,5
9,67,4
10,67,3
11,67,4
12,67,3
13,67,5
14,67,3
15,67,5
16,67,2
17,67,5
18,67,2
19,67,4
20,67,3
21,67,5
22,67,5
23,67,4
24,67,2
25,67,4
26,67,2
27,67,3
28,67,2
29,67,4
30,67,5
31,67,1
32,67,2
33,67,4
34,67,1
35,67,4
36,67,5
37,67,3
38,67,5
39,67,2
40,67,5
41,67,4
42,67,3
43,67,3
44,67,4
45,67,3
46,67,2
47,67,3
48,67,2
49,67,5
50,67,3
51,67,2
52,67,3
53,67,4
54,67,2
55,67,1
56,67,4
57,67,4
58,67,4
59,67,5
60,67,5
61,67,5
62,67,3
63,67,4
64,67,4
65,67,2
66,67,2
67,67,3
68,67,4
69,67,4
70,67,4
71,67,3
72,67,4
73,67,4
74,67,3
75,67,3
76,67,5
77,67,4
78,67,3
79,67,2
80,67,5
81,67,4
82,67,5
83,67,3
84,67,3
85,67,3
86,67,5
87,67,5
88,67,3
89,67,2
90,67,4
91,67,3
92,67,4
93,67,1
94,67,4
95,67,3
96,67,5
97,67,2
98,67,4
99,67,3
100,67,3
101,67,5
102,67,5
103,67,2
104,67,2
105,67,4
106,67,5
107,67,2
108,67,3
109,67,5
110,67,5
111,67,1
112,67,3
113,67,2
114,67,1
115,67,5
116,67,5
117,67,3
118,67,5
119,67,4
120,67,5
121,67,3
122,67,3
123,67,2
124,67,2
125,67,4
126,67,5
127,67,4
128,67,3
129,67,5
130,67,4
131,67,2
132,67,5
133,67,2
134,67,2
135,67,5
136,67,5
137,67,5
138,67,3
139,67,5
140,67,3
141,67,3
142,67,4
143,67,5
144,67,2
145,67,4
146,67,3
147,67,3
148,67,3
149,67,2
150,67,5
151,67,5
152,67,2
153,67,3
154,67,3
155,67,5
156,67,3
157,67,4
158,67,2
159,67,3
160,67,3
161,67,5
162,67,1
163,67,5
164,67,2
165,67,5
166,67,3
167,67,1
168,67,3
169,67,2
170,67,3
171,67,3
172,67,3
173,67,2
174,67,5
175,67,2
176,67,4
177,67,3
178,67,5
179,67,3
180,67,5
181,67,4
182,67,2
183,67,4
184,67,5
185,67,1
186,67,3
187,67,3
188,67,5
189,67,3
190,67,4
191,67,3
192,67,5
193,67,4
194,67,1
195,67,3
196,67,3
197,67,2
198,67,4
199,67,3
200,67,2
201,67,3
202,67,3
203,67,2
204,67,4
205,67,3
206,67,4
207,67,3
208,67,3
209,67,3
210,67,5
211,67,1
212,67,5
213,67,4
214,67,4
215,67,3
216,67,5
217,67,4
218,67,2
219,67,3
220,67,4
221,67,3
222,67,3
223,67,4
224,67,3
225,67,4
226,67,3
227,67,3
228,67,4
229,67,2
230,67,2
231,67,3
232,67,5
233,67,3
234,67,4
235,67,1
236,67,3
237,67,3
238,67,4
239,67,3
240,67,3
241,67,4
242,67,5
243,67,4
244,67,4
245,67,4
246,67,5
247,67,3
248,67,4
249,67,3
250,67,3
1,68,5
2,68,2
3,68,4
4,68,2
5,68,2
6,68,5
7,68,5
8,68,4
9,68,3
10,68,4
11,68,5
12,68,3
13,68,5
14,68,3
15,68,5
16,68,3
17,68,4
18,68,4
19,68,5
20,68,4
21,68,4
22,68,4
23,68,5
24,68,3
25,68,3
26,68,1
27,68,4
28,68,2
29,68,4
30,68,4
31,68,3
32,68,2
33,68,3
34,68,1
35,68,4
36,68,4
37,68,5
38,68,4
39,68,2
40,68,5
41,68,4
42,68,4
43,68,3
44,68,5
45,68,3
46,68,2
47,68,4
48,68,2
49,68,5
50,68,4
51,68,1
52,68,4
53,68,5
54,68,3
55,68,3
56,68,5
57,68,5
58,68,4
59,68,5
60,68,5
61,68,5
62,68,3
63,68,2
64,68,5
65,68,2
66,68,2
67,68,3
68,68,5
69,68,4
70,68,4
71,68,2
72,68,4
73,68,4
74,68,1
75,68,2
76,68,5
77,68,4
78,68,2
79,68,2
80,68,4
81,68,4
82,68,5
83,68,4
84,68,3
85,68,3
86,68,5
87,68,5
88,68,3
89,68,1
90,68,4
91,68,3
92,68,4
93,68,1
94,68,3
95,68,2
96,68,3
97,68,1
98,68,4
99,68,3
100,68,5
101,68,4
102,68,4
103,68,4
104,68,2
105,68,4
106,68,5
107,68,1
108,68,3
109,68,4
110,68,5
111,68,3
112,68,4
113,68,3
114,68,3
115,68,4
116,68,3
117,68,4
118,68,5
119,68,5
120,68,5
121,68,2
122,68,3
123,68,2
124,68,3
125,68,4
126,68,5
127,68,2
128,68,2
129,68,4
130,68,4
131,68,2
132,68,5
133,68,2
134,68,2
135,68,5
136,68,4
137,68,4
138,68,2
139,68,5
140,68,5
141,68,3
142,68,4
143,68,5
144,68,2
145,68,5
146,68,1
147,68,2
148,68,3
149,68,3
150,68,5
151,68,4
152,68,3
153,68,2
154,68,3
155,68,5
156,68,3
157,68,4
158,68,2
159,68,2
160,68,3
161,68,4
162,68,3
163,68,4
164,68,4
165,68,5
166,68,3
167,68,3
168,68,2
169,68,2
170,68,3
171,68,1
172,68,2
173,68,3
174,68,5
175,68,3
176,68,3
177,68,2
178,68,4
179,68,2
180,68,4
181,68,1
182,68,3
183,68,3
184,68,4
185,68,1
186,68,3
187,68,2
188,68,5
189,68,3
190,68,5
191,68,4
192,68,5
193,68,5
194,68,1
195,68,3
196,68,3
197,68,3
198,68,4
199,68,3
200,68,2
201,68,3
202,68,4
203,68,3
204,68,4
205,68,3
206,68,3
207,68,3
208,68,3
209,68,3
210,68,4
211,68,3
212,68,4
213,68,5
214,68,4
215,68,3
216,68,4
217,68,4
218,68,3
219,68,3
220,68,5
221,68,3
222,68,2
223,68,5
224,68,2
225,68,5
226,68,3
227,68,1
228,68,3
229,68,1
230,68,3
231,68,3
232,68,5
233,68,3
234,68,5
235,68,2
236,68,2
237,68,2
238,68,5
239,68,1
240,68,4
241,68,5
242,68,4
243,68,4
244,68,4
245,68,4
246,68,5
247,68,3
248,68,5
249,68,2
250,68,3
1,69,5
2,69,3
3,69,5
4,69,3
5,69,2
6,69,4
7,69,5
8,69,1
9,69,1
10,69,3
11,69,5
12,69,2
13,69,4
14,69,3
15,69,5
16,69,3
17,69,4
18,69,4
19,69,5
20,69,1
21,69,5
22,69,4
23,69,5
24,69,4
25,69,2
26,69,3
27,69,4
28,69,3
29,69,5
30,69,5
31,69,3
32,69,4
33,69,3
34,69,2
35,69,5
36,69,4
37,69,4
38,69,4
39,69,4
40,69,4
41,69,3
42,69,4
43,69,2
44,69,4
45,69,2
46,69,2
47,69,1
48,69,3
49,69,4
50,69,2
51,69,2
52,69,3
53,69,5
54,69,1
55,69,2
56,69,4
57,69,5
58,69,5
59,69,4
60,69,5
61,69,5
62,69,4
63,69,1
64,69,4
65,69,1
66,69,2
67,69,4
68,69,5
69,69,4
70,69,4
71,69,3
72,69,5
73,69,5
74,69,2
75,69,3
76,69,5
77,69,4
78,69,3
79,69,3
80,69,4
81,69,3
82,69,4
83,69,2
84,69,4
85,69,3
86,69,5
87,69,4
88,69,2
89,69,2
90,69,5
91,69,3
92,69,5
93,69,2
94,69,4
95,69,2
96,69,2
97,69,3
98,69,2
99,69,2
100,69,4
101,69,5
102,69,4
103,69,3
104,69,1
105,69,5
106,69,5
107,69,3
108,69,1
109,69,4
110,69,4
111,69,1
112,69,4
113,69,1
114,69,4
115,69,5
116,69,4
117,69,4
118,69,4
119,69,4
120,69,4
121,69,3
122,69,4
123,69,2
124,69,3
125,69,4
126,69,5
127,69,2
128,69,3
129,69,5
130,69,4
131,69,3
132,69,5
133,69,3
134,69,3
135,69,5
136,69,5
137,69,4
138,69,4
139,69,4
140,69,4
141,69,4
142,69,5
143,69,5
144,69,3
145,69,4
146,69,3
147,69,3
148,69,3
149,69,2
150,69,5
151,69,5
152,69,3
153,69,3
154,69,2
155,69,5
156,69,2
157,69,4
158,69,1
159,69,4
160,69,3
161,69,4
162,69,3
163,69,5
164,69,1
165,69,4
166,69,4
167,69,3
168,69,4
169,69,3
170,69,3
171,69,1
172,69,2
173,69,3
174,69,5
175,69,3
176,69,1
177,69,2
178,69,4
179,69,1
180,69,4
181,69,4
182,69,3
183,69,1
184,69,5
185,69,2
186,69,3
187,69,5
188,69,5
189,69,1
190,69,5
191,69,3
192,69,5
193,69,4
194,69,1
195,69,2
196,69,3
197,69,2
198,69,4
199,69,2
200,69,3
201,69,2
202,69,3
203,69,2
204,69,3
205,69,5
206,69,1
207,69,1
208,69,3
209,69,3
210,69,4
211,69,2
212,69,5
213,69,4
214,69,5
215,69,2
216,69,4
217,69,5
218,69,2
219,69,2
220,69,4
221,69,4
222,69,2
223,69,5
224,69,4
225,69,4
226,69,2
227,69,3
228,69,3
229,69,3
230,69,3
231,69,3
232,69,5
233,69,3
234,69,5
235,69,1
236,69,3
237,69,3
238,69,3
239,69,1
240,69,3
241,69,4
242,69,4
243,69,1
244,69,4
245,69,5
246,69,5
247,69,3
248,69,5
249,69,3
250,69,3
1,70,2
2,70,1
3,70,2
4,70,4
5,70,5
6,70,3
7,70,1
8,70,4
9,70,5
10,70,5
11,70,3
12,70,2
13,70,1
14,70,1
15,70,3
16,70,4
17,70,3
18,70,4
19,70,2
20,70,4
21,70,2
22,70,5
23,70,2
24,70,4
25,70,4
26,70,5
27,70,4
28,70,4
29,70,2
30,70,3
31,70,5
32,70,5
33,70,5
34,70,1
35,70,1
36,70,1
37,70,5
38,70,2
39,70,5
40,70,2
41,70,5
42,70,4
43,70,1
44,70,3
45,70,4
46,70,4
47,70,4
48,70,1
49,70,3
50,70,5
51,70,4
52,70,4
53,70,3
54,70,4
55,70,1
56,70,2
57,70,2
58,70,3
59,70,3
60,70,2
61,70,2
62,70,5
63,70,4
64,70,2
65,70,1
66,70,1
67,70,4
68,70,3
69,70,3
70,70,4
71,70,1
72,70,3
73,70,3
74,70,4
75,70,2
76,70,1
77,70,3
78,70,5
79,70,1
80,70,2
81,70,4
82,70,3
83,70,4
84,70,4
85,70,1
86,70,2
87,70,3
88,70,2
89,70,1
90,70,1
91,70,2
92,70,2
93,70,1
94,70,5
95,70,5
96,70,4
97,70,1
98,70,4
99,70,1
100,70,4
101,70,3
102,70,2
103,70,5
104,70,5
105,70,2
106,70,2
107,70,1
108,70,1
109,70,3
110,70,3
111,70,4
112,70,4
113,70,4
114,70,5
115,70,2
116,70,5
117,70,5
118,70,2
119,70,3
120,70,3
121,70,2
122,70,5
123,70,1
124,70,5
125,70,5
126,70,2
127,70,4
128,70,1
129,70,3
130,70,5
131,70,2
132,70,3
133,70,4
134,70,1
135,70,2
136,70,2
137,70,3
138,70,5
139,70,3
140,70,5
141,70,4
142,70,4
143,70,3
144,70,1
145,70,1
146,70,4
147,70,2
148,70,4
149,70,4
150,70,1
151,70,3
152,70,2
153,70,5
154,70,1
155,70,3
156,70,1
157,70,1
158,70,5
159,70,4
160,70,5
161,70,2
162,70,1
163,70,3
164,70,5
165,70,3
166,70,5
167,70,2
168,70,4
169,70,2
170,70,1
171,70,2
172,70,4
173,70,1
174,70,1
175,70,2
176,70,5
177,70,2
178,70,3
179,70,1
180,70,3
181,70,4
182,70,2
183,70,4
184,70,3
185,70,4
186,70,1
187,70,5
188,70,3
189,70,1
190,70,3
191,70,4
192,70,3
193,70,3
194,70,5
195,70,1
196,70,5
197,70,2
198,70,2
199,70,1
200,70,4
201,70,2
202,70,5
203,70,1
204,70,4
205,70,5
206,70,5
207,70,1
208,70,1
209,70,2
210,70,2
211,70,4
212,70,2
213,70,3
214,70,2
215,70,1
216,70,3
217,70,4
218,70,1
219,70,2
220,70,3
221,70,5
222,70,2
223,70,2
224,70,5
225,70,3
226,70,2
227,70,1
228,70,5
229,70,1
230,70,1
231,70,5
232,70,3
233,70,4
234,70,1
235,70,2
236,70,2
237,70,1
238,70,4
239,70,1
240,70,5
241,70,2
242,70,3
243,70,5
244,70,3
245,70,3
246,70,3
247,70,1
248,70,3
249,70,1
250,70,1
1,71,2
2,71,1
3,71,3
4,71,4
5,71,4
6,71,3
7,71,3
8,71,4
9,71,5
10,71,4
11,71,2
12,71,2
13,71,3
14,71,2
15,71,3
16,71,5
17,71,2
18,71,5
19,71,3
20,71,5
21,71,3
22,71,5
23,71,3
24,71,4
25,71,4
26,71,5
27,71,4
28,71,5
29,71,1
30,71,2
31,71,5
32,71,4
33,71,5
34,71,1
35,71,2
36,71,3
37,71,4
38,71,2
39,71,5
40,71,3
41,71,5
42,71,5
43,71,2
44,71,1
45,71,4
46,71,5
47,71,5
48,71,1
49,71,3
50,71,4
51,71,5
52,71,4
53,71,3
54,71,4
55,71,1
56,71,2
57,71,3
58,71,3
59,71,3
60,71,2
61,71,2
62,71,4
63,71,5
64,71,1
65,71,2
66,71,1
67,71,4
68,71,2
69,71,3
70,71,4
71,71,2
72,71,1
73,71,3
74,71,4
75,71,1
76,71,2
77,71,2
78,71,5
79,71,2
80,71,3
81,71,5
82,71,2
83,71,5
84,71,5
85,71,2
86,71,1
87,71,1
88,71,1
89,71,1
90,71,1
91,71,2
92,71,3
93,71,2
94,71,4
95,71,5
96,71,4
97,71,1
98,71,5
99,71,1
100,71,5
101,71,1
102,71,3
103,71,5
104,71,5
105,71,3
106,71,3
107,71,1
108,71,1
109,71,1
110,71,1
111,71,5
112,71,5
113,71,5
114,71,4
115,71,3
116,71,4
117,71,5
118,71,2
119,71,3
120,71,2
121,71,2
122,71,4
123,71,1
124,71,4
125,71,5
126,71,3
127,71,5
128,71,1
129,71,1
130,71,4
131,71,2
132,71,3
133,71,5
134,71,1
135,71,2
136,71,2
137,71,3
138,71,5
139,71,3
140,71,5
141,71,4
142,71,4
143,71,1
144,71,2
145,71,1
146,71,4
147,71,1
148,71,5
149,71,5
150,71,2
151,71,3
152,71,2
153,71,5
154,71,1
155,71,1
156,71,2
157,71,2
158,71,5
159,71,5
160,71,5
161,71,2
162,71,1
163,71,3
164,71,5
165,71,3
166,71,5
167,71,1
168,71,4
169,71,1
170,71,1
171,71,1
172,71,5
173,71,1
174,71,2
175,71,1
176,71,4
177,71,1
178,71,1
179,71,1
180,71,2
181,71,5
182,71,2
183,71,5
184,71,3
185,71,5
186,71,1
187,71,5
188,71,1
189,71,1
190,71,2
191,71,5
192,71,2
193,71,1
194,71,5
195,71,1
196,71,5
197,71,1
198,71,2
199,71,1
200,71,5
201,71,1
202,71,4
203,71,1
204,71,4
205,71,4
206,71,5
207,71,1
208,71,1
209,71,1
210,71,2
211,71,5
212,71,1
213,71,1
214,71,3
215,71,1
216,71,2
217,71,5
218,71,1
219,71,2
220,71,3
221,71,5
222,71,2
223,71,2
224,71,4
225,71,3
226,71,2
227,71,2
228,71,5
229,71,1
230,71,1
231,71,4
232,71,2
233,71,4
234,71,2
235,71,1
236,71,1
237,71,1
238,71,5
239,71,1
240,71,5
241,71,3
242,71,3
243,71,5
244,71,3
245,71,2
246,71,1
247,71,1
248,71,2
249,71,1
250,71,2
1,72,5
2,72,1
3,72,4
4,72,3
5,72,1
6,72,4
7,72,5
8,72,3
9,72,3
10,72,1
11,72,5
12,72,3
13,72,5
14,72,1
15,72,5
16,72,3
17,72,5
18,72,3
19,72,5
20,72,4
21,72,5
22,72,3
23,72,4
24,72,3
25,72,1
26,72,4
27,72,3
28,72,3
29,72,4
30,72,4
31,72,5
32,72,5
33,72,1
34,72,1
35,72,4
36,72,5
37,72,3
38,72,4
39,72,3
40,72,5
41,72,5
42,72,4
43,72,3
44,72,4
45,72,3
46,72,4
47,72,4
48,72,2
49,72,4
50,72,1
51,72,4
52,72,4
53,72,5
54,72,3
55,72,3
56,72,5
57,72,4
58,72,5
59,72,5
60,72,5
61,72,5
62,72,3
63,72,2
64,72,4
65,72,1
66,72,3
67,72,3
68,72,5
69,72,4
70,72,3
71,72,3
72,72,5
73,72,5
74,72,4
75,72,2
76,72,5
77,72,5
78,72,3
79,72,2
80,72,4
81,72,3
82,72,5
83,72,4
84,72,2
85,72,3
86,72,5
87,72,5
88,72,3
89,72,1
90,72,5
91,72,3
92,72,5
93,72,1
94,72,3
95,72,5
96,72,4
97,72,1
98,72,3
99,72,2
100,72,2
101,72,5
102,72,5
103,72,4
104,72,3
105,72,5
106,72,5
107,72,3
108,72,1
109,72,5
110,72,5
111,72,2
112,72,2
113,72,3
114,72,3
115,72,5
116,72,1
117,72,4
118,72,4
119,72,5
120,72,4
121,72,3
122,72,2
123,72,2
124,72,2
125,72,4
126,72,5
127,72,2
128,72,2
129,72,4
130,72,2
131,72,3
132,72,5
133,72,3
134,72,2
135,72,5
136,72,4
137,72,5
138,72,1
139,72,4
140,72,1
141,72,2
142,72,4
143,72,5
144,72,2
145,72,4
146,72,2
147,72,2
148,72,3
149,72,4
150,72,5
151,72,5
152,72,1
153,72,1
154,72,2
155,72,5
156,72,3
157,72,4
158,72,3
159,72,3
160,72,3
161,72,5
162,72,3
163,72,5
164,72,4
165,72,4
166,72,2
167,72,2
168,72,4
169,72,3
170,72,3
171,72,3
172,72,4
173,72,2
174,72,5
175,72,1
176,72,2
177,72,2
178,72,5
179,72,3
180,72,5
181,72,2
182,72,2
183,72,3
184,72,4
185,72,4
186,72,3
187,72,3
188,72,5
189,72,3
190,72,5
191,72,3
192,72,4
193,72,4
194,72,2
195,72,2
196,72,3
197,72,1
198,72,4
199,72,3
200,72,4
201,72,1
202,72,3
203,72,1
204,72,4
205,72,3
206,72,3
207,72,2
208,72,2
209,72,2
210,72,5
211,72,1
212,72,4
213,72,4
214,72,4
215,72,3
216,72,4
217,72,1
218,72,2
219,72,2
220,72,4
221,72,4
222,72,2
223,72,4
224,72,3
225,72,4
226,72,3
227,72,1
228,72,4
229,72,3
230,72,1
231,72,2
232,72,4
233,72,2
234,72,4
235,72,3
236,72,3
237,72,3
238,72,1
239,72,2
240,72,4
241,72,5
242,72,4
243,72,1
244,72,4
245,72,5
246,72,5
247,72,1
248,72,5
249,72,3
250,72,3
1,73,5
2,73,2
3,73,4
4,73,3
5,73,2
6,73,5
7,73,5
8,73,3
9,73,4
10,73,2
11,73,4
12,73,2
13,73,5
14,73,2
15,73,4
16,73,1
17,73,5
18,73,1
19,73,4
20,73,2
21,73,5
22,73,3
23,73,4
24,73,5
25,73,3
26,73,3
27,73,3
28,73,2
29,73,5
30,73,4
31,73,3
32,73,5
33,73,2
34,73,1
35,73,5
36,73,5
37,73,4
38,73,5
39,73,4
40,73,5
41,73,1
42,73,3
43,73,2
44,73,5
45,73,1
46,73,3
47,73,4
48,73,1
49,73,5
50,73,3
51,73,3
52,73,3
53,73,5
54,73,3
55,73,1
56,73,5
57,73,4
58,73,4
59,73,4
60,73,5
61,73,4
62,73,5
63,73,3
64,73,5
65,73,1
66,73,3
67,73,3
68,73,5
69,73,4
70,73,2
71,73,3
72,73,4
73,73,4
74,73,1
75,73,3
76,73,4
77,73,5
78,73,2
79,73,2
80,73,4
81,73,3
82,73,4
83,73,3
84,73,4
85,73,3
86,73,5
87,73,5
88,73,2
89,73,3
90,73,4
91,73,3
92,73,5
93,73,3
94,73,4
95,73,3
96,73,1
97,73,3
98,73,3
99,73,3
100,73,5
101,73,5
102,73,4
103,73,4
104,73,1
105,73,5
106,73,5
107,73,1
108,73,2
109,73,4
110,73,4
111,73,1
112,73,3
113,73,3
114,73,5
115,73,5
116,73,4
117,73,5
118,73,5
119,73,5
120,73,5
121,73,3
122,73,3
123,73,3
124,73,2
125,73,3
126,73,4
127,73,2
128,73,3
129,73,5
130,73,4
131,73,2
132,73,5
133,73,2
134,73,2
135,73,4
136,73,5
137,73,4
138,73,1
139,73,5
140,73,3
141,73,4
142,73,4
143,73,5
144,73,3
145,73,5
146,73,5
147,73,1
148,73,3
149,73,3
150,73,5
151,73,4
152,73,3
153,73,4
154,73,3
155,73,5
156,73,3
157,73,5
158,73,4
159,73,3
160,73,4
161,73,4
162,73,3
163,73,5
164,73,3
165,73,4
166,73,3
167,73,1
168,73,3
169,73,2
170,73,2
171,73,3
172,73,2
173,73,3
174,73,4
175,73,1
176,73,2
177,73,3
178,73,4
179,73,1
180,73,5
181,73,4
182,73,3
183,73,2
184,73,4
185,73,4
186,73,3
187,73,4
188,73,5
189,73,3
190,73,4
191,73,2
192,73,5
193,73,5
194,73,3
195,73,3
196,73,2
197,73,2
198,73,5
199,73,3
200,73,3
201,73,3
202,73,1
203,73,3
204,73,3
205,73,2
206,73,2
207,73,3
208,73,3
209,73,3
210,73,4
211,73,5
212,73,4
213,73,5
214,73,4
215,73,3
216,73,4
217,73,5
218,73,3
219,73,1
220,73,4
221,73,3
222,73,2
223,73,4
224,73,3
225,73,5
226,73,2
227,73,1
228,73,5
229,73,3
230,73,1
231,73,5
232,73,4
233,73,1
234,73,5
235,73,2
236,73,3
237,73,1
238,73,4
239,73,1
240,73,2
241,73,4
242,73,4
243,73,3
244,73,4
245,73,5
246,73,5
247,73,1
248,73,5
249,73,1
250,73,3
1,74,4
2,74,2
3,74,4
4,74,3
5,74,4
6,74,5
7,74,4
8,74,4
9,74,1
10,74,2
11,74,4
12,74,1
13,74,4
14,74,3
15,74,5
16,74,5
17,74,4
18,74,3
19,74,5
20,74,5
21,74,5
22,74,1
23,74,5
24,74,4
25,74,4
26,74,2
27,74,3
28,74,4
29,74,4
30,74,5
31,74,2
32,74,3
33,74,3
34,74,3
35,74,4
36,74,5
37,74,1
38,74,4
39,74,3
40,74,4
41,74,4
42,74,3
43,74,1
44,74,5
45,74,4
46,74,5
47,74,5
48,74,2
49,74,5
50,74,3
51,74,2
52,74,3
53,74,4
54,74,1
55,74,3
56,74,5
57,74,5
58,74,5
59,74,5
60,74,4
61,74,4
62,74,4
63,74,2
64,74,5
65,74,2
66,74,2
67,74,1
68,74,5
69,74,4
70,74,4
71,74,3
72,74,5
73,74,4
74,74,2
75,74,2
76,74,5
77,74,5
78,74,2
79,74,3
80,74,5
81,74,1
82,74,4
83,74,3
84,74,4
85,74,2
86,74,5
87,74,4
88,74,2
89,74,1
90,74,4
91,74,1
92,74,4
93,74,3
94,74,2
95,74,2
96,74,3
97,74,2
98,74,2
99,74,2
100,74,3
101,74,5
102,74,4
103,74,3
104,74,3
105,74,4
106,74,5
107,74,3
108,74,2
109,74,4
110,74,4
111,74,2
112,74,1
113,74,3
114,74,4
115,74,5
116,74,4
117,74,2
118,74,5
119,74,4
120,74,5
121,74,3
122,74,4
123,74,2
124,74,2
125,74,3
126,74,5
127,74,4
128,74,3
129,74,5
130,74,4
131,74,3
132,74,4
133,74,3
134,74,2
135,74,4
136,74,5
137,74,5
138,74,3
139,74,4
140,74,4
141,74,3
142,74,4
143,74,4
144,74,2
145,74,5
146,74,4
147,74,2
148,74,4
149,74,3
150,74,5
151,74,4
152,74,2
153,74,1
154,74,2
155,74,4
156,74,3
157,74,5
158,74,4
159,74,3
160,74,4
161,74,4
162,74,3
163,74,4
164,74,4
165,74,5
166,74,3
167,74,3
168,74,4
169,74,2
170,74,1
171,74,3
172,74,3
173,74,3
174,74,5
175,74,2
176,74,4
177,74,3
178,74,4
179,74,1
180,74,5
181,74,4
182,74,2
183,74,4
184,74,5
185,74,2
186,74,3
187,74,4
188,74,5
189,74,3
190,74,4
191,74,2
192,74,4
193,74,4
194,74,2
195,74,3
196,74,3
197,74,3
198,74,4
199,74,3
200,74,1
201,74,3
202,74,2
203,74,3
204,74,2
205,74,4
206,74,2
207,74,2
208,74,3
209,74,3
210,74,5
211,74,2
212,74,5
213,74,5
214,74,5
215,74,1
216,74,4
217,74,4
218,74,3
219,74,1
220,74,4
221,74,4
222,74,3
223,74,4
224,74,2
225,74,5
226,74,2
227,74,2
228,74,5
229,74,3
230,74,3
231,74,2
232,74,5
233,74,3
234,74,4
235,74,3
236,74,3
237,74,3
238,74,1
239,74,3
240,74,4
241,74,4
242,74,5
243,74,4
244,74,4
245,74,5
246,74,4
247,74,3
248,74,5
249,74,3
250,74,2
1,75,4
2,75,3
3,75,5
4,75,3
5,75,3
6,75,5
7,75,4
8,75,3
9,75,5
10,75,3
11,75,4
12,75,3
13,75,5
14,75,1
15,75,5
16,75,4
17,75,5
18,75,2
19,75,4
20,75,2
21,75,4
22,75,4
23,75,5
24,75,5
25,75,3
26,75,5
27,75,2
28,75,4
29,75,4
30,75,5
31,75,3
32,75,1
33,75,2
34,75,3
35,75,4
36,75,4
37,75,1
38,75,4
39,75,2
40,75,5
41,75,1
42,75,4
43,75,1
44,75,5
45,75,3
46,75,2
47,75,3
48,75,3
49,75,5
50,75,2
51,75,2
52,75,2
53,75,4
54,75,2
55,75,3
56,75,5
57,75,4
58,75,5
59,75,4
60,75,4
61,75,5
62,75,2
63,75,3
64,75,5
65,75,1
66,75,1
67,75,4
68,75,4
69,75,5
70,75,2
71,75,3
72,75,5
73,75,5
74,75,2
75,75,3
76,75,5
77,75,5
78,75,2
79,75,3
80,75,5
81,75,3
82,75,4
83,75,2
84,75,4
85,75,3
86,75,5
87,75,5
88,75,3
89,75,1
90,75,4
91,75,2
92,75,5
93,75,3
94,75,3
95,75,3
96,75,2
97,75,3
98,75,3
99,75,3
100,75,1
101,75,5
102,75,4
103,75,4
104,75,4
105,75,5
106,75,4
107,75,3
108,75,1
109,75,5
110,75,4
111,75,3
112,75,3
113,75,2
114,75,1
115,75,5
116,75,2
117,75,3
118,75,5
119,75,4
120,75,4
121,75,2
122,75,3
123,75,3
124,75,3
125,75,5
126,75,5
127,75,2
128,75,3
129,75,5
130,75,2
131,75,1
132,75,5
133,75,2
134,75,1
135,75,5
136,75,4
137,75,5
138,75,2
139,75,5
140,75,2
141,75,3
142,75,4
143,75,4
144,75,1
145,75,5
146,75,1
147,75,2
148,75,2
149,75,3
150,75,4
151,75,5
152,75,3
153,75,3
154,75,3
155,75,4
156,75,3
157,75,5
158,75,5
159,75,3
160,75,4
161,75,5
162,75,2
163,75,5
164,75,1
165,75,5
166,75,4
167,75,3
168,75,5
169,75,3
170,75,2
171,75,3
172,75,3
173,75,3
174,75,5
175,75,1
176,75,4
177,75,2
178,75,5
179,75,2
180,75,4
181,75,5
182,75,3
183,75,2
184,75,4
185,75,4
186,75,1
187,75,4
188,75,5
189,75,1
190,75,5
191,75,4
192,75,5
193,75,5
194,75,4
195,75,3
196,75,3
197,75,3
198,75,5
199,75,2
200,75,3
201,75,1
202,75,4
203,75,2
204,75,4
205,75,2
206,75,2
207,75,3
208,75,1
209,75,3
210,75,5
211,75,2
212,75,5
213,75,5
214,75,4
215,75,3
216,75,4
217,75,1
218,75,1
219,75,3
220,75,5
221,75,2
222,75,1
223,75,5
224,75,3
225,75,5
226,75,3
227,75,2
228,75,3
229,75,2
230,75,3
231,75,3
232,75,5
233,75,3
234,75,5
235,75,2
236,75,1
237,75,2
238,75,1
239,75,3
240,75,3
241,75,4
242,75,4
243,75,5
244,75,4
245,75,5
246,75,5
247,75,2
248,75,5
249,75,3
250,75,3
1,76,3
2,76,2
3,76,2
4,76,4
5,76,5
6,76,3
7,76,3
8,76,4
9,76,5
10,76,5
11,76,1
12,76,1
13,76,2
14,76,2
15,76,2
16,76,4
17,76,2
18,76,4
19,76,3
20,76,4
21,76,3
22,76,4
23,76,2
24,76,5
25,76,5
26,76,5
27,76,4
28,76,5
29,76,2
30,76,1
31,76,5
32,76,5
33,76,5
34,76,1
35,76,1
36,76,1
37,76,4
38,76,3
39,76,4
40,76,3
41,76,5
42,76,5
43,76,1
44,76,3
45,76,5
46,76,5
47,76,5
48,76,1
49,76,2
50,76,5
51,76,5
52,76,4
53,76,1
54,76,4
55,76,1
56,76,2
57,76,1
58,76,3
59,76,1
60,76,3
61,76,2
62,76,4
63,76,5
64,76,3
65,76,2
66,76,1
67,76,5
68,76,3
69,76,2
70,76,4
71,76,1
72,76,2
73,76,2
74,76,4
75,76,1
76,76,3
77,76,1
78,76,4
79,76,1
80,76,3
81,76,4
82,76,2
83,76,4
84,76,5
85,76,2
86,76,2
87,76,3
88,76,2
89,76,1
90,76,3
91,76,1
92,76,2
93,76,1
94,76,5
95,76,4
96,76,5
97,76,2
98,76,4
99,76,2
100,76,5
101,76,2
102,76,2
103,76,5
104,76,4
105,76,3
106,76,3
107,76,2
108,76,1
109,76,3
110,76,3
111,76,4
112,76,5
113,76,4
114,76,5
115,76,3
116,76,4
117,76,5
118,76,1
119,76,3
120,76,2
121,76,2
122,76,4
123,76,1
124,76,4
125,76,5
126,76,1
127,76,5
128,76,1
129,76,2
130,76,4
131,76,2
132,76,3
133,76,4
134,76,1
135,76,3
136,76,3
137,76,2
138,76,5
139,76,1
140,76,5
141,76,4
142,76,4
143,76,2
144,76,1
145,76,3
146,76,5
147,76,1
148,76,4
149,76,4
150,76,2
151,76,3
152,76,2
153,76,5
154,76,1
155,76,1
156,76,2
157,76,2
158,76,5
159,76,5
160,76,4
161,76,2
162,76,1
163,76,2
164,76,5
165,76,3
166,76,5
167,76,2
168,76,4
169,76,2
170,76,1
171,76,2
172,76,4
173,76,1
174,76,3
175,76,1
176,76,4
177,76,1
178,76,2
179,76,1
180,76,1
181,76,4
182,76,1
183,76,4
184,76,2
185,76,5
186,76,1
187,76,5
188,76,3
189,76,1
190,76,2
191,76,5
192,76,3
193,76,1
194,76,5
195,76,1
196,76,5
197,76,2
198,76,1
199,76,1
200,76,5
201,76,1
202,76,4
203,76,2
204,76,4
205,76,5
206,76,5
207,76,1
208,76,1
209,76,1
210,76,2
211,76,4
212,76,3
213,76,3
214,76,3
215,76,1
216,76,3
217,76,4
218,76,2
219,76,1
220,76,1
221,76,4
222,76,2
223,76,3
224,76,5
225,76,3
226,76,2
227,76,2
228,76,5
229,76,1
230,76,1
231,76,5
232,76,3
233,76,5
234,76,3
235,76,2
236,76,1
237,76,2
238,76,5
239,76,1
240,76,5
241,76,3
242,76,2
243,76,5
244,76,2
245,76,3
246,76,2
247,76,2
248,76,3
249,76,2
250,76,2
1,77,3
2,77,1
3,77,3
4,77,5
5,77,5
6,77,2
7,77,3
8,77,4
9,77,4
10,77,5
11,77,3
12,77,2
13,77,1
14,77,1
15,77,2
16,77,5
17,77,3
18,77,5
19,77,2
20,77,4
21,77,1
22,77,4
23,77,2
24,77,5
25,77,4
26,77,5
27,77,4
28,77,5
29,77,1
30,77,3
31,77,4
32,77,5
33,77,5
34,77,1
35,77,2
36,77,3
37,77,4
38,77,3
39,77,5
40,77,1
41,77,5
42,77,5
43,77,1
44,77,3
45,77,5
46,77,4
47,77,5
48,77,1
49,77,3
50,77,4
51,77,4
52,77,4
53,77,2
54,77,4
55,77,1
56,77,2
57,77,2
58,77,2
59,77,2
60,77,3
61,77,3
62,77,5
63,77,5
64,77,3
65,77,1
66,77,1
67,77,5
68,77,2
69,77,1
70,77,5
71,77,1
72,77,3
73,77,2
74,77,5
75,77,1
76,77,2
77,77,2
78,77,4
79,77,2
80,77,3
81,77,4
82,77,3
83,77,5
84,77,5
85,77,2
86,77,1
87,77,2
88,77,1
89,77,1
90,77,3
91,77,1
92,77,3
93,77,2
94,77,5
95,77,5
96,77,5
97,77,1
98,77,4
99,77,1
100,77,5
101,77,3
102,77,1
103,77,5
104,77,4
105,77,3
106,77,2
107,77,1
108,77,1
109,77,3
110,77,3
111,77,4
112,77,5
113,77,4
114,77,4
115,77,1
116,77,4
117,77,5
118,77,3
119,77,3
120,77,3
121,77,2
122,77,4
123,77,1
124,77,5
125,77,4
126,77,3
127,77,4
128,77,2
129,77,1
130,77,4
131,77,2
132,77,3
133,77,4
134,77,1
135,77,2
136,77,3
137,77,1
138,77,5
139,77,2
140,77,4
141,77,5
142,77,5
143,77,3
144,77,1
145,77,2
146,77,5
147,77,2
148,77,5
149,77,5
150,77,2
151,77,1
152,77,1
153,77,5
154,77,2
155,77,2
156,77,1
157,77,3
158,77,4
159,77,5
160,77,4
161,77,3
162,77,2
163,77,3
164,77,5
165,77,1
166,77,4
167,77,1
168,77,5
169,77,2
170,77,1
171,77,1
172,77,4
173,77,1
174,77,1
175,77,1
176,77,5
177,77,1
178,77,1
179,77,1
180,77,3
181,77,5
182,77,2
183,77,5
184,77,3
185,77,5
186,77,2
187,77,5
188,77,2
189,77,1
190,77,3
191,77,4
192,77,2
193,77,2
194,77,5
195,77,2
196,77,5
197,77,2
198,77,2
199,77,1
200,77,5
201,77,1
202,77,4
203,77,2
204,77,4
205,77,5
206,77,4
207,77,1
208,77,1
209,77,2
210,77,3
211,77,4
212,77,3
213,77,3
214,77,3
215,77,2
216,77,2
217,77,4
218,77,2
219,77,2
220,77,3
221,77,5
222,77,1
223,77,3
224,77,5
225,77,2
226,77,2
227,77,1
228,77,5
229,77,1
230,77,1
231,77,4
232,77,3
233,77,4
234,77,1
235,77,1
236,77,1
237,77,2
238,77,5
239,77,2
240,77,5
241,77,2
242,77,3
243,77,5
244,77,2
245,77,3
246,77,2
247,77,1
248,77,2
249,77,2
250,77,2
1,78,3
2,78,1
3,78,2
4,78,5
5,78,4
6,78,3
7,78,2
8,78,4
9,78,4
10,78,5
11,78,2
12,78,2
13,78,2
14,78,1
15,78,2
16,78,5
17,78,2
18,78,4
19,78,3
20,78,4
21,78,2
22,78,5
23,78,2
24,78,5
25,78,5
26,78,5
27,78,4
28,78,4
29,78,1
30,78,3
31,78,4
32,78,5
33,78,4
34,78,1
35,78,3
36,78,1
37,78,4
38,78,2
39,78,5
40,78,2
41,78,5
42,78,4
43,78,2
44,78,3
45,78,5
46,78,4
47,78,5
48,78,2
49,78,3
50,78,5
51,78,5
52,78,5
53,78,3
54,78,5
55,78,1
56,78,1
57,78,2
58,78,1
59,78,3
60,78,2
61,78,3
62,78,4
63,78,4
64,78,1
65,78,1
66,78,1
67,78,4
68,78,2
69,78,3
70,78,5
71,78,1
72,78,3
73,78,3
74,78,5
75,78,1
76,78,2
77,78,3
78,78,5
79,78,1
80,78,2
81,78,4
82,78,3
83,78,4
84,78,5
85,78,1
86,78,2
87,78,1
88,78,1
89,78,1
90,78,2
91,78,1
92,78,3
93,78,2
94,78,5
95,78,4
96,78,5
97,78,2
98,78,5
99,78,1
100,78,4
101,78,2
102,78,2
103,78,5
104,78,5
105,78,3
106,78,3
107,78,2
108,78,1
109,78,1
110,78,1
111,78,4
112,78,4
113,78,4
114,78,4
115,78,2
116,78,5
117,78,5
118,78,3
119,78,3
120,78,3
121,78,1
122,78,5
123,78,1
124,78,5
125,78,5
126,78,3
127,78,4
128,78,1
129,78,3
130,78,5
131,78,2
132,78,3
133,78,4
134,78,1
135,78,3
136,78,1
137,78,3
138,78,5
139,78,2
140,78,4
141,78,5
142,78,5
143,78,2
144,78,1
145,78,3
146,78,5
147,78,2
148,78,5
149,78,5
150,78,2
151,78,2
152,78,2
153,78,5
154,78,1
155,78,3
156,78,1
157,78,3
158,78,4
159,78,5
160,78,5
161,78,2
162,78,1
163,78,3
164,78,5
165,78,3
166,78,4
167,78,2
168,78,5
169,78,1
170,78,2
171,78,1
172,78,4
173,78,2
174,78,3
175,78,2
176,78,4
177,78,1
178,78,3
179,78,1
180,78,3
181,78,5
182,78,1
183,78,4
184,78,1
185,78,5
186,78,1
187,78,4
188,78,3
189,78,2
190,78,3
191,78,5
192,78,1
193,78,3
194,78,5
195,78,2
196,78,5
197,78,2
198,78,3
199,78,1
200,78,5
201,78,1
202,78,4
203,78,1
204,78,5
205,78,4
206,78,5
207,78,1
208,78,1
209,78,1
210,78,3
211,78,4
212,78,2
213,78,3
214,78,2
215,78,1
216,78,3
217,78,4
218,78,2
219,78,1
220,78,3
221,78,4
222,78,1
223,78,1
224,78,4
225,78,3
226,78,1
227,78,1
228,78,4
229,78,1
230,78,2
231,78,5
232,78,3
233,78,5
234,78,3
235,78,1
236,78,2
237,78,1
238,78,5
239,78,1
240,78,4
241,78,3
242,78,2
243,78,5
244,78,2
245,78,3
246,78,3
247,78,1
248,78,3
249,78,2
250,78,1
1,79,2
2,79,1
3,79,3
4,79,4
5,79,5
6,79,2
7,79,2
8,79,4
9,79,5
10,79,5
11,79,2
12,79,1
13,79,2
14,79,1
15,79,3
16,79,5
17,79,3
18,79,5
19,79,3
20,79,5
21,79,3
22,79,5
23,79,2
24,79,4
25,79,5
26,79,4
27,79,5
28,79,5
29,79,2
30,79,2
31,79,4
32,79,4
33,79,4
34,79,2
35,79,3
36,79,3
37,79,5
38,79,3
39,79,5
40,79,2
41,79,4
42,79,4
43,79,1
44,79,2
45,79,5
46,79,5
47,79,5
48,79,2
49,79,3
50,79,4
51,79,5
52,79,4
53,79,3
54,79,4
55,79,1
56,79,2
57,79,3
58,79,3
59,79,2
60,79,3
61,79,3
62,79,5
63,79,5
64,79,3
65,79,2
66,79,2
67,79,4
68,79,3
69,79,3
70,79,5
71,79,1
72,79,3
73,79,3
74,79,4
75,79,2
76,79,3
77,79,3
78,79,4
79,79,1
80,79,2
81,79,4
82,79,1
83,79,5
84,79,4
85,79,1
86,79,3
87,79,2
88,79,1
89,79,2
90,79,3
91,79,1
92,79,3
93,79,1
94,79,5
95,79,5
96,79,4
97,79,2
98,79,5
99,79,1
100,79,4
101,79,3
102,79,2
103,79,5
104,79,4
105,79,1
106,79,1
107,79,1
108,79,2
109,79,2
110,79,3
111,79,5
112,79,5
113,79,5
114,79,5
115,79,3
116,79,4
117,79,5
118,79,3
119,79,2
120,79,1
121,79,2
122,79,4
123,79,1
124,79,5
125,79,4
126,79,2
127,79,4
128,79,2
129,79,2
130,79,5
131,79,1
132,79,2
133,79,4
134,79,2
135,79,3
136,79,2
137,79,2
138,79,4
139,79,2
140,79,4
141,79,5
142,79,5
143,79,3
144,79,1
145,79,3
146,79,5
147,79,1
148,79,5
149,79,4
150,79,3
151,79,2
152,79,1
153,79,5
154,79,1
155,79,1
156,79,1
157,79,3
158,79,5
159,79,4
160,79,5
161,79,3
162,79,1
163,79,2
164,79,5
165,79,1
166,79,5
167,79,1
168,79,4
169,79,1
170,79,1
171,79,1
172,79,5
173,79,2
174,79,3
175,79,1
176,79,5
177,79,1
178,79,2
179,79,1
180,79,2
181,79,5
182,79,1
183,79,5
184,79,3
185,79,4
186,79,1
187,79,5
188,79,2
189,79,2
190,79,3
191,79,5
192,79,3
193,79,3
194,79,5
195,79,1
196,79,5
197,79,1
198,79,2
199,79,1
200,79,4
201,79,1
202,79,5
203,79,2
204,79,5
205,79,4
206,79,4
207,79,2
208,79,1
209,79,1
210,79,3
211,79,5
212,79,3
213,79,3
214,79,3
215,79,2
216,79,2
217,79,4
218,79,1
219,79,1
220,79,3
221,79,5
222,79,1
223,79,1
224,79,5
225,79,3
226,79,2
227,79,1
228,79,4
229,79,1
230,79,1
231,79,4
232,79,3
233,79,5
234,79,3
235,79,1
236,79,1
237,79,2
238,79,4
239,79,1
240,79,5
241,79,2
242,79,3
243,79,4
244,79,3
245,79,2
246,79,3
247,79,1
248,79,3
249,79,1
250,79,1
1,80,3
2,80,1
3,80,3
4,80,5
5,80,5
6,80,3
7,80,2
8,80,5
9,80,5
10,80,4
11,80,1
12,80,1
13,80,3
14,80,2
15,80,3
16,80,4
17,80,2
18,80,4
19,80,2
20,80,5
21,80,3
22,80,5
23,80,3
24,80,5
25,80,5
26,80,4
27,80,5
28,80,4
29,80,2
30,80,3
31,80,4
32,80,4
33,80,5
34,80,2
35,80,3
36,80,1
37,80,4
38,80,2
39,80,5
40,80,3
41,80,5
42,80,5
43,80,2
44,80,1
45,80,4
46,80,5
47,80,5
48,80,1
49,80,1
50,80,5
51,80,4
52,80,4
53,80,2
54,80,4
55,80,1
56,80,2
57,80,3
58,80,2
59,80,2
60,80,1
61,80,2
62,80,5
63,80,5
64,80,3
65,80,2
66,80,2
67,80,5
68,80,2
69,80,3
70,80,5
71,80,1
72,80,3
73,80,3
74,80,4
75,80,2
76,80,1
77,80,2
78,80,5
79,80,1
80,80,3
81,80,5
82,80,2
83,80,5
84,80,5
85,80,1
86,80,3
87,80,3
88,80,2
89,80,1
90,80,2
91,80,1
92,80,2
93,80,2
94,80,5
95,80,5
96,80,4
97,80,1
98,80,5
99,80,1
100,80,5
101,80,3
102,80,3
103,80,4
104,80,4
105,80,3
106,80,3
107,80,1
108,80,1
109,80,2
110,80,2
111,80,4
112,80,4
113,80,5
114,80,5
115,80,3
116,80,4
117,80,4
118,80,2
119,80,3
120,80,1
121,80,1
122,80,4
123,80,1
124,80,5
125,80,4
126,80,3
127,80,4
128,80,1
129,80,2
130,80,5
131,80,1
132,80,3
133,80,5
134,80,1
135,80,3
136,80,1
137,80,3
138,80,5
139,80,3
140,80,4
141,80,4
142,80,4
143,80,3
144,80,1
145,80,3
146,80,4
147,80,1
148,80,5
149,80,5
150,80,3
151,80,3
152,80,1
153,80,5
154,80,2
155,80,3
156,80,2
157,80,2
158,80,5
159,80,5
160,80,4
161,80,3
162,80,1
163,80,3
164,80,5
165,80,3
166,80,4
167,80,2
168,80,4
169,80,1
170,80,1
171,80,2
172,80,4
173,80,2
174,80,1
175,80,1
176,80,5
177,80,1
178,80,1
179,80,1
180,80,3
181,80,5
182,80,1
183,80,5
184,80,2
185,80,5
186,80,1
187,80,5
188,80,1
189,80,1
190,80,2
191,80,4
192,80,3
193,80,2
194,80,5
195,80,2
196,80,4
197,80,1
198,80,2
199,80,1
200,80,5
201,80,2
202,80,4
203,80,2
204,80,4
205,80,5
206,80,5
207,80,1
208,80,1
209,80,2
210,80,1
211,80,5
212,80,3
213,80,3
214,80,3
215,80,2
216,80,3
217,80,4
218,80,1
219,80,1
220,80,3
221,80,5
222,80,1
223,80,3
224,80,5
225,80,1
226,80,1
227,80,1
228,80,5
229,80,1
230,80,2
231,80,5
232,80,2
233,80,5
234,80,3
235,80,1
236,80,1
237,80,1
238,80,5
239,80,2
240,80,5
241,80,3
242,80,2
243,80,5
244,80,3
245,80,1
246,80,3
247,80,1
248,80,3
249,80,1
250,80,2
1,81,5
2,81,1
3,81,5
4,81,2
5,81,4
6,81,5
7,81,4
8,81,2
9,81,3
10,81,2
11,81,4
12,81,3
13,81,4
14,81,3
15,81,5
16,81,4
17,81,5
18,81,3
19,81,5
20,81,1
21,81,4
22,81,3
23,81,5
24,81,3
25,81,4
26,81,3
27,81,3
28,81,2
29,81,4
30,81,5
31,81,2
32,81,2
33,81,1
34,81,3
35,81,5
36,81,5
37,81,2
38,81,5
39,81,5
40,81,5
41,81,4
42,81,1
43,81,3
44,81,4
45,81,4
46,81,3
47,81,4
48,81,3
49,81,5
50,81,3
51,81,4
52,81,4
53,81,5
54,81,3
55,81,3
56,81,4
57,81,5
58,81,5
59,81,4
60,81,5
61,81,5
62,81,1
63,81,1
64,81,5
65,81,1
66,81,2
67,81,2
68,81,4
69,81,4
70,81,3
71,81,1
72,81,5
73,81,4
74,81,1
75,81,3
76,81,4
77,81,5
78,81,2
79,81,3
80,81,5
81,81,3
82,81,5
83,81,4
84,81,2
85,81,3
86,81,5
87,81,4
88,81,3
89,81,3
90,81,4
91,81,3
92,81,4
93,81,3
94,81,4
95,81,5
96,81,3
97,81,2
98,81,2
99,81,2
100,81,4
101,81,4
102,81,5
103,81,2
104,81,4
105,81,5
106,81,5
107,81,3
108,81,1
109,81,5
110,81,4
111,81,3
112,81,3
113,81,4
114,81,3
115,81,4
116,81,4
117,81,1
118,81,5
119,81,5
120,81,5
121,81,2
122,81,1
123,81,3
124,81,2
125,81,1
126,81,4
127,81,1
128,81,3
129,81,5
130,81,3
131,81,3
132,81,4
133,81,4
134,81,3
135,81,4
136,81,5
137,81,5
138,81,4
139,81,5
140,81,3
141,81,3
142,81,3
143,81,5
144,81,1
145,81,4
146,81,4
147,81,2
148,81,2
149,81,4
150,81,4
151,81,5
152,81,2
153,81,3
154,81,3
155,81,4
156,81,1
157,81,4
158,81,2
159,81,4
160,81,2
161,81,5
162,81,2
163,81,4
164,81,1
165,81,5
166,81,3
167,81,2
168,81,5
169,81,3
170,81,2
171,81,3
172,81,2
173,81,2
174,81,5
175,81,3
176,81,3
177,81,2
178,81,5
179,81,2
180,81,4
181,81,2
182,81,3
183,81,4
184,81,4
185,81,1
186,81,3
187,81,3
188,81,5
189,81,3
190,81,5
191,81,2
192,81,5
193,81,5
194,81,3
195,81,3
196,81,3
197,81,3
198,81,5
199,81,3
200,81,3
201,81,2
202,81,4
203,81,3
204,81,3
205,81,1
206,81,3
207,81,3
208,81,3
209,81,2
210,81,5
211,81,3
212,81,5
213,81,5
214,81,5
215,81,1
216,81,4
217,81,4
218,81,3
219,81,3
220,81,5
221,81,4
222,81,3
223,81,4
224,81,3
225,81,4
226,81,3
227,81,3
228,81,4
229,81,3
230,81,2
231,81,2
232,81,4
233,81,2
234,81,4
235,81,3
236,81,2
237,81,2
238,81,1
239,81,3
240,81,2
241,81,5
242,81,4
243,81,5
244,81,5
245,81,5
246,81,5
247,81,3
248,81,5
249,81,3
250,81,3
1,82,5
2,82,1
3,82,4
4,82,3
5,82,3
6,82,4
7,82,4
8,82,3
9,82,3
10,82,4
11,82,4
12,82,1
13,82,5
14,82,2
15,82,5
16,82,3
17,82,4
18,82,3
19,82,4
20,82,2
21,82,4
22,82,3
23,82,5
24,82,5
25,82,1
26,82,3
27,82,4
28,82,3
29,82,4
30,82,5
31,82,2
32,82,3
33,82,2
34,82,2
35,82,5
36,82,4
37,82,3
38,82,4
39,82,3
40,82,5
41,82,3
42,82,3
43,82,3
44,82,4
45,82,1
46,82,3
47,82,2
48,82,3
49,82,5
50,82,3
51,82,3
52,82,2
53,82,4
54,82,1
55,82,3
56,82,4
57,82,4
58,82,5
59,82,4
60,82,4
61,82,4
62,82,3
63,82,4
64,82,5
65,82,2
66,82,1
67,82,4
68,82,4
69,82,4
70,82,5
71,82,2
72,82,5
73,82,4
74,82,3
75,82,3
76,82,4
77,82,4
78,82,3
79,82,1
80,82,5
81,82,4
82,82,5
83,82,4
84,82,1
85,82,2
86,82,5
87,82,5
88,82,2
89,82,2
90,82,5
91,82,3
92,82,4
93,82,3
94,82,4
95,82,1
96,82,2
97,82,3
98,82,2
99,82,3
100,82,4
101,82,5
102,82,5
103,82,3
104,82,4
105,82,5
106,82,4
107,82,1
108,82,3
109,82,5
110,82,4
111,82,4
112,82,4
113,82,5
114,82,3
115,82,5
116,82,4
117,82,2
118,82,4
119,82,5
120,82,5
121,82,3
122,82,4
123,82,3
124,82,2
125,82,1
126,82,4
127,82,3
128,82,2
129,82,4
130,82,4
131,82,1
132,82,5
133,82,3
134,82,2
135,82,5
136,82,5
137,82,4
138,82,4
139,82,5
140,82,4
141,82,3
142,82,2
143,82,4
144,82,3
145,82,5
146,82,2
147,82,3
148,82,4
149,82,2
150,82,4
151,82,5
152,82,3
153,82,3
154,82,2
155,82,5
156,82,3
157,82,5
158,82,4
159,82,1
160,82,3
161,82,5
162,82,3
163,82,5
164,82,5
165,82,4
166,82,3
167,82,1
168,82,2
169,82,2
170,82,3
171,82,3
172,82,3
173,82,2
174,82,5
175,82,2
176,82,4
177,82,3
178,82,4
179,82,3
180,82,5
181,82,3
182,82,2
183,82,1
184,82,5
185,82,3
186,82,1
187,82,2
188,82,4
189,82,2
190,82,4
191,82,4
192,82,5
193,82,5
194,82,4
195,82,1
196,82,2
197,82,2
198,82,5
199,82,2
200,82,3
201,82,3
202,82,4
203,82,3
204,82,3
205,82,4
206,82,4
207,82,2
208,82,3
209,82,3
210,82,5
211,82,2
212,82,5
213,82,5
214,82,4
215,82,2
216,82,5
217,82,5
218,82,2
219,82,2
220,82,4
221,82,3
222,82,3
223,82,5
224,82,3
225,82,4
226,82,3
227,82,3
228,82,5
229,82,1
230,82,3
231,82,5
232,82,4
233,82,3
234,82,5
235,82,2
236,82,3
237,82,1
238,82,1
239,82,3
240,82,3
241,82,5
242,82,5
243,82,4
244,82,5
245,82,4
246,82,5
247,82,2
248,82,5
249,82,2
250,82,3
1,83,5
2,83,1
3,83,4
4,83,3
5,83,1
6,83,4
7,83,4
8,83,4
9,83,4
10,83,4
11,83,5
12,83,1
13,83,4
14,83,2
15,83,4
16,83,3
17,83,4
18,83,2
19,83,5
20,83,3
21,83,5
22,83,4
23,83,5
24,83,3
25,83,3
26,83,4
27,83,4
28,83,3
29,83,4
30,83,4
31,83,5
32,83,2
33,83,3
34,83,3
35,83,4
36,83,4
37,83,4
38,83,4
39,83,5
40,83,4
41,83,3
42,83,4
43,83,3
44,83,5
45,83,3
46,83,2
47,83,3
48,83,3
49,83,5
50,83,4
51,83,3
52,83,3
53,83,4
54,83,3
55,83,3
56,83,5
57,83,4
58,83,5
59,83,4
60,83,5
61,83,5
62,83,3
63,83,2
64,83,5
65,83,3
66,83,3
67,83,1
68,83,4
69,83,5
70,83,4
71,83,3
72,83,4
73,83,4
74,83,5
75,83,3
76,83,5
77,83,4
78,83,2
79,83,1
80,83,5
81,83,3
82,83,4
83,83,2
84,83,3
85,83,2
86,83,4
87,83,4
88,83,3
89,83,3
90,83,4
91,83,3
92,83,5
93,83,3
94,83,2
95,83,4
96,83,3
97,83,1
98,83,2
99,83,2
100,83,2
101,83,5
102,83,4
103,83,2
104,83,3
105,83,5
106,83,5
107,83,2
108,83,3
109,83,4
110,83,5
111,83,4
112,83,2
113,83,3
114,83,2
115,83,5
116,83,4
117,83,2
118,83,4
119,83,5
120,83,4
121,83,3
122,83,2
123,83,1
124,83,2
125,83,3
126,83,4
127,83,1
128,83,2
129,83,4
130,83,3
131,83,3
132,83,5
133,83,5
134,83,3
135,83,5
136,83,5
137,83,5
138,83,3
139,83,5
140,83,2
141,83,2
142,83,1
143,83,5
144,83,2
145,83,4
146,83,4
147,83,1
148,83,3
149,83,2
150,83,5
151,83,5
152,83,2
153,83,2
154,83,3
155,83,5
156,83,3
157,83,5
158,83,3
159,83,4
160,83,3
161,83,4
162,83,2
163,83,5
164,83,2
165,83,4
166,83,3
167,83,2
168,83,3
169,83,2
170,83,3
171,83,2
172,83,3
173,83,3
174,83,5
175,83,2
176,83,3
177,83,3
178,83,5
179,83,2
180,83,5
181,83,3
182,83,3
183,83,1
184,83,5
185,83,3
186,83,3
187,83,4
188,83,5
189,83,3
190,83,5
191,83,3
192,83,4
193,83,5
194,83,1
195,83,3
196,83,3
197,83,3
198,83,4
199,83,3
200,83,1
201,83,3
202,83,5
203,83,3
204,83,3
205,83,2
206,83,3
207,83,3
208,83,2
209,83,3
210,83,4
211,83,4
212,83,4
213,83,5
214,83,4
215,83,3
216,83,5
217,83,4
218,83,2
219,83,3
220,83,5
221,83,1
222,83,3
223,83,4
224,83,3
225,83,4
226,83,1
227,83,3
228,83,2
229,83,3
230,83,1
231,83,2
232,83,5
233,83,3
234,83,4
235,83,1
236,83,2
237,83,2
238,83,4
239,83,1
240,83,3
241,83,4
242,83,4
243,83,4
244,83,5
245,83,4
246,83,5
247,83,3
248,83,4
249,83,3
250,83,3
1,84,5
2,84,2
3,84,5
4,84,1
5,84,2
6,84,5
7,84,5
8,84,2
9,84,3
10,84,1
11,84,4
12,84,3
13,84,4
14,84,3
15,84,5
16,84,4
17,84,5
18,84,2
19,84,5
20,84,3
21,84,4
22,84,1
23,84,5
24,84,3
25,84,3
26,84,2
27,84,2
28,84,3
29,84,5
30,84,5
31,84,4
32,84,2
33,84,4
34,84,1
35,84,5
36,84,4
37,84,4
38,84,5
39,84,4
40,84,5
41,84,3
42,84,2
43,84,1
44,84,5
45,84,4
46,84,3
47,84,4
48,84,3
49,84,5
50,84,4
51,84,3
52,84,4
53,84,5
54,84,3
55,84,3
56,84,5
57,84,5
58,84,5
59,84,5
60,84,4
61,84,5
62,84,5
63,84,3
64,84,4
65,84,3
66,84,2
67,84,2
68,84,5
69,84,5
70,84,2
71,84,3
72,84,4
73,84,4
74,84,3
75,84,3
76,84,4
77,84,5
78,84,2
79,84,3
80,84,5
81,84,1
82,84,5
83,84,2
84,84,3
85,84,3
86,84,5
87,84,5
88,84,3
89,84,3
90,84,4
91,84,2
92,84,4
93,84,3
94,84,1
95,84,3
96,84,3
97,84,1
98,84,4
99,84,3
100,84,5
101,84,5
102,84,5
103,84,4
104,84,3
105,84,5
106,84,4
107,84,3
108,84,2
109,84,5
110,84,5
111,84,5
112,84,2
113,84,2
114,84,2
115,84,5
116,84,5
117,84,3
118,84,5
119,84,5
120,84,5
121,84,2
122,84,4
123,84,3
124,84,4
125,84,3
126,84,4
127,84,1
128,84,2
129,84,4
130,84,4
131,84,3
132,84,4
133,84,2
134,84,3
135,84,4
136,84,5
137,84,5
138,84,4
139,84,5
140,84,3
141,84,3
142,84,3
143,84,5
144,84,3
145,84,4
146,84,2
147,84,1
148,84,1
149,84,1
150,84,4
151,84,4
152,84,3
153,84,4
154,84,3
155,84,5
156,84,3
157,84,4
158,84,4
159,84,4
160,84,3
161,84,5
162,84,3
163,84,5
164,84,3
165,84,5
166,84,5
167,84,1
168,84,3
169,84,2
170,84,3
171,84,1
172,84,4
173,84,3
174,84,5
175,84,3
176,84,2
177,84,2
178,84,5
179,84,3
180,84,4
181,84,2
182,84,3
183,84,4
184,84,4
185,84,4
186,84,2
187,84,4
188,84,5
189,84,2
190,84,5
191,84,3
192,84,4
193,84,4
194,84,2
195,84,1
196,84,3
197,84,2
198,84,4
199,84,3
200,84,1
201,84,1
202,84,4
203,84,1
204,84,3
205,84,3
206,84,3
207,84,3
208,84,3
209,84,1
210,84,4
211,84,1
212,84,5
213,84,4
214,84,5
215,84,3
216,84,4
217,84,2
218,84,3
219,84,1
220,84,5
221,84,3
222,84,1
223,84,4
224,84,1
225,84,5
226,84,2
227,84,3
228,84,2
229,84,3
230,84,3
231,84,4
232,84,5
233,84,2
234,84,4
235,84,2
236,84,2
237,84,2
238,84,3
239,84,3
240,84,4
241,84,5
242,84,5
243,84,5
244,84,5
245,84,5
246,84,5
247,84,3
248,84,4
249,84,3
250,84,3
1,85,4
2,85,3
3,85,5
4,85,4
5,85,2
6,85,5
7,85,5
8,85,3
9,85,3
10,85,2
11,85,4
12,85,3
13,85,5
14,85,2
15,85,5
16,85,2
17,85,4
18,85,2
19,85,4
20,85,3
21,85,5
22,85,5
23,85,4
24,85,4
25,85,3
26,85,4
27,85,3
28,85,4
29,85,4
30,85,4
31,85,2
32,85,3
33,85,4
34,85,3
35,85,5
36,85,5
37,85,2
38,85,5
39,85,3
40,85,5
41,85,2
42,85,3
43,85,3
44,85,4
45,85,2
46,85,3
47,85,3
48,85,3
49,85,5
50,85,1
51,85,2
52,85,3
53,85,5
54,85,3
55,85,3
56,85,5
57,85,5
58,85,5
59,85,5
60,85,4
61,85,4
62,85,3
63,85,4
64,85,5
65,85,3
66,85,1
67,85,3
68,85,5
69,85,5
70,85,4
71,85,3
72,85,5
73,85,5
74,85,4
75,85,1
76,85,4
77,85,4
78,85,4
79,85,3
80,85,5
81,85,2
82,85,5
83,85,3
84,85,5
85,85,3
86,85,5
87,85,4
88,85,2
89,85,2
90,85,5
91,85,2
92,85,4
93,85,1
94,85,5
95,85,3
96,85,4
97,85,2
98,85,4
99,85,2
100,85,3
101,85,5
102,85,5
103,85,2
104,85,3
105,85,4
106,85,5
107,85,2
108,85,3
109,85,5
110,85,5
111,85,2
112,85,2
113,85,2
114,85,1
115,85,4
116,85,2
117,85,4
118,85,5
119,85,5
120,85,5
121,85,3
122,85,3
123,85,3
124,85,5
125,85,1
126,85,4
127,85,3
128,85,3
129,85,5
130,85,1
131,85,1
132,85,5
133,85,1
134,85,3
135,85,5
136,85,4
137,85,4
138,85,3
139,85,5
140,85,3
141,85,2
142,85,3
143,85,4
144,85,3
145,85,4
146,85,2
147,85,2
148,85,1
149,85,2
150,85,4
151,85,5
152,85,3
153,85,2
154,85,2
155,85,4
156,85,2
157,85,5
158,85,5
159,85,4
160,85,3
161,85,4
162,85,1
163,85,4
164,85,3
165,85,5
166,85,1
167,85,3
168,85,2
169,85,3
170,85,3
171,85,3
172,85,3
173,85,3
174,85,4
175,85,1
176,85,2
177,85,2
178,85,5
179,85,3
180,85,4
181,85,3
182,85,2
183,85,3
184,85,5
185,85,5
186,85,1
187,85,4
188,85,5
189,85,3
190,85,5
191,85,4
192,85,5
193,85,4
194,85,4
195,85,3
196,85,5
197,85,2
198,85,5
199,85,3
200,85,3
201,85,2
202,85,3
203,85,2
204,85,3
205,85,2
206,85,1
207,85,2
208,85,2
209,85,3
210,85,4
211,85,2
212,85,4
213,85,5
214,85,5
215,85,2
216,85,5
217,85,2
218,85,2
219,85,3
220,85,4
221,85,3
222,85,3
223,85,4
224,85,4
225,85,5
226,85,3
227,85,1
228,85,2
229,85,2
230,85,1
231,85,2
232,85,5
233,85,3
234,85,5
235,85,1
236,85,3
237,85,3
238,85,2
239,85,3
240,85,4
241,85,4
242,85,5
243,85,2
244,85,4
245,85,4
246,85,5
247,85,3
248,85,4
249,85,1
250,85,3
1,86,4
2,86,3
3,86,5
4,86,2
5,86,1
6,86,5
7,86,4
8,86,4
9,86,2
10,86,2
11,86,5
12,86,1
13,86,5
14,86,3
15,86,5
16,86,3
17,86,4
18,86,5
19,86,4
20,86,1
21,86,4
22,86,3
23,86,4
24,86,1
25,86,3
26,86,3
27,86,4
28,86,3
29,86,5
30,86,4
31,86,4
32,86,3
33,86,4
34,86,1
35,86,5
36,86,5
37,86,4
38,86,5
39,86,3
40,86,5
41,86,4
42,86,3
43,86,2
44,86,4
45,86,2
46,86,2
47,86,1
48,86,3
49,86,5
50,86,2
51,86,3
52,86,3
53,86,5
54,86,2
55,86,2
56,86,5
57,86,5
58,86,4
59,86,4
60,86,5
61,86,4
62,86,3
63,86,4
64,86,4
65,86,3
66,86,1
67,86,1
68,86,4
69,86,4
70,86,1
71,86,3
72,86,5
73,86,4
74,86,3
75,86,1
76,86,5
77,86,5
78,86,4
79,86,1
80,86,4
81,86,1
82,86,5
83,86,3
84,86,1
85,86,3
86,86,4
87,86,5
88,86,3
89,86,1
90,86,4
91,86,3
92,86,4
93,86,1
94,86,4
95,86,4
96,86,2
97,86,3
98,86,5
99,86,3
100,86,3
101,86,5
102,86,4
103,86,4
104,86,2
105,86,5
106,86,4
107,86,3
108,86,2
109,86,4
110,86,4
111,86,4
112,86,2
113,86,2
114,86,4
115,86,4
116,86,1
117,86,3
118,86,5
119,86,4
120,86,5
121,86,2
122,86,5
123,86,3
124,86,4
125,86,2
126,86,5
127,86,2
128,86,3
129,86,4
130,86,3
131,86,3
132,86,5
133,86,3
134,86,2
135,86,4
136,86,5
137,86,5
138,86,2
139,86,5
140,86,2
141,86,2
142,86,4
143,86,5
144,86,3
145,86,4
146,86,3
147,86,1
148,86,2
149,86,3
150,86,4
151,86,5
152,86,3
153,86,2
154,86,3
155,86,4
156,86,3
157,86,4
158,86,4
159,86,4
160,86,4
161,86,5
162,86,2
163,86,4
164,86,4
165,86,5
166,86,3
167,86,3
168,86,4
169,86,3
170,86,1
171,86,3
172,86,4
173,86,3
174,86,4
175,86,3
176,86,3
177,86,3
178,86,5
179,86,2
180,86,4
181,86,5
182,86,3
183,86,3
184,86,4
185,86,4
186,86,1
187,86,4
188,86,5
189,86,2
190,86,4
191,86,5
192,86,5
193,86,5
194,86,1
195,86,3
196,86,4
197,86,3
198,86,5
199,86,1
200,86,2
201,86,3
202,86,4
203,86,3
204,86,4
205,86,5
206,86,3
207,86,3
208,86,2
209,86,3
210,86,5
211,86,3
212,86,5
213,86,4
214,86,5
215,86,3
216,86,4
217,86,5
218,86,3
219,86,3
220,86,5
221,86,2
222,86,2
223,86,4
224,86,4
225,86,4
226,86,3
227,86,3
228,86,4
229,86,3
230,86,1
231,86,1
232,86,5
233,86,3
234,86,4
235,86,3
236,86,3
237,86,3
238,86,3
239,86,2
240,86,3
241,86,5
242,86,5
243,86,4
244,86,4
245,86,5
246,86,5
247,86,3
248,86,4
249,86,2
250,86,2
1,87,5
2,87,2
3,87,5
4,87,3
5,87,5
6,87,4
7,87,5
8,87,4
9,87,4
10,87,2
11,87,4
12,87,1
13,87,4
14,87,2
15,87,5
16,87,2
17,87,4
18,87,3
19,87,5
20,87,1
21,87,4
22,87,3
23,87,5
24,87,2
25,87,3
26,87,1
27,87,4
28,87,2
29,87,5
30,87,5
31,87,3
32,87,3
33,87,3
34,87,3
35,87,5
36,87,5
37,87,4
38,87,5
39,87,3
40,87,5
41,87,3
42,87,2
43,87,3
44,87,4
45,87,3
46,87,5
47,87,4
48,87,3
49,87,5
50,87,1
51,87,2
52,87,2
53,87,5
54,87,4
55,87,3
56,87,5
57,87,4
58,87,4
59,87,4
60,87,5
61,87,5
62,87,2
63,87,3
64,87,4
65,87,2
66,87,3
67,87,4
68,87,4
69,87,5
70,87,3
71,87,2
72,87,5
73,87,4
74,87,2
75,87,3
76,87,4
77,87,5
78,87,1
79,87,1
80,87,4
81,87,3
82,87,5
83,87,3
84,87,2
85,87,2
86,87,5
87,87,5
88,87,3
89,87,2
90,87,5
91,87,3
92,87,5
93,87,3
94,87,3
95,87,3
96,87,4
97,87,3
98,87,3
99,87,2
100,87,5
101,87,4
102,87,5
103,87,3
104,87,3
105,87,4
106,87,5
107,87,1
108,87,3
109,87,4
110,87,5
111,87,3
112,87,4
113,87,2
114,87,1
115,87,4
116,87,1
117,87,3
118,87,5
119,87,4
120,87,5
121,87,3
122,87,4
123,87,3
124,87,2
125,87,4
126,87,5
127,87,3
128,87,2
129,87,5
130,87,5
131,87,1
132,87,5
133,87,4
134,87,3
135,87,5
136,87,5
137,87,5
138,87,1
139,87,5
140,87,3
141,87,4
142,87,4
143,87,4
144,87,2
145,87,5
146,87,4
147,87,2
148,87,4
149,87,4
150,87,4
151,87,4
152,87,2
153,87,2
154,87,3
155,87,4
156,87,3
157,87,5
158,87,3
159,87,4
160,87,4
161,87,5
162,87,3
163,87,4
164,87,4
165,87,4
166,87,3
167,87,3
168,87,4
169,87,3
170,87,1
171,87,2
172,87,3
173,87,2
174,87,4
175,87,1
176,87,3
177,87,1
178,87,4
179,87,2
180,87,5
181,87,3
182,87,2
183,87,4
184,87,5
185,87,1
186,87,2
187,87,1
188,87,4
189,87,1
190,87,5
191,87,3
192,87,4
193,87,4
194,87,4
195,87,2
196,87,4
197,87,3
198,87,5
199,87,3
200,87,4
201,87,3
202,87,4
203,87,1
204,87,2
205,87,2
206,87,4
207,87,3
208,87,3
209,87,1
210,87,4
211,87,2
212,87,5
213,87,4
214,87,4
215,87,1
216,87,4
217,87,3
218,87,3
219,87,2
220,87,5
221,87,1
222,87,3
223,87,5
224,87,4
225,87,4
226,87,3
227,87,2
228,87,4
229,87,3
230,87,1
231,87,4
232,87,5
233,87,2
234,87,4
235,87,3
236,87,3
237,87,2
238,87,4
239,87,2
240,87,5
241,87,5
242,87,5
243,87,3
244,87,5
245,87,4
246,87,5
247,87,3
248,87,5
249,87,3
250,87,3
1,88,3
2,88,1
3,88,3
4,88,5
5,88,4
6,88,2
7,88,3
8,88,5
9,88,4
10,88,4
11,88,2
12,88,1
13,88,2
14,88,1
15,88,1
16,88,5
17,88,3
18,88,5
19,88,3
20,88,5
21,88,1
22,88,4
23,88,2
24,88,4
25,88,4
26,88,5
27,88,4
28,88,4
29,88,1
30,88,3
31,88,5
32,88,5
33,88,5
34,88,2
35,88,3
36,88,2
37,88,5
38,88,2
39,88,5
40,88,3
41,88,5
42,88,5
43,88,1
44,88,2
45,88,5
46,88,5
47,88,5
48,88,1
49,88,1
50,88,5
51,88,4
52,88,5
53,88,1
54,88,4
55,88,2
56,88,3
57,88,3
58,88,3
59,88,2
60,88,2
61,88,2
62,88,5
63,88,4
64,88,2
65,88,2
66,88,1
67,88,4
68,88,3
69,88,2
70,88,5
71,88,2
72,88,1
73,88,1
74,88,4
75,88,1
76,88,2
77,88,3
78,88,4
79,88,2
80,88,2
81,88,4
82,88,3
83,88,4
84,88,5
85,88,1
86,88,3
87,88,2
88,88,1
89,88,1
90,88,2
91,88,2
92,88,2
93,88,1
94,88,5
95,88,5
96,88,5
97,88,2
98,88,4
99,88,1
100,88,4
101,88,3
102,88,2
103,88,4
104,88,4
105,88,2
106,88,3
107,88,2
108,88,1
109,88,3
110,88,3
111,88,4
112,88,4
113,88,5
114,88,5
115,88,2
116,88,4
117,88,4
118,88,3
119,88,3
120,88,1
121,88,1
122,88,5
123,88,2
124,88,5
125,88,5
126,88,3
127,88,4
128,88,1
129,88,1
130,88,5
131,88,1
132,88,3
133,88,4
134,88,1
135,88,2
136,88,3
137,88,2
138,88,5
139,88,3
140,88,5
141,88,5
142,88,4
143,88,1
144,88,2
145,88,3
146,88,4
147,88,2
148,88,4
149,88,5
150,88,2
151,88,2
152,88,2
153,88,4
154,88,2
155,88,2
156,88,1
157,88,3
158,88,4
159,88,5
160,88,5
161,88,2
162,88,1
163,88,3
164,88,4
165,88,2
166,88,4
167,88,1
168,88,4
169,88,2
170,88,1
171,88,1
172,88,5
173,88,1
174,88,3
175,88,1
176,88,5
177,88,2
178,88,3
179,88,1
180,88,2
181,88,5
182,88,2
183,88,5
184,88,2
185,88,4
186,88,1
187,88,5
188,88,3
189,88,2
190,88,1
191,88,5
192,88,3
193,88,3
194,88,5
195,88,2
196,88,4
197,88,2
198,88,3
199,88,1
200,88,4
201,88,1
202,88,4
203,88,1
204,88,4
205,88,4
206,88,4
207,88,1
208,88,1
209,88,1
210,88,2
211,88,5
212,88,2
213,88,1
214,88,2
215,88,1
216,88,1
217,88,5
218,88,1
219,88,1
220,88,3
221,88,5
222,88,2
223,88,2
224,88,5
225,88,2
226,88,1
227,88,1
228,88,5
229,88,1
230,88,2
231,88,4
232,88,3
233,88,5
234,88,3
235,88,2
236,88,2
237,88,1
238,88,5
239,88,2
240,88,4
241,88,3
242,88,3
243,88,4
244,88,3
245,88,2
246,88,3
247,88,2
248,88,2
249,88,2
250,88,2
1,89,5
2,89,2
3,89,4
4,89,3
5,89,2
6,89,5
7,89,4
8,89,5
9,89,1
10,89,5
11,89,5
12,89,2
13,89,4
14,89,2
15,89,5
16,89,3
17,89,5
18,89,4
19,89,4
20,89,3
21,89,4
22,89,2
23,89,4
24,89,3
25,89,3
26,89,4
27,89,2
28,89,3
29,89,4
30,89,4
31,89,2
32,89,4
33,89,4
34,89,3
35,89,5
36,89,4
37,89,3
38,89,4
39,89,1
40,89,5
41,89,3
42,89,1
43,89,1
44,89,4
45,89,3
46,89,3
47,89,4
48,89,3
49,89,5
50,89,4
51,89,2
52,89,2
53,89,4
54,89,4
55,89,3
56,89,5
57,89,4
58,89,4
59,89,5
60,89,5
61,89,4
62,89,3
63,89,4
64,89,4
65,89,2
66,89,2
67,89,4
68,89,5
69,89,5
70,89,4
71,89,3
72,89,4
73,89,4
74,89,2
75,89,2
76,89,4
77,89,5
78,89,2
79,89,3
80,89,5
81,89,4
82,89,4
83,89,4
84,89,4
85,89,2
86,89,4
87,89,5
88,89,3
89,89,3
90,89,5
91,89,1
92,89,5
93,89,1
94,89,3
95,89,1
96,89,3
97,89,3
98,89,3
99,89,2
100,89,4
101,89,5
102,89,5
103,89,4
104,89,4
105,89,5
106,89,5
107,89,1
108,89,3
109,89,4
110,89,5
111,89,5
112,89,4
113,89,4
114,89,4
115,89,4
116,89,4
117,89,1
118,89,5
119,89,5
120,89,5
121,89,3
122,89,2
123,89,1
124,89,1
125,89,3
126,89,5
127,89,2
128,89,3
129,89,4
130,89,1
131,89,3
132,89,5
133,89,4
134,89,3
135,89,5
136,89,4
137,89,5
138,89,3
139,89,4
140,89,4
141,89,3
142,89,3
143,89,5
144,89,2
145,89,5
146,89,3
147,89,3
148,89,1
149,89,1
150,89,5
151,89,5
152,89,3
153,89,4
154,89,3
155,89,4
156,89,1
157,89,5
158,89,4
159,89,4
160,89,5
161,89,4
162,89,3
163,89,5
164,89,2
165,89,5
166,89,2
167,89,3
168,89,4
169,89,2
170,89,3
171,89,3
172,89,3
173,89,3
174,89,5
175,89,3
176,89,3
177,89,3
178,89,5
179,89,3
180,89,4
181,89,2
182,89,3
183,89,4
184,89,5
185,89,3
186,89,3
187,89,2
188,89,5
189,89,3
190,89,4
191,89,4
192,89,4
193,89,5
194,89,4
195,89,3
196,89,2
197,89,2
198,89,4
199,89,1
200,89,3
201,89,2
202,89,1
203,89,1
204,89,3
205,89,1
206,89,3
207,89,3
208,89,3
209,89,2
210,89,4
211,89,5
212,89,5
213,89,5
214,89,5
215,89,2
216,89,4
217,89,4
218,89,3
219,89,2
220,89,5
221,89,2
222,89,2
223,89,5
224,89,2
225,89,5
226,89,1
227,89,3
228,89,3
229,89,2
230,89,1
231,89,3
232,89,4
233,89,1
234,89,5
235,89,2
236,89,2
237,89,3
238,89,3
239,89,3
240,89,1
241,89,4
242,89,4
243,89,2
244,89,4
245,89,5
246,89,4
247,89,3
248,89,5
249,89,2
250,89,3
1,90,1
2,90,1
3,90,1
4,90,4
5,90,5
6,90,2
7,90,2
8,90,4
9,90,5
10,90,4
11,90,1
12,90,2
13,90,3
14,90,1
15,90,1
16,90,5
17,90,3
18,90,4
19,90,3
20,90,5
21,90,2
22,90,4
23,90,2
24,90,4
25,90,5
26,90,4
27,90,5
28,90,5
29,90,1
30,90,3
31,90,5
32,90,5
33,90,4
34,90,1
35,90,1
36,90,3
37,90,5
38,90,3
39,90,5
40,90,2
41,90,5
42,90,5
43,90,2
44,90,3
45,90,5
46,90,5
47,90,5
48,90,2
49,90,3
50,90,5
51,90,4
52,90,4
53,90,1
54,90,4
55,90,1
56,90,3
57,90,1
58,90,2
59,90,3
60,90,3
61,90,2
62,90,4
63,90,4
64,90,2
65,90,2
66,90,2
67,90,4
68,90,2
69,90,3
70,90,4
71,90,1
72,90,1
73,90,3
74,90,5
75,90,2
76,90,3
77,90,1
78,90,4
79,90,1
80,90,3
81,90,5
82,90,2
83,90,4
84,90,5
85,90,2
86,90,3
87,90,3
88,90,2
89,90,1
90,90,3
91,90,1
92,90,2
93,90,1
94,90,5
95,90,5
96,90,5
97,90,1
98,90,4
99,90,1
100,90,4
101,90,2
102,90,2
103,90,4
104,90,4
105,90,1
106,90,3
107,90,1
108,90,1
109,90,2
110,90,3
111,90,5
112,90,5
113,90,4
114,90,4
115,90,3
116,90,5
117,90,4
118,90,3
119,90,2
120,90,1
121,90,1
122,90,5
123,90,2
124,90,5
125,90,5
126,90,3
127,90,4
128,90,1
129,90,3
130,90,5
131,90,1
132,90,1
133,90,4
134,90,2
135,90,1
136,90,3
137,90,2
138,90,5
139,90,3
140,90,4
141,90,5
142,90,5
143,90,3
144,90,1
145,90,1
146,90,5
147,90,2
148,90,5
149,90,5
150,90,3
151,90,3
152,90,1
153,90,4
154,90,1
155,90,1
156,90,1
157,90,2
158,90,5
159,90,4
160,90,5
161,90,3
162,90,1
163,90,3
164,90,4
165,90,3
166,90,5
167,90,1
168,90,5
169,90,1
170,90,1
171,90,1
172,90,5
173,90,2
174,90,3
175,90,1
176,90,4
177,90,1
178,90,3
179,90,1
180,90,3
181,90,5
182,90,2
183,90,5
184,90,3
185,90,5
186,90,2
187,90,4
188,90,2
189,90,2
190,90,3
191,90,5
192,90,3
193,90,3
194,90,4
195,90,1
196,90,5
197,90,2
198,90,3
199,90,2
200,90,4
201,90,2
202,90,5
203,90,2
204,90,4
205,90,5
206,90,5
207,90,1
208,90,1
209,90,2
210,90,3
211,90,5
212,90,3
213,90,1
214,90,1
215,90,1
216,90,2
217,90,4
218,90,1
219,90,2
220,90,3
221,90,5
222,90,2
223,90,3
224,90,5
225,90,3
226,90,2
227,90,2
228,90,4
229,90,1
230,90,2
231,90,4
232,90,3
233,90,5
234,90,3
235,90,1
236,90,1
237,90,2
238,90,5
239,90,1
240,90,5
241,90,1
242,90,3
243,90,5
244,90,1
245,90,3
246,90,2
247,90,1
248,90,3
249,90,2
250,90,1
1,91,5
2,91,3
3,91,4
4,91,4
5,91,1
6,91,4
7,91,4
8,91,3
9,91,1
10,91,3
11,91,5
12,91,3
13,91,5
14,91,3
15,91,5
16,91,4
17,91,5
18,91,1
19,91,4
20,91,1
21,91,5
22,91,4
23,91,4
24,91,3
25,91,1
26,91,4
27,91,5
28,91,3
29,91,4
30,91,5
31,91,4
32,91,2
33,91,3
34,91,2
35,91,4
36,91,5
37,91,4
38,91,5
39,91,2
40,91,5
41,91,4
42,91,4
43,91,3
44,91,5
45,91,2
46,91,3
47,91,1
48,91,3
49,91,4
50,91,4
51,91,3
52,91,4
53,91,4
54,91,4
55,91,3
56,91,5
57,91,4
58,91,5
59,91,4
60,91,4
61,91,5
62,91,4
63,91,4
64,91,4
65,91,2
66,91,3
67,91,3
68,91,5
69,91,5
70,91,4
71,91,3
72,91,4
73,91,4
74,91,2
75,91,3
76,91,4
77,91,4
78,91,3
79,91,3
80,91,5
81,91,4
82,91,5
83,91,2
84,91,2
85,91,2
86,91,5
87,91,4
88,91,3
89,91,3
90,91,4
91,91,2
92,91,5
93,91,1
94,91,5
95,91,3
96,91,1
97,91,1
98,91,2
99,91,2
100,91,3
101,91,5
102,91,4
103,91,4
104,91,5
105,91,5
106,91,4
107,91,2
108,91,3
109,91,4
110,91,5
111,91,3
112,91,3
113,91,3
114,91,4
115,91,4
116,91,4
117,91,3
118,91,4
119,91,4
120,91,4
121,91,2
122,91,3
123,91,3
124,91,4
125,91,4
126,91,5
127,91,4
128,91,3
129,91,4
130,91,3
131,91,2
132,91,4
133,91,2
134,91,1
135,91,4
136,91,5
137,91,4
138,91,4
139,91,5
140,91,4
141,91,2
142,91,3
143,91,5
144,91,2
145,91,4
146,91,1
147,91,3
148,91,1
149,91,2
150,91,4
151,91,5
152,91,3
153,91,1
154,91,1
155,91,4
156,91,1
157,91,4
158,91,1
159,91,2
160,91,2
161,91,4
162,91,2
163,91,4
164,91,1
165,91,5
166,91,4
167,91,1
168,91,4
169,91,2
170,91,3
171,91,2
172,91,3
173,91,3
174,91,5
175,91,3
176,91,4
177,91,3
178,91,4
179,91,2
180,91,4
181,91,3
182,91,1
183,91,2
184,91,4
185,91,4
186,91,3
187,91,3
188,91,5
189,91,3
190,91,5
191,91,3
192,91,4
193,91,5
194,91,3
195,91,2
196,91,2
197,91,3
198,91,4
199,91,3
200,91,3
201,91,3
202,91,3
203,91,3
204,91,4
205,91,4
206,91,5
207,91,3
208,91,1
209,91,1
210,91,4
211,91,4
212,91,5
213,91,4
214,91,4
215,91,3
216,91,5
217,91,3
218,91,2
219,91,2
220,91,5
221,91,4
222,91,1
223,91,5
224,91,5
225,91,5
226,91,3
227,91,2
228,91,2
229,91,3
230,91,3
231,91,3
232,91,4
233,91,2
234,91,5
235,91,3
236,91,2
237,91,3
238,91,3
239,91,3
240,91,4
241,91,4
242,91,4
243,91,3
244,91,4
245,91,5
246,91,5
247,91,2
248,91,5
249,91,3
250,91,3
1,92,3
2,92,1
3,92,3
4,92,4
5,92,4
6,92,3
7,92,3
8,92,5
9,92,4
10,92,5
11,92,2
12,92,1
13,92,3
14,92,2
15,92,3
16,92,5
17,92,1
18,92,5
19,92,3
20,92,4
21,92,3
22,92,4
23,92,3
24,92,5
25,92,5
26,92,5
27,92,5
28,92,4
29,92,2
30,92,3
31,92,4
32,92,5
33,92,5
34,92,1
35,92,3
36,92,2
37,92,5
38,92,3
39,92,5
40,92,3
41,92,5
42,92,4
43,92,1
44,92,3
45,92,5
46,92,5
47,92,5
48,92,1
49,92,2
50,92,5
51,92,5
52,92,4
53,92,2
54,92,5
55,92,2
56,92,3
57,92,1
58,92,3
59,92,2
60,92,2
61,92,3
62,92,4
63,92,4
64,92,3
65,92,2
66,92,1
67,92,5
68,92,2
69,92,2
70,92,4
71,92,2
72,92,2
73,92,1
74,92,4
75,92,1
76,92,3
77,92,1
78,92,5
79,92,2
80,92,3
81,92,4
82,92,3
83,92,5
84,92,5
85,92,1
86,92,2
87,92,2
88,92,2
89,92,1
90,92,1
91,92,1
92,92,2
93,92,1
94,92,4
95,92,5
96,92,4
97,92,2
98,92,4
99,92,1
100,92,4
101,92,3
102,92,2
103,92,4
104,92,5
105,92,3
106,92,2
107,92,1
108,92,1
109,92,2
110,92,1
111,92,5
112,92,4
113,92,5
114,92,5
115,92,3
116,92,4
117,92,5
118,92,3
119,92,1
120,92,3
121,92,1
122,92,4
123,92,2
124,92,4
125,92,5
126,92,2
127,92,4
128,92,1
129,92,3
130,92,5
131,92,1
132,92,3
133,92,5
134,92,2
135,92,1
136,92,3
137,92,3
138,92,4
139,92,2
140,92,4
141,92,5
142,92,5
143,92,2
144,92,2
145,92,3
146,92,4
147,92,1
148,92,5
149,92,5
150,92,3
151,92,3
152,92,2
153,92,4
154,92,1
155,92,3
156,92,1
157,92,3
158,92,5
159,92,5
160,92,4
161,92,3
162,92,2
163,92,2
164,92,4
165,92,3
166,92,5
167,92,1
168,92,4
169,92,2
170,92,1
171,92,2
172,92,5
173,92,1
174,92,3
175,92,2
176,92,5
177,92,1
178,92,3
179,92,1
180,92,2
181,92,4
182,92,2
183,92,5
184,92,1
185,92,5
186,92,1
187,92,5
188,92,1
189,92,1
190,92,2
191,92,5
192,92,2
193,92,3
194,92,5
195,92,1
196,92,5
197,92,1
198,92,3
199,92,1
200,92,4
201,92,2
202,92,4
203,92,1
204,92,5
205,92,4
206,92,4
207,92,1
208,92,1
209,92,1
210,92,2
211,92,5
212,92,1
213,92,3
214,92,3
215,92,2
216,92,1
217,92,5
218,92,2
219,92,1
220,92,2
221,92,5
222,92,2
223,92,3
224,92,4
225,92,2
226,92,1
227,92,1
228,92,5
229,92,1
230,92,1
231,92,5
232,92,2
233,92,5
234,92,1
235,92,1
236,92,1
237,92,2
238,92,5
239,92,1
240,92,4
241,92,2
242,92,2
243,92,5
244,92,3
245,92,2
246,92,3
247,92,1
248,92,3
249,92,1
250,92,1
1,93,3
2,93,1
3,93,3
4,93,4
5,93,5
6,93,2
7,93,2
8,93,4
9,93,5
10,93,5
11,93,3
12,93,1
13,93,2
14,93,1
15,93,3
16,93,4
17,93,2
18,93,4
19,93,3
20,93,4
21,93,3
22,93,4
23,93,3
24,93,5
25,93,5
26,93,4
27,93,4
28,93,4
29,93,3
30,93,2
31,93,5
32,93,5
33,93,5
34,93,1
35,93,2
36,93,1
37,93,4
38,93,3
39,93,5
40,93,3
41,93,5
42,93,5
43,93,1
44,93,3
45,93,5
46,93,4
47,93,5
48,93,2
49,93,3
50,93,4
51,93,4
52,93,5
53,93,2
54,93,5
55,93,2
56,93,2
57,93,2
58,93,1
59,93,2
60,93,1
61,93,3
62,93,5
63,93,5
64,93,2
65,93,1
66,93,1
67,93,4
68,93,2
69,93,3
70,93,5
71,93,2
72,93,3
73,93,3
74,93,4
75,93,2
76,93,1
77,93,2
78,93,5
79,93,2
80,93,1
81,93,5
82,93,3
83,93,5
84,93,5
85,93,1
86,93,3
87,93,3
88,93,1
89,93,2
90,93,3
91,93,2
92,93,1
93,93,2
94,93,5
95,93,5
96,93,5
97,93,2
98,93,5
99,93,1
100,93,5
101,93,3
102,93,3
103,93,5
104,93,5
105,93,3
106,93,3
107,93,2
108,93,1
109,93,2
110,93,3
111,93,4
112,93,5
113,93,5
114,93,4
115,93,2
116,93,5
117,93,5
118,93,3
119,93,3
120,93,2
121,93,1
122,93,5
123,93,2
124,93,5
125,93,5
126,93,3
127,93,5
128,93,1
129,93,2
130,93,5
131,93,1
132,93,1
133,93,5
134,93,1
135,93,2
136,93,2
137,93,2
138,93,4
139,93,1
140,93,5
141,93,4
142,93,5
143,93,2
144,93,1
145,93,2
146,93,5
147,93,1
148,93,5
149,93,5
150,93,2
151,93,3
152,93,2
153,93,5
154,93,2
155,93,1
156,93,1
157,93,3
158,93,5
159,93,5
160,93,5
161,93,3
162,93,1
163,93,3
164,93,4
165,93,3
166,93,5
167,93,2
168,93,5
169,93,1
170,93,1
171,93,1
172,93,4
173,93,2
174,93,3
175,93,1
176,93,4
177,93,2
178,93,3
179,93,2
180,93,3
181,93,4
182,93,1
183,93,5
184,93,3
185,93,4
186,93,2
187,93,4
188,93,2
189,93,2
190,93,2
191,93,4
192,93,1
193,93,3
194,93,5
195,93,1
196,93,5
197,93,1
198,93,2
199,93,1
200,93,5
201,93,2
202,93,5
203,93,1
204,93,5
205,93,4
206,93,4
207,93,2
208,93,2
209,93,1
210,93,3
211,93,5
212,93,2
213,93,2
214,93,2
215,93,2
216,93,2
217,93,5
218,93,1
219,93,2
220,93,2
221,93,5
222,93,1
223,93,3
224,93,5
225,93,2
226,93,1
227,93,2
228,93,5
229,93,1
230,93,1
231,93,4
232,93,1
233,93,5
234,93,3
235,93,1
236,93,1
237,93,1
238,93,5
239,93,2
240,93,5
241,93,3
242,93,3
243,93,5
244,93,2
245,93,3
246,93,3
247,93,1
248,93,3
249,93,1
250,93,1
1,94,1
2,94,1
3,94,1
4,94,4
5,94,4
6,94,3
7,94,2
8,94,4
9,94,4
10,94,5
11,94,1
12,94,1
13,94,2
14,94,1
15,94,3
16,94,5
17,94,3
18,94,4
19,94,2
20,94,5
21,94,3
22,94,5
23,94,3
24,94,5
25,94,4
26,94,5
27,94,5
28,94,5
29,94,1
30,94,2
31,94,5
32,94,5
33,94,5
34,94,1
35,94,3
36,94,3
37,94,5
38,94,2
39,94,4
40,94,2
41,94,4
42,94,4
43,94,1
44,94,3
45,94,4
46,94,5
47,94,4
48,94,1
49,94,3
50,94,4
51,94,5
52,94,4
53,94,1
54,94,4
55,94,2
56,94,3
57,94,3
58,94,2
59,94,1
60,94,3
61,94,3
62,94,4
63,94,4
64,94,2
65,94,2
66,94,1
67,94,4
68,94,1
69,94,2
70,94,4
71,94,1
72,94,1
73,94,2
74,94,5
75,94,1
76,94,2
77,94,3
78,94,4
79,94,1
80,94,2
81,94,5
82,94,3
83,94,4
84,94,5
85,94,1
86,94,3
87,94,1
88,94,1
89,94,2
90,94,3
91,94,2
92,94,3
93,94,1
94,94,5
95,94,5
96,94,5
97,94,1
98,94,4
99,94,1
100,94,4
101,94,2
102,94,1
103,94,5
104,94,5
105,94,3
106,94,3
107,94,2
108,94,1
109,94,2
110,94,3
111,94,5
112,94,4
113,94,4
114,94,5
115,94,3
116,94,5
117,94,5
118,94,3
119,94,3
120,94,2
121,94,1
122,94,5
123,94,1
124,94,4
125,94,5
126,94,1
127,94,5
128,94,1
129,94,3
130,94,5
131,94,1
132,94,1
133,94,4
134,94,1
135,94,1
136,94,3
137,94,1
138,94,5
139,94,2
140,94,4
141,94,4
142,94,5
143,94,1
144,94,1
145,94,3
146,94,4
147,94,2
148,94,5
149,94,4
150,94,3
151,94,3
152,94,2
153,94,5
154,94,1
155,94,2
156,94,2
157,94,1
158,94,5
159,94,5
160,94,4
161,94,1
162,94,2
163,94,2
164,94,5
165,94,3
166,94,5
167,94,2
168,94,5
169,94,1
170,94,1
171,94,1
172,94,4
173,94,1
174,94,1
175,94,2
176,94,4
177,94,1
178,94,2
179,94,1
180,94,1
181,94,4
182,94,1
183,94,5
184,94,3
185,94,5
186,94,1
187,94,5
188,94,3
189,94,1
190,94,1
191,94,5
192,94,3
193,94,2
194,94,4
195,94,1
196,94,4
197,94,1
198,94,2
199,94,2
200,94,5
201,94,2
202,94,5
203,94,1
204,94,5
205,94,4
206,94,5
207,94,1
208,94,1
209,94,2
210,94,3
211,94,5
212,94,2
213,94,3
214,94,3
215,94,1
216,94,1
217,94,4
218,94,1
219,94,2
220,94,2
221,94,4
222,94,1
223,94,2
224,94,5
225,94,3
226,94,1
227,94,2
228,94,5
229,94,2
230,94,2
231,94,5
232,94,3
233,94,4
234,94,1
235,94,2
236,94,1
237,94,2
238,94,4
239,94,1
240,94,5
241,94,3
242,94,1
243,94,5
244,94,1
245,94,3
246,94,3
247,94,2
248,94,2
249,94,1
250,94,1
1,95,1
2,95,1
3,95,1
4,95,5
5,95,5
6,95,3
7,95,3
8,95,4
9,95,5
10,95,5
11,95,3
12,95,2
13,95,2
14,95,2
15,95,2
16,95,5
17,95,1
18,95,5
19,95,3
20,95,4
21,95,1
22,95,4
23,95,2
24,95,5
25,95,5
26,95,4
27,95,4
28,95,5
29,95,3
30,95,2
31,95,4
32,95,4
33,95,4
34,95,2
35,95,3
36,95,3
37,95,4
38,95,3
39,95,4
40,95,3
41,95,5
42,95,5
43,95,2
44,95,2
45,95,4
46,95,5
47,95,4
48,95,1
49,95,3
50,95,4
51,95,5
52,95,5
53,95,3
54,95,4
55,95,1
56,95,2
57,95,3
58,95,3
59,95,1
60,95,2
61,95,1
62,95,4
63,95,5
64,95,3
65,95,2
66,95,2
67,95,5
68,95,2
69,95,3
70,95,4
71,95,1
72,95,2
73,95,2
74,95,5
75,95,1
76,95,1
77,95,1
78,95,5
79,95,1
80,95,2
81,95,5
82,95,3
83,95,4
84,95,4
85,95,1
86,95,2
87,95,3
88,95,1
89,95,2
90,95,2
91,95,1
92,95,1
93,95,1
94,95,5
95,95,5
96,95,5
97,95,2
98,95,5
99,95,2
100,95,4
101,95,1
102,95,3
103,95,5
104,95,5
105,95,3
106,95,2
107,95,1
108,95,1
109,95,3
110,95,1
111,95,4
112,95,5
113,95,4
114,95,5
115,95,3
116,95,5
117,95,4
118,95,3
119,95,1
120,95,1
121,95,1
122,95,5
123,95,1
124,95,5
125,95,4
126,95,3
127,95,4
128,95,2
129,95,1
130,95,5
131,95,1
132,95,3
133,95,4
134,95,1
135,95,2
136,95,3
137,95,3
138,95,5
139,95,1
140,95,5
141,95,5
142,95,4
143,95,2
144,95,1
145,95,2
146,95,5
147,95,1
148,95,5
149,95,5
150,95,2
151,95,3
152,95,1
153,95,5
154,95,2
155,95,1
156,95,1
157,95,3
158,95,5
159,95,5
160,95,5
161,95,2
162,95,1
163,95,1
164,95,5
165,95,3
166,95,5
167,95,2
168,95,4
169,95,1
170,95,2
171,95,1
172,95,5
173,95,2
174,95,3
175,95,2
176,95,5
177,95,1
178,95,2
179,95,2
180,95,3
181,95,4
182,95,2
183,95,5
184,95,1
185,95,5
186,95,1
187,95,4
188,95,3
189,95,2
190,95,3
191,95,4
192,95,3
193,95,3
194,95,4
195,95,1
196,95,5
197,95,1
198,95,3
199,95,2
200,95,5
201,95,1
202,95,5
203,95,2
204,95,4
205,95,5
206,95,4
207,95,1
208,95,1
209,95,1
210,95,3
211,95,4
212,95,3
213,95,2
214,95,2
215,95,1
216,95,3
217,95,4
218,95,1
219,95,1
220,95,2
221,95,4
222,95,1
223,95,3
224,95,4
225,95,2
226,95,2
227,95,1
228,95,5
229,95,1
230,95,2
231,95,5
232,95,1
233,95,4
234,95,3
235,95,2
236,95,1
237,95,1
238,95,4
239,95,1
240,95,4
241,95,3
242,95,2
243,95,5
244,95,1
245,95,3
246,95,1
247,95,2
248,95,3
249,95,2
250,95,1
1,97,3
2,97,2
3,97,3
4,97,5
5,97,5
6,97,3
7,97,2
8,97,4
9,97,4
10,97,5
11,97,3
12,97,1
13,97,1
14,97,2
15,97,3
16,97,4
17,97,3
18,97,5
19,97,2
20,97,4
21,97,3
22,97,5
23,97,3
24,97,4
25,97,5
26,97,5
27,97,4
28,97,5
29,97,1
30,97,3
31,97,5
32,97,5
33,97,5
34,97,1
35,97,3
36,97,3
37,97,4
38,97,1
39,97,4
40,97,3
41,97,4
42,97,5
43,97,1
44,97,3
45,97,4
46,97,5
47,97,5
48,97,2
49,97,1
50,97,5
51,97,4
52,97,5
53,97,2
54,97,5
55,97,2
56,97,3
57,97,2
58,97,3
59,97,2
60,97,2
61,97,2
62,97,4
63,97,5
64,97,2
65,97,2
66,97,1
67,97,4
68,97,2
69,97,2
70,97,5
71,97,1
72,97,3
73,97,3
74,97,5
75,97,1
76,97,2
77,97,2
78,97,4
79,97,1
80,97,1
81,97,4
82,97,3
83,97,5
84,97,4
85,97,1
86,97,1
87,97,1
88,97,1
89,97,2
90,97,2
91,97,1
92,97,3
93,97,1
94,97,4
95,97,4
96,97,5
97,97,1
98,97,5
99,97,2
100,97,5
101,97,2
102,97,3
103,97,4
104,97,4
105,97,2
106,97,1
107,97,2
108,97,2
109,97,3
110,97,3
111,97,4
112,97,4
113,97,5
114,97,5
115,97,2
116,97,5
117,97,5
118,97,3
119,97,3
120,97,1
121,97,1
122,97,4
123,97,1
124,97,4
125,97,4
126,97,1
127,97,4
128,97,1
129,97,1
130,97,4
131,97,2
132,97,1
133,97,5
134,97,1
135,97,3
136,97,2
137,97,2
138,97,5
139,97,1
140,97,4
141,97,5
142,97,5
143,97,3
144,97,1
145,97,3
146,97,5
147,97,2
148,97,5
149,97,5
150,97,1
151,97,3
152,97,1
153,97,4
154,97,1
155,97,2
156,97,2
157,97,3
158,97,4
159,97,5
160,97,5
161,97,3
162,97,2
163,97,3
164,97,5
165,97,2
166,97,4
167,97,2
168,97,5
169,97,1
170,97,1
171,97,1
172,97,4
173,97,2
174,97,1
175,97,1
176,97,4
177,97,1
178,97,2
179,97,1
180,97,3
181,97,4
182,97,1
183,97,5
184,97,3
185,97,4
186,97,1
187,97,4
188,97,3
189,97,1
190,97,2
191,97,5
192,97,3
193,97,3
194,97,4
195,97,2
196,97,4
197,97,1
198,97,3
199,97,2
200,97,5
201,97,2
202,97,5
203,97,1
204,97,5
205,97,5
206,97,4
207,97,1
208,97,2
209,97,1
210,97,2
211,97,4
212,97,3
213,97,3
214,97,1
215,97,2
216,97,2
217,97,4
218,97,2
219,97,1
220,97,1
221,97,5
222,97,2
223,97,2
224,97,5
225,97,3
226,97,1
227,97,2
228,97,5
229,97,2
230,97,1
231,97,4
232,97,1
233,97,4
234,97,3
235,97,1
236,97,1
237,97,1
238,97,4
239,97,2
240,97,5
241,97,3
242,97,2
243,97,4
244,97,1
245,97,3
246,97,2
247,97,1
248,97,3
249,97,1
250,97,2
1,98,3
2,98,1
3,98,3
4,98,4
5,98,4
6,98,3
7,98,3
8,98,5
9,98,5
10,98,5
11,98,3
12,98,1
13,98,2
14,98,2
15,98,2
16,98,5
17,98,2
18,98,4
19,98,2
20,98,5
21,98,3
22,98,5
23,98,1
24,98,5
25,98,5
26,98,4
27,98,4
28,98,5
29,98,2
30,98,3
31,98,4
32,98,4
33,98,5
34,98,1
35,98,3
36,98,1
37,98,5
38,98,2
39,98,5
40,98,3
41,98,5
42,98,5
43,98,1
44,98,3
45,98,4
46,98,4
47,98,4
48,98,1
49,98,3
50,98,5
51,98,4
52,98,5
53,98,3
54,98,5
55,98,2
56,98,1
57,98,2
58,98,2
59,98,3
60,98,3
61,98,3
62,98,4
63,98,5
64,98,3
65,98,2
66,98,2
67,98,5
68,98,3
69,98,3
70,98,4
71,98,2
72,98,3
73,98,2
74,98,4
75,98,2
76,98,3
77,98,1
78,98,5
79,98,2
80,98,2
81,98,4
82,98,3
83,98,5
84,98,5
85,98,2
86,98,3
87,98,1
88,98,1
89,98,2
90,98,2
91,98,1
92,98,2
93,98,2
94,98,5
95,98,4
96,98,5
97,98,1
98,98,4
99,98,2
100,98,4
101,98,2
102,98,2
103,98,4
104,98,4
105,98,2
106,98,3
107,98,1
108,98,1
109,98,3
110,98,3
111,98,5
112,98,4
113,98,5
114,98,5
115,98,3
116,98,4
117,98,4
118,98,3
119,98,1
120,98,3
121,98,1
122,98,5
123,98,1
124,98,4
125,98,5
126,98,3
127,98,5
128,98,1
129,98,1
130,98,4
131,98,2
132,98,3
133,98,5
134,98,1
135,98,1
136,98,2
137,98,1
138,98,5
139,98,3
140,98,5
141,98,4
142,98,5
143,98,2
144,98,1
145,98,3
146,98,4
147,98,1
148,98,5
149,98,5
150,98,2
151,98,2
152,98,1
153,98,4
154,98,2
155,98,2
156,98,1
157,98,3
158,98,5
159,98,4
160,98,5
161,98,2
162,98,2
163,98,3
164,98,4
165,98,2
166,98,5
167,98,2
168,98,4
169,98,1
170,98,1
171,98,1
172,98,5
173,98,1
174,98,3
175,98,1
176,98,4
177,98,1
178,98,3
179,98,1
180,98,3
181,98,5
182,98,1
183,98,5
184,98,3
185,98,5
186,98,1
187,98,4
188,98,3
189,98,2
190,98,3
191,98,4
192,98,3
193,98,1
194,98,5
195,98,2
196,98,4
197,98,2
198,98,3
199,98,1
200,98,4
201,98,1
202,98,5
203,98,2
204,98,5
205,98,5
206,98,5
207,98,1
208,98,1
209,98,2
210,98,3
211,98,5
212,98,2
213,98,2
214,98,2
215,98,2
216,98,2
217,98,5
218,98,2
219,98,1
220,98,2
221,98,4
222,98,1
223,98,3
224,98,4
225,98,3
226,98,1
227,98,1
228,98,5
229,98,2
230,98,1
231,98,5
232,98,3
233,98,5
234,98,3
235,98,1
236,98,1
237,98,2
238,98,5
239,98,1
240,98,4
241,98,1
242,98,3
243,98,5
244,98,3
245,98,3
246,98,1
247,98,1
248,98,2
249,98,2
250,98,1
1,99,3
2,99,2
3,99,3
4,99,5
5,99,4
6,99,3
7,99,2
8,99,4
9,99,5
10,99,5
11,99,2
12,99,1
13,99,2
14,99,1
15,99,2
16,99,4
17,99,3
18,99,4
19,99,1
20,99,5
21,99,1
22,99,5
23,99,3
24,99,4
25,99,4
26,99,4
27,99,5
28,99,4
29,99,2
30,99,3
31,99,4
32,99,5
33,99,5
34,99,1
35,99,3
36,99,1
37,99,4
38,99,3
39,99,5
40,99,3
41,99,5
42,99,5
43,99,1
44,99,3
45,99,5
46,99,5
47,99,5
48,99,2
49,99,3
50,99,5
51,99,4
52,99,5
53,99,3
54,99,5
55,99,2
56,99,1
57,99,3
58,99,3
59,99,3
60,99,3
61,99,3
62,99,5
63,99,5
64,99,2
65,99,2
66,99,1
67,99,5
68,99,2
69,99,3
70,99,4
71,99,2
72,99,1
73,99,3
74,99,4
75,99,2
76,99,3
77,99,2
78,99,5
79,99,1
80,99,2
81,99,5
82,99,3
83,99,5
84,99,4
85,99,1
86,99,2
87,99,3
88,99,1
89,99,1
90,99,1
91,99,1
92,99,2
93,99,1
94,99,5
95,99,5
96,99,4
97,99,2
98,99,5
99,99,1
100,99,5
101,99,2
102,99,3
103,99,5
104,99,4
105,99,1
106,99,2
107,99,1
108,99,2
109,99,3
110,99,3
111,99,5
112,99,4
113,99,4
114,99,5
115,99,2
116,99,4
117,99,4
118,99,3
119,99,2
120,99,2
121,99,1
122,99,5
123,99,1
124,99,4
125,99,4
126,99,2
127,99,5
128,99,1
129,99,2
130,99,5
131,99,1
132,99,3
133,99,5
134,99,1
135,99,1
136,99,3
137,99,2
138,99,4
139,99,1
140,99,4
141,99,5
142,99,4
143,99,3
144,99,1
145,99,3
146,99,4
147,99,1
148,99,5
149,99,4
150,99,3
151,99,3
152,99,2
153,99,4
154,99,1
155,99,3
156,99,1
157,99,3
158,99,5
159,99,5
160,99,5
161,99,3
162,99,1
163,99,3
164,99,5
165,99,3
166,99,4
167,99,2
168,99,5
169,99,1
170,99,1
171,99,1
172,99,5
173,99,2
174,99,3
175,99,1
176,99,5
177,99,2
178,99,1
179,99,2
180,99,1
181,99,5
182,99,1
183,99,5
184,99,3
185,99,5
186,99,1
187,99,4
188,99,3
189,99,2
190,99,1
191,99,4
192,99,1
193,99,3
194,99,4
195,99,1
196,99,5
197,99,2
198,99,2
199,99,2
200,99,5
201,99,2
202,99,4
203,99,1
204,99,5
205,99,5
206,99,5
207,99,1
208,99,1
209,99,2
210,99,3
211,99,5
212,99,1
213,99,2
214,99,1
215,99,1
216,99,2
217,99,5
218,99,1
219,99,2
220,99,3
221,99,4
222,99,1
223,99,1
224,99,4
225,99,3
226,99,1
227,99,1
228,99,4
229,99,1
230,99,1
231,99,5
232,99,2
233,99,5
234,99,2
235,99,2
236,99,2
237,99,2
238,99,5
239,99,1
240,99,5
241,99,2
242,99,2
243,99,5
244,99,2
245,99,3
246,99,3
247,99,2
248,99,3
249,99,1
250,99,1
1,100,3
2,100,1
3,100,2
4,100,5
5,100,4
6,100,3
7,100,2
8,100,4
9,100,4
10,100,5
11,100,2
12,100,2
13,100,3
14,100,1
15,100,2
16,100,5
17,100,3
18,100,4
19,100,1
20,100,5
21,100,3
22,100,5
23,100,3
24,100,5
25,100,4
26,100,4
27,100,4
28,100,4
29,100,2
30,100,2
31,100,5
32,100,5
33,100,4
34,100,1
35,100,1
36,100,1
37,100,4
38,100,3
39,100,4
40,100,3
41,100,4
42,100,5
43,100,2
44,100,2
45,100,5
46,100,5
47,100,4
48,100,2
49,100,1
50,100,5
51,100,4
52,100,4
53,100,2
54,100,4
55,100,1
56,100,3
57,100,3
58,100,2
59,100,3
60,100,2
61,100,1
62,100,4
63,100,5
64,100,2
65,100,1
66,100,2
67,100,5
68,100,3
69,100,3
70,100,5
71,100,1
72,100,1
73,100,3
74,100,5
75,100,1
76,100,3
77,100,2
78,100,5
79,100,1
80,100,2
81,100,5
82,100,3
83,100,4
84,100,4
85,100,2
86,100,3
87,100,2
88,100,1
89,100,1
90,100,2
91,100,1
92,100,3
93,100,1
94,100,5
95,100,5
96,100,5
97,100,1
98,100,4
99,100,1
100,100,4
101,100,2
102,100,2
103,100,5
104,100,4
105,100,3
106,100,1
107,100,1
108,100,2
109,100,2
110,100,2
111,100,5
112,100,5
113,100,5
114,100,5
115,100,3
116,100,5
117,100,4
118,100,3
119,100,2
120,100,1
121,100,2
122,100,5
123,100,2
124,100,5
125,100,5
126,100,3
127,100,4
128,100,1
129,100,2
130,100,5
131,100,1
132,100,3
133,100,4
134,100,1
135,100,3
136,100,1
137,100,2
138,100,4
139,100,2
140,100,4
141,100,5
142,100,4
143,100,1
144,100,1
145,100,1
146,100,5
147,100,2
148,100,4
149,100,5
150,100,2
151,100,3
152,100,1
153,100,4
154,100,2
155,100,3
156,100,1
157,100,2
158,100,5
159,100,5
160,100,4
161,100,3
162,100,2
163,100,2
164,100,5
165,100,1
166,100,5
167,100,1
168,100,5
169,100,1
170,100,1
171,100,1
172,100,5
173,100,2
174,100,1
175,100,1
176,100,4
177,100,2
178,100,3
179,100,1
180,100,3
181,100,4
182,100,1
183,100,4
184,100,3
185,100,5
186,100,1
187,100,4
188,100,2
189,100,1
190,100,1
191,100,5
192,100,2
193,100,3
194,100,4
195,100,1
196,100,5
197,100,1
198,100,2
199,100,2
200,100,5
201,100,1
202,100,5
203,100,1
204,100,5
205,100,5
206,100,5
207,100,1
208,100,1
209,100,2
210,100,3
211,100,5
212,100,3
213,100,3
214,100,2
215,100,2
216,100,3
217,100,4
218,100,1
219,100,1
220,100,3
221,100,5
222,100,1
223,100,3
224,100,5
225,100,3
226,100,1
227,100,1
228,100,5
229,100,1
230,100,1
231,100,5
232,100,3
233,100,4
234,100,1
235,100,1
236,100,1
237,100,1
238,100,4
239,100,1
240,100,5
241,100,1
242,100,2
243,100,5
244,100,3
245,100,3
246,100,2
247,100,2
248,100,3
249,100,2
250,100,2
1,101,5
2,101,3
3,101,5
4,101,4
5,101,3
6,101,4
7,101,5
8,101,4
9,101,5
10,101,4
11,101,4
12,101,2
13,101,5
14,101,2
15,101,5
16,101,3
17,101,5
18,101,4
19,101,5
20,101,4
21,101,5
22,101,4
23,101,5
24,101,3
25,101,3
26,101,3
27,101,5
28,101,3
29,101,5
30,101,4
31,101,3
32,101,3
33,101,2
34,101,2
35,101,5
36,101,4
37,101,1
38,101,4
39,101,2
40,101,4
41,101,2
42,101,4
43,101,3
44,101,4
45,101,2
46,101,3
47,101,1
48,101,1
49,101,5
50,101,2
51,101,2
52,101,1
53,101,5
54,101,1
55,101,1
56,101,5
57,101,4
58,101,4
59,101,4
60,101,5
61,101,5
62,101,4
63,101,3
64,101,5
65,101,3
66,101,2
67,101,3
68,101,4
69,101,5
70,101,1
71,101,2
72,101,5
73,101,4
74,101,2
75,101,3
76,101,4
77,101,4
78,101,4
79,101,2
80,101,4
81,101,3
82,101,5
83,101,4
84,101,2
85,101,2
86,101,5
87,101,4
88,101,2
89,101,3
90,101,5
91,101,3
92,101,5
93,101,3
94,101,3
95,101,2
96,101,2
97,101,2
98,101,2
99,101,1
100,101,5
101,101,5
102,101,4
103,101,4
104,101,3
105,101,4
106,101,4
107,101,3
108,101,3
109,101,4
110,101,5
111,101,3
112,101,4
113,101,2
114,101,4
115,101,5
116,101,2
117,101,4
118,101,5
119,101,5
120,101,5
121,101,3
122,101,5
123,101,2
124,101,3
125,101,3
126,101,4
127,101,2
128,101,2
129,101,5
130,101,1
131,101,2
132,101,5
133,101,1
134,101,1
135,101,5
136,101,4
137,101,5
138,101,2
139,101,4
140,101,3
141,101,3
142,101,3
143,101,5
144,101,2
145,101,4
146,101,3
147,101,3
148,101,3
149,101,2
150,101,4
151,101,4
152,101,3
153,101,2
154,101,1
155,101,4
156,101,3
157,101,4
158,101,2
159,101,2
160,101,2
161,101,5
162,101,3
163,101,5
164,101,1
165,101,5
166,101,4
167,101,2
168,101,2
169,101,2
170,101,1
171,101,3
172,101,2
173,101,2
174,101,4
175,101,1
176,101,3
177,101,2
178,101,4
179,101,3
180,101,4
181,101,2
182,101,2
183,101,4
184,101,5
185,101,2
186,101,3
187,101,3
188,101,4
189,101,2
190,101,5
191,101,4
192,101,5
193,101,4
194,101,3
195,101,3
196,101,2
197,101,3
198,101,4
199,101,2
200,101,3
201,101,3
202,101,3
203,101,2
204,101,1
205,101,3
206,101,4
207,101,1
208,101,3
209,101,2
210,101,4
211,101,2
212,101,5
213,101,5
214,101,4
215,101,3
216,101,5
217,101,4
218,101,1
219,101,3
220,101,5
221,101,3
222,101,3
223,101,5
224,101,3
225,101,4
226,101,2
227,101,2
228,101,2
229,101,3
230,101,3
231,101,4
232,101,5
233,101,4
234,101,4
235,101,3
236,101,2
237,101,3
238,101,3
239,101,2
240,101,2
241,101,5
242,101,4
243,101,1
244,101,5
245,101,5
246,101,5
247,101,1
248,101,5
249,101,3
250,101,2
1,102,5
2,102,1
3,102,5
4,102,1
5,102,3
6,102,4
7,102,4
8,102,1
9,102,5
10,102,3
11,102,5
12,102,3
13,102,4
14,102,3
15,102,4
16,102,1
17,102,4
18,102,4
19,102,5
20,102,1
21,102,5
22,102,4
23,102,5
24,102,2
25,102,3
26,102,2
27,102,3
28,102,2
29,102,4
30,102,4
31,102,3
32,102,3
33,102,5
34,102,2
35,102,4
36,102,4
37,102,4
38,102,4
39,102,1
40,102,4
41,102,2
42,102,4
43,102,2
44,102,4
45,102,1
46,102,1
47,102,3
48,102,2
49,102,5
50,102,3
51,102,4
52,102,3
53,102,4
54,102,3
55,102,2
56,102,5
57,102,4
58,102,5
59,102,4
60,102,4
61,102,5
62,102,4
63,102,2
64,102,4
65,102,3
66,102,3
67,102,3
68,102,5
69,102,5
70,102,3
71,102,2
72,102,5
73,102,4
74,102,4
75,102,3
76,102,4
77,102,5
78,102,3
79,102,1
80,102,4
81,102,4
82,102,4
83,102,2
84,102,2
85,102,3
86,102,5
87,102,4
88,102,1
89,102,1
90,102,5
91,102,1
92,102,5
93,102,2
94,102,2
95,102,4
96,102,2
97,102,2
98,102,4
99,102,3
100,102,2
101,102,4
102,102,5
103,102,3
104,102,3
105,102,5
106,102,5
107,102,2
108,102,1
109,102,5
110,102,5
111,102,4
112,102,1
113,102,1
114,102,1
115,102,4
116,102,1
117,102,4
118,102,4
119,102,5
120,102,4
121,102,3
122,102,2
123,102,3
124,102,1
125,102,3
126,102,5
127,102,4
128,102,3
129,102,4
130,102,3
131,102,3
132,102,4
133,102,3
134,102,3
135,102,5
136,102,4
137,102,5
138,102,4
139,102,4
140,102,3
141,102,4
142,102,4
143,102,5
144,102,2
145,102,4
146,102,2
147,102,3
148,102,2
149,102,4
150,102,5
151,102,4
152,102,2
153,102,3
154,102,2
155,102,4
156,102,2
157,102,5
158,102,4
159,102,3
160,102,3
161,102,5
162,102,3
163,102,5
164,102,3
165,102,5
166,102,2
167,102,3
168,102,3
169,102,2
170,102,2
171,102,3
172,102,2
173,102,2
174,102,5
175,102,3
176,102,4
177,102,3
178,102,4
179,102,2
180,102,4
181,102,4
182,102,3
183,102,3
184,102,5
185,102,1
186,102,2
187,102,3
188,102,4
189,102,3
190,102,5
191,102,1
192,102,4
193,102,5
194,102,2
195,102,3
196,102,4
197,102,3
198,102,4
199,102,1
200,102,3
201,102,3
202,102,3
203,102,2
204,102,3
205,102,2
206,102,5
207,102,2
208,102,3
209,102,1
210,102,4
211,102,4
212,102,4
213,102,5
214,102,5
215,102,1
216,102,4
217,102,3
218,102,3
219,102,1
220,102,5
221,102,4
222,102,1
223,102,4
224,102,3
225,102,5
226,102,3
227,102,3
228,102,2
229,102,3
230,102,2
231,102,2
232,102,4
233,102,4
234,102,5
235,102,2
236,102,3
237,102,2
238,102,3
239,102,3
240,102,3
241,102,4
242,102,4
243,102,2
244,102,4
245,102,5
246,102,5
247,102,2
248,102,5
249,102,1
250,102,3
1,103,2
2,103,1
3,103,1
4,103,4
5,103,5
6,103,2
7,103,3
8,103,5
9,103,4
10,103,4
11,103,1
12,103,2
13,103,3
14,103,1
15,103,2
16,103,5
17,103,3
18,103,5
19,103,3
20,103,5
21,103,1
22,103,4
23,103,2
24,103,5
25,103,5
26,103,5
27,103,5
28,103,5
29,103,2
30,103,3
31,103,5
32,103,5
33,103,5
34,103,2
35,103,3
36,103,3
37,103,4
38,103,2
39,103,4
40,103,1
41,103,4
42,103,4
43,103,1
44,103,2
45,103,4
46,103,5
47,103,5
48,103,1
49,103,1
50,103,5
51,103,5
52,103,5
53,103,2
54,103,4
55,103,1
56,103,3
57,103,3
58,103,3
59,103,1
60,103,3
61,103,2
62,103,5
63,103,4
64,103,2
65,103,2
66,103,1
67,103,5
68,103,1
69,103,2
70,103,5
71,103,1
72,103,3
73,103,1
74,103,5
75,103,1
76,103,1
77,103,3
78,103,5
79,103,2
80,103,1
81,103,4
82,103,3
83,103,4
84,103,4
85,103,1
86,103,2
87,103,1
88,103,1
89,103,1
90,103,2
91,103,1
92,103,3
93,103,2
94,103,5
95,103,5
96,103,4
97,103,2
98,103,5
99,103,1
100,103,5
101,103,2
102,103,2
103,103,5
104,103,5
105,103,1
106,103,3
107,103,1
108,103,2
109,103,2
110,103,2
111,103,4
112,103,4
113,103,4
114,103,5
115,103,3
116,103,5
117,103,5
118,103,1
119,103,3
120,103,3
121,103,2
122,103,4
123,103,1
124,103,5
125,103,5
126,103,2
127,103,5
128,103,1
129,103,3
130,103,5
131,103,2
132,103,2
133,103,5
134,103,1
135,103,2
136,103,3
137,103,3
138,103,4
139,103,2
140,103,5
141,103,5
142,103,5
143,103,2
144,103,2
145,103,3
146,103,5
147,103,1
148,103,4
149,103,5
150,103,2
151,103,2
152,103,1
153,103,4
154,103,1
155,103,3
156,103,1
157,103,2
158,103,5
159,103,4
160,103,4
161,103,1
162,103,1
163,103,1
164,103,4
165,103,3
166,103,4
167,103,1
168,103,5
169,103,2
170,103,2
171,103,1
172,103,5
173,103,1
174,103,3
175,103,1
176,103,5
177,103,2
178,103,1
179,103,1
180,103,2
181,103,5
182,103,1
183,103,5
184,103,2
185,103,4
186,103,2
187,103,4
188,103,2
189,103,1
190,103,3
191,103,4
192,103,3
193,103,1
194,103,4
195,103,1
196,103,5
197,103,2
198,103,1
199,103,1
200,103,4
201,103,2
202,103,5
203,103,1
204,103,5
205,103,5
206,103,5
207,103,1
208,103,2
209,103,1
210,103,2
211,103,5
212,103,1
213,103,2
214,103,1
215,103,1
216,103,3
217,103,4
218,103,2
219,103,1
220,103,2
221,103,4
222,103,1
223,103,3
224,103,5
225,103,3
226,103,1
227,103,2
228,103,5
229,103,2
230,103,1
231,103,4
232,103,3
233,103,5
234,103,3
235,103,2
236,103,2
237,103,1
238,103,5
239,103,1
240,103,5
241,103,3
242,103,3
243,103,5
244,103,2
245,103,2
246,103,1
247,103,1
248,103,2
249,103,2
250,103,1
1,104,5
2,104,3
3,104,4
4,104,2
5,104,3
6,104,5
7,104,5
8,104,2
9,104,2
10,104,2
11,104,4
12,104,2
13,104,5
14,104,3
15,104,5
16,104,1
17,104,5
18,104,1
19,104,5
20,104,2
21,104,5
22,104,3
23,104,4
24,104,3
25,104,3
26,104,4
27,104,4
28,104,2
29,104,5
30,104,5
31,104,1
32,104,1
33,104,3
34,104,3
35,104,4
36,104,5
37,104,1
38,104,5
39,104,2
40,104,4
41,104,5
42,104,2
43,104,3
44,104,4
45,104,2
46,104,4
47,104,4
48,104,2
49,104,5
50,104,2
51,104,3
52,104,2
53,104,5
54,104,3
55,104,3
56,104,5
57,104,5
58,104,5
59,104,4
60,104,5
61,104,5
62,104,3
63,104,4
64,104,5
65,104,3
66,104,3
67,104,2
68,104,5
69,104,5
70,104,4
71,104,2
72,104,5
73,104,5
74,104,4
75,104,3
76,104,5
77,104,4
78,104,5
79,104,1
80,104,4
81,104,2
82,104,5
83,104,3
84,104,2
85,104,3
86,104,5
87,104,5
88,104,3
89,104,2
90,104,4
91,104,3
92,104,5
93,104,2
94,104,2
95,104,3
96,104,4
97,104,1
98,104,1
99,104,1
100,104,1
101,104,5
102,104,5
103,104,4
104,104,4
105,104,4
106,104,5
107,104,3
108,104,3
109,104,4
110,104,5
111,104,3
112,104,1
113,104,4
114,104,1
115,104,5
116,104,3
117,104,1
118,104,4
119,104,5
120,104,4
121,104,3
122,104,3
123,104,2
124,104,2
125,104,2
126,104,4
127,104,5
128,104,3
129,104,5
130,104,3
131,104,3
132,104,5
133,104,4
134,104,3
135,104,4
136,104,5
137,104,5
138,104,3
139,104,5
140,104,1
141,104,2
142,104,3
143,104,4
144,104,2
145,104,5
146,104,2
147,104,2
148,104,3
149,104,4
150,104,5
151,104,5
152,104,2
153,104,2
154,104,2
155,104,4
156,104,1
157,104,5
158,104,3
159,104,2
160,104,4
161,104,5
162,104,2
163,104,4
164,104,4
165,104,4
166,104,4
167,104,2
168,104,3
169,104,3
170,104,2
171,104,2
172,104,4
173,104,1
174,104,5
175,104,3
176,104,3
177,104,3
178,104,4
179,104,1
180,104,4
181,104,4
182,104,3
183,104,3
184,104,4
185,104,3
186,104,3
187,104,4
188,104,4
189,104,1
190,104,5
191,104,3
192,104,4
193,104,5
194,104,4
195,104,3
196,104,4
197,104,3
198,104,4
199,104,2
200,104,5
201,104,3
202,104,4
203,104,3
204,104,3
205,104,4
206,104,4
207,104,3
208,104,3
209,104,2
210,104,5
211,104,2
212,104,4
213,104,4
214,104,5
215,104,2
216,104,5
217,104,5
218,104,3
219,104,1
220,104,4
221,104,5
222,104,3
223,104,5
224,104,3
225,104,4
226,104,3
227,104,1
228,104,2
229,104,1
230,104,3
231,104,2
232,104,5
233,104,4
234,104,4
235,104,3
236,104,3
237,104,2
238,104,2
239,104,2
240,104,3
241,104,5
242,104,5
243,104,4
244,104,4
245,104,5
246,104,4
247,104,3
248,104,5
249,104,3
250,104,3
1,105,2
2,105,1
3,105,2
4,105,5
5,105,4
6,105,3
7,105,3
8,105,5
9,105,4
10,105,4
11,105,3
12,105,2
13,105,3
14,105,1
15,105,2
16,105,5
17,105,2
18,105,4
19,105,2
20,105,5
21,105,2
22,105,4
23,105,3
24,105,5
25,105,4
26,105,5
27,105,5
28,105,5
29,105,3
30,105,3
31,105,5
32,105,4
33,105,5
34,105,2
35,105,2
36,105,3
37,105,5
38,105,1
39,105,4
40,105,3
41,105,5
42,105,5
43,105,2
44,105,3
45,105,4
46,105,4
47,105,5
48,105,1
49,105,3
50,105,4
51,105,4
52,105,5
53,105,2
54,105,5
55,105,1
56,105,3
57,105,3
58,105,3
59,105,1
60,105,2
61,105,3
62,105,4
63,105,4
64,105,3
65,105,1
66,105,2
67,105,4
68,105,3
69,105,2
70,105,5
71,105,2
72,105,3
73,105,1
74,105,5
75,105,1
76,105,3
77,105,3
78,105,5
79,105,2
80,105,2
81,105,5
82,105,2
83,105,5
84,105,4
85,105,1
86,105,3
87,105,2
88,105,2
89,105,1
90,105,2
91,105,1
92,105,3
93,105,2
94,105,5
95,105,4
96,105,4
97,105,1
98,105,5
99,105,2
100,105,4
101,105,3
102,105,2
103,105,5
104,105,4
105,105,2
106,105,2
107,105,2
108,105,1
109,105,3
110,105,2
111,105,4
112,105,5
113,105,4
114,105,4
115,105,1
116,105,5
117,105,5
118,105,2
119,105,2
120,105,1
121,105,2
122,105,5
123,105,1
124,105,5
125,105,4
126,105,2
127,105,4
128,105,2
129,105,1
130,105,5
131,105,1
132,105,1
133,105,5
134,105,2
135,105,2
136,105,2
137,105,2
138,105,4
139,105,1
140,105,4
141,105,4
142,105,5
143,105,1
144,105,1
145,105,1
146,105,4
147,105,1
148,105,5
149,105,5
150,105,1
151,105,2
152,105,2
153,105,5
154,105,1
155,105,3
156,105,1
157,105,3
158,105,5
159,105,4
160,105,5
161,105,3
162,105,1
163,105,1
164,105,4
165,105,1
166,105,5
167,105,1
168,105,5
169,105,1
170,105,2
171,105,2
172,105,4
173,105,1
174,105,1
175,105,1
176,105,5
177,105,2
178,105,3
179,105,2
180,105,3
181,105,5
182,105,1
183,105,4
184,105,3
185,105,5
186,105,1
187,105,4
188,105,3
189,105,1
190,105,2
191,105,5
192,105,2
193,105,1
194,105,5
195,105,1
196,105,5
197,105,2
198,105,1
199,105,1
200,105,4
201,105,1
202,105,5
203,105,1
204,105,5
205,105,5
206,105,5
207,105,1
208,105,1
209,105,1
210,105,3
211,105,5
212,105,3
213,105,3
214,105,1
215,105,1
216,105,3
217,105,4
218,105,1
219,105,1
220,105,3
221,105,5
222,105,1
223,105,3
224,105,4
225,105,3
226,105,1
227,105,2
228,105,5
229,105,1
230,105,1
231,105,4
232,105,1
233,105,4
234,105,2
235,105,1
236,105,1
237,105,2
238,105,4
239,105,1
240,105,5
241,105,3
242,105,2
243,105,4
244,105,3
245,105,3
246,105,2
247,105,1
248,105,2
249,105,2
250,105,2
1,106,5
2,106,3
3,106,5
4,106,4
5,106,3
6,106,4
7,106,5
8,106,4
9,106,3
10,106,1
11,106,5
12,106,3
13,106,5
14,106,3
15,106,4
16,106,1
17,106,5
18,106,2
19,106,5
20,106,4
21,106,5
22,106,3
23,106,5
24,106,3
25,106,3
26,106,3
27,106,3
28,106,2
29,106,4
30,106,5
31,106,3
32,106,3
33,106,3
34,106,3
35,106,5
36,106,5
37,106,1
38,106,5
39,106,3
40,106,5
41,106,3
42,106,3
43,106,3
44,106,4
45,106,2
46,106,5
47,106,3
48,106,3
49,106,4
50,106,3
51,106,3
52,106,1
53,106,5
54,106,2
55,106,2
56,106,5
57,106,5
58,106,4
59,106,5
60,106,5
61,106,5
62,106,4
63,106,4
64,106,5
65,106,3
66,106,2
67,106,2
68,106,5
69,106,5
70,106,4
71,106,3
72,106,5
73,106,5
74,106,2
75,106,3
76,106,5
77,106,5
78,106,1
79,106,2
80,106,4
81,106,4
82,106,5
83,106,4
84,106,2
85,106,3
86,106,5
87,106,5
88,106,2
89,106,2
90,106,5
91,106,2
92,106,4
93,106,3
94,106,1
95,106,2
96,106,2
97,106,3
98,106,5
99,106,3
100,106,4
101,106,5
102,106,5
103,106,2
104,106,1
105,106,5
106,106,5
107,106,3
108,106,2
109,106,5
110,106,5
111,106,4
112,106,3
113,106,4
114,106,5
115,106,5
116,106,4
117,106,5
118,106,5
119,106,4
120,106,4
121,106,3
122,106,2
123,106,3
124,106,5
125,106,3
126,106,4
127,106,3
128,106,3
129,106,5
130,106,3
131,106,3
132,106,5
133,106,3
134,106,2
135,106,5
136,106,5
137,106,4
138,106,3
139,106,4
140,106,3
141,106,1
142,106,3
143,106,4
144,106,3
145,106,5
146,106,3
147,106,3
148,106,3
149,106,3
150,106,4
151,106,5
152,106,3
153,106,4
154,106,2
155,106,4
156,106,3
157,106,4
158,106,2
159,106,3
160,106,1
161,106,5
162,106,3
163,106,4
164,106,2
165,106,5
166,106,1
167,106,3
168,106,2
169,106,1
170,106,2
171,106,3
172,106,4
173,106,3
174,106,4
175,106,3
176,106,5
177,106,3
178,106,5
179,106,2
180,106,5
181,106,4
182,106,2
183,106,3
184,106,5
185,106,4
186,106,2
187,106,4
188,106,4
189,106,1
190,106,5
191,106,3
192,106,4
193,106,4
194,106,2
195,106,2
196,106,3
197,106,3
198,106,5
199,106,3
200,106,1
201,106,2
202,106,2
203,106,2
204,106,3
205,106,4
206,106,4
207,106,3
208,106,1
209,106,3
210,106,4
211,106,4
212,106,5
213,106,4
214,106,4
215,106,3
216,106,5
217,106,2
218,106,3
219,106,2
220,106,5
221,106,4
222,106,1
223,106,4
224,106,3
225,106,5
226,106,3
227,106,3
228,106,4
229,106,3
230,106,3
231,106,3
232,106,4
233,106,2
234,106,5
235,106,3
236,106,2
237,106,3
238,106,4
239,106,3
240,106,4
241,106,5
242,106,5
243,106,3
244,106,5
245,106,5
246,106,5
247,106,2
248,106,4
249,106,2
250,106,2
1,107,4
2,107,2
3,107,5
4,107,4
5,107,3
6,107,5
7,107,5
8,107,2
9,107,3
10,107,2
11,107,5
12,107,3
13,107,4
14,107,2
15,107,5
16,107,2
17,107,4
18,107,4
19,107,4
20,107,3
21,107,5
22,107,4
23,107,5
24,107,2
25,107,4
26,107,5
27,107,3
28,107,3
29,107,4
30,107,4
31,107,3
32,107,4
33,107,4
34,107,3
35,107,4
36,107,5
37,107,1
38,107,5
39,107,4
40,107,5
41,107,4
42,107,2
43,107,2
44,107,4
45,107,3
46,107,4
47,107,2
48,107,3
49,107,4
50,107,4
51,107,2
52,107,4
53,107,5
54,107,3
55,107,1
56,107,4
57,107,5
58,107,5
59,107,4
60,107,4
61,107,4
62,107,3
63,107,3
64,107,4
65,107,2
66,107,2
67,107,3
68,107,4
69,107,5
70,107,4
71,107,3
72,107,5
73,107,4
74,107,4
75,107,3
76,107,5
77,107,5
78,107,3
79,107,2
80,107,4
81,107,2
82,107,5
83,107,3
84,107,4
85,107,3
86,107,5
87,107,4
88,107,2
89,107,1
90,107,5
91,107,3
92,107,5
93,107,1
94,107,2
95,107,2
96,107,3
97,107,2
98,107,3
99,107,3
100,107,1
101,107,5
102,107,5
103,107,4
104,107,4
105,107,5
106,107,4
107,107,3
108,107,3
109,107,4
110,107,5
111,107,3
112,107,3
113,107,2
114,107,2
115,107,4
116,107,2
117,107,5
118,107,4
119,107,5
120,107,5
121,107,3
122,107,4
123,107,3
124,107,2
125,107,4
126,107,4
127,107,2
128,107,2
129,107,4
130,107,2
131,107,3
132,107,4
133,107,2
134,107,2
135,107,5
136,107,4
137,107,4
138,107,3
139,107,5
140,107,4
141,107,3
142,107,1
143,107,4
144,107,1
145,107,4
146,107,1
147,107,2
148,107,4
149,107,1
150,107,5
151,107,5
152,107,3
153,107,2
154,107,3
155,107,5
156,107,3
157,107,5
158,107,5
159,107,5
160,107,2
161,107,5
162,107,2
163,107,4
164,107,3
165,107,5
166,107,2
167,107,3
168,107,5
169,107,3
170,107,3
171,107,3
172,107,4
173,107,1
174,107,5
175,107,3
176,107,4
177,107,3
178,107,4
179,107,2
180,107,5
181,107,3
182,107,2
183,107,3
184,107,4
185,107,4
186,107,2
187,107,3
188,107,4
189,107,3
190,107,5
191,107,1
192,107,5
193,107,5
194,107,3
195,107,3
196,107,4
197,107,2
198,107,5
199,107,3
200,107,4
201,107,2
202,107,3
203,107,3
204,107,3
205,107,3
206,107,1
207,107,2
208,107,2
209,107,3
210,107,4
211,107,2
212,107,5
213,107,5
214,107,4
215,107,3
216,107,4
217,107,2
218,107,3
219,107,3
220,107,5
221,107,3
222,107,3
223,107,5
224,107,3
225,107,4
226,107,3
227,107,2
228,107,3
229,107,3
230,107,2
231,107,3
232,107,4
233,107,2
234,107,5
235,107,3
236,107,3
237,107,1
238,107,4
239,107,3
240,107,3
241,107,4
242,107,4
243,107,5
244,107,5
245,107,5
246,107,5
247,107,2
248,107,4
249,107,3
250,107,2
1,108,4
2,108,3
3,108,5
4,108,5
5,108,4
6,108,5
7,108,4
8,108,1
9,108,3
10,108,2
11,108,5
12,108,3
13,108,4
14,108,3
15,108,4
16,108,3
17,108,4
18,108,4
19,108,5
20,108,3
21,108,4
22,108,2
23,108,4
24,108,2
25,108,3
26,108,3
27,108,4
28,108,2
29,108,5
30,108,5
31,108,4
32,108,3
33,108,2
34,108,1
35,108,4
36,108,5
37,108,2
38,108,5
39,108,2
40,108,4
41,108,3
42,108,2
43,108,3
44,108,5
45,108,3
46,108,3
47,108,1
48,108,3
49,108,5
50,108,4
51,108,3
52,108,2
53,108,5
54,108,3
55,108,3
56,108,5
57,108,5
58,108,4
59,108,4
60,108,5
61,108,4
62,108,2
63,108,4
64,108,5
65,108,3
66,108,3
67,108,4
68,108,5
69,108,5
70,108,3
71,108,2
72,108,4
73,108,4
74,108,4
75,108,3
76,108,4
77,108,4
78,108,4
79,108,3
80,108,4
81,108,4
82,108,4
83,108,3
84,108,1
85,108,1
86,108,5
87,108,5
88,108,1
89,108,3
90,108,4
91,108,3
92,108,5
93,108,2
94,108,4
95,108,2
96,108,4
97,108,2
98,108,2
99,108,2
100,108,4
101,108,4
102,108,4
103,108,3
104,108,5
105,108,4
106,108,5
107,108,2
108,108,3
109,108,5
110,108,4
111,108,1
112,108,2
113,108,3
114,108,1
115,108,5
116,108,3
117,108,2
118,108,4
119,108,4
120,108,4
121,108,3
122,108,2
123,108,3
124,108,3
125,108,2
126,108,5
127,108,4
128,108,3
129,108,4
130,108,4
131,108,3
132,108,5
133,108,1
134,108,1
135,108,4
136,108,5
137,108,4
138,108,3
139,108,4
140,108,3
141,108,3
142,108,3
143,108,5
144,108,3
145,108,5
146,108,2
147,108,3
148,108,5
149,108,3
150,108,4
151,108,4
152,108,3
153,108,2
154,108,3
155,108,5
156,108,2
157,108,5
158,108,4
159,108,3
160,108,4
161,108,4
162,108,2
163,108,4
164,108,2
165,108,4
166,108,2
167,108,3
168,108,5
169,108,2
170,108,1
171,108,2
172,108,3
173,108,3
174,108,4
175,108,3
176,108,3
177,108,2
178,108,5
179,108,2
180,108,5
181,108,4
182,108,3
183,108,3
184,108,5
185,108,4
186,108,2
187,108,1
188,108,4
189,108,3
190,108,4
191,108,2
192,108,5
193,108,5
194,108,1
195,108,2
196,108,3
197,108,1
198,108,5
199,108,1
200,108,3
201,108,3
202,108,1
203,108,2
204,108,3
205,108,4
206,108,1
207,108,3
208,108,3
209,108,3
210,108,5
211,108,2
212,108,5
213,108,4
214,108,5
215,108,3
216,108,4
217,108,2
218,108,3
219,108,2
220,108,4
221,108,2
222,108,3
223,108,4
224,108,1
225,108,4
226,108,2
227,108,3
228,108,3
229,108,2
230,108,3
231,108,3
232,108,5
233,108,3
234,108,5
235,108,1
236,108,3
237,108,3
238,108,1
239,108,2
240,108,4
241,108,5
242,108,5
243,108,3
244,108,4
245,108,5
246,108,4
247,108,2
248,108,4
249,108,3
250,108,2
1,109,5
2,109,2
3,109,5
4,109,3
5,109,2
6,109,4
7,109,5
8,109,2
9,109,3
10,109,3
11,109,5
12,109,1
13,109,5
14,109,3
15,109,4
16,109,3
17,109,5
18,109,3
19,109,5
20,109,4
21,109,5
22,109,4
23,109,4
24,109,4
25,109,3
26,109,5
27,109,4
28,109,1
29,109,4
30,109,4
31,109,2
32,109,3
33,109,3
34,109,2
35,109,5
36,109,4
37,109,3
38,109,5
39,109,4
40,109,5
41,109,1
42,109,3
43,109,2
44,109,5
45,109,4
46,109,3
47,109,3
48,109,1
49,109,5
50,109,5
51,109,1
52,109,4
53,109,5
54,109,3
55,109,3
56,109,5
57,109,5
58,109,5
59,109,5
60,109,5
61,109,4
62,109,4
63,109,3
64,109,5
65,109,3
66,109,3
67,109,3
68,109,5
69,109,5
70,109,2
71,109,3
72,109,5
73,109,4
74,109,3
75,109,3
76,109,5
77,109,4
78,109,4
79,109,3
80,109,5
81,109,2
82,109,5
83,109,2
84,109,3
85,109,3
86,109,5
87,109,5
88,109,1
89,109,2
90,109,5
91,109,2
92,109,4
93,109,3
94,109,2
95,109,1
96,109,1
97,109,2
98,109,4
99,109,3
100,109,4
101,109,5
102,109,5
103,109,1
104,109,3
105,109,5
106,109,4
107,109,3
108,109,3
109,109,4
110,109,5
111,109,1
112,109,1
113,109,1
114,109,4
115,109,4
116,109,1
117,109,1
118,109,4
119,109,4
120,109,5
121,109,3
122,109,3
123,109,2
124,109,4
125,109,3
126,109,5
127,109,2
128,109,3
129,109,5
130,109,4
131,109,3
132,109,5
133,109,4
134,109,2
135,109,4
136,109,5
137,109,5
138,109,2
139,109,4
140,109,3
141,109,2
142,109,1
143,109,4
144,109,2
145,109,5
146,109,3
147,109,2
148,109,5
149,109,1
150,109,4
151,109,5
152,109,3
153,109,1
154,109,2
155,109,5
156,109,1
157,109,4
158,109,3
159,109,3
160,109,3
161,109,5
162,109,3
163,109,5
164,109,4
165,109,4
166,109,2
167,109,2
168,109,2
169,109,3
170,109,3
171,109,1
172,109,3
173,109,1
174,109,5
175,109,3
176,109,3
177,109,1
178,109,5
179,109,3
180,109,4
181,109,4
182,109,2
183,109,4
184,109,4
185,109,3
186,109,2
187,109,3
188,109,5
189,109,1
190,109,5
191,109,4
192,109,4
193,109,4
194,109,3
195,109,3
196,109,1
197,109,3
198,109,5
199,109,3
200,109,3
201,109,3
202,109,4
203,109,1
204,109,3
205,109,3
206,109,4
207,109,3
208,109,3
209,109,2
210,109,5
211,109,3
212,109,4
213,109,5
214,109,5
215,109,3
216,109,5
217,109,2
218,109,3
219,109,2
220,109,4
221,109,4
222,109,2
223,109,4
224,109,4
225,109,5
226,109,3
227,109,1
228,109,2
229,109,3
230,109,2
231,109,2
232,109,4
233,109,1
234,109,4
235,109,3
236,109,1
237,109,2
238,109,3
239,109,1
240,109,4
241,109,5
242,109,5
243,109,3
244,109,5
245,109,5
246,109,4
247,109,3
248,109,5
249,109,1
250,109,1
1,110,5
2,110,3
3,110,5
4,110,3
5,110,1
6,110,5
7,110,5
8,110,3
9,110,4
10,110,3
11,110,5
12,110,2
13,110,4
14,110,1
15,110,4
16,110,4
17,110,4
18,110,1
19,110,5
20,110,3
21,110,4
22,110,3
23,110,5
24,110,4
25,110,2
26,110,4
27,110,5
28,110,3
29,110,4
30,110,5
31,110,5
32,110,3
33,110,3
34,110,2
35,110,4
36,110,5
37,110,3
38,110,4
39,110,1
40,110,4
41,110,3
42,110,3
43,110,3
44,110,5
45,110,3
46,110,4
47,110,4
48,110,1
49,110,4
50,110,2
51,110,1
52,110,4
53,110,5
54,110,3
55,110,3
56,110,5
57,110,4
58,110,4
59,110,5
60,110,5
61,110,5
62,110,4
63,110,4
64,110,4
65,110,2
66,110,1
67,110,2
68,110,5
69,110,4
70,110,4
71,110,3
72,110,4
73,110,4
74,110,4
75,110,3
76,110,4
77,110,5
78,110,4
79,110,1
80,110,4
81,110,4
82,110,5
83,110,2
84,110,3
85,110,3
86,110,4
87,110,5
88,110,3
89,110,1
90,110,5
91,110,2
92,110,4
93,110,3
94,110,2
95,110,4
96,110,4
97,110,2
98,110,3
99,110,1
100,110,1
101,110,5
102,110,5
103,110,2
104,110,3
105,110,4
106,110,4
107,110,1
108,110,2
109,110,4
110,110,5
111,110,3
112,110,4
113,110,5
114,110,2
115,110,4
116,110,3
117,110,2
118,110,5
119,110,4
120,110,5
121,110,3
122,110,4
123,110,3
124,110,4
125,110,3
126,110,5
127,110,2
128,110,1
129,110,4
130,110,4
131,110,3
132,110,4
133,110,1
134,110,1
135,110,5
136,110,5
137,110,5
138,110,3
139,110,5
140,110,4
141,110,3
142,110,4
143,110,5
144,110,2
145,110,4
146,110,2
147,110,1
148,110,2
149,110,1
150,110,5
151,110,5
152,110,3
153,110,3
154,110,2
155,110,5
156,110,3
157,110,4
158,110,2
159,110,3
160,110,3
161,110,5
162,110,2
163,110,5
164,110,2
165,110,4
166,110,3
167,110,3
168,110,3
169,110,3
170,110,3
171,110,2
172,110,1
173,110,2
174,110,5
175,110,3
176,110,3
177,110,3
178,110,5
179,110,2
180,110,5
181,110,1
182,110,2
183,110,2
184,110,5
185,110,2
186,110,1
187,110,4
188,110,5
189,110,3
190,110,5
191,110,2
192,110,4
193,110,4
194,110,2
195,110,2
196,110,3
197,110,3
198,110,4
199,110,2
200,110,3
201,110,1
202,110,4
203,110,2
204,110,2
205,110,4
206,110,2
207,110,3
208,110,3
209,110,2
210,110,4
211,110,1
212,110,4
213,110,5
214,110,4
215,110,1
216,110,4
217,110,2
218,110,2
219,110,2
220,110,5
221,110,2
222,110,3
223,110,4
224,110,2
225,110,4
226,110,3
227,110,2
228,110,3
229,110,1
230,110,2
231,110,3
232,110,5
233,110,4
234,110,5
235,110,2
236,110,3
237,110,2
238,110,3
239,110,1
240,110,4
241,110,5
242,110,5
243,110,1
244,110,4
245,110,4
246,110,4
247,110,3
248,110,5
249,110,3
250,110,1
1,111,5
2,111,3
3,111,5
4,111,2
5,111,4
6,111,4
7,111,5
8,111,2
9,111,2
10,111,3
11,111,5
12,111,2
13,111,5
14,111,2
15,111,4
16,111,4
17,111,5
18,111,2
19,111,5
20,111,3
21,111,4
22,111,2
23,111,4
24,111,1
25,111,4
26,111,3
27,111,3
28,111,4
29,111,5
30,111,4
31,111,3
32,111,4
33,111,4
34,111,1
35,111,5
36,111,4
37,111,2
38,111,5
39,111,2
40,111,5
41,111,3
42,111,3
43,111,2
44,111,4
45,111,4
46,111,1
47,111,4
48,111,2
49,111,5
50,111,4
51,111,3
52,111,3
53,111,4
54,111,4
55,111,3
56,111,5
57,111,4
58,111,5
59,111,5
60,111,5
61,111,5
62,111,5
63,111,3
64,111,5
65,111,3
66,111,2
67,111,5
68,111,5
69,111,4
70,111,3
71,111,3
72,111,5
73,111,5
74,111,3
75,111,2
76,111,5
77,111,4
78,111,3
79,111,2
80,111,5
81,111,3
82,111,5
83,111,2
84,111,3
85,111,1
86,111,5
87,111,4
88,111,2
89,111,3
90,111,5
91,111,3
92,111,5
93,111,3
94,111,1
95,111,1
96,111,4
97,111,3
98,111,3
99,111,1
100,111,2
101,111,5
102,111,4
103,111,4
104,111,3
105,111,5
106,111,5
107,111,3
108,111,3
109,111,4
110,111,4
111,111,4
112,111,3
113,111,3
114,111,3
115,111,4
116,111,3
117,111,3
118,111,5
119,111,4
120,111,5
121,111,3
122,111,1
123,111,3
124,111,4
125,111,2
126,111,4
127,111,5
128,111,1
129,111,4
130,111,2
131,111,3
132,111,4
133,111,3
134,111,2
135,111,5
136,111,4
137,111,5
138,111,2
139,111,5
140,111,2
141,111,4
142,111,3
143,111,4
144,111,3
145,111,4
146,111,3
147,111,3
148,111,5
149,111,4
150,111,4
151,111,4
152,111,3
153,111,2
154,111,1
155,111,4
156,111,3
157,111,4
158,111,4
159,111,2
160,111,4
161,111,4
162,111,3
163,111,4
164,111,3
165,111,4
166,111,1
167,111,1
168,111,2
169,111,3
170,111,3
171,111,1
172,111,2
173,111,3
174,111,4
175,111,3
176,111,1
177,111,3
178,111,5
179,111,3
180,111,5
181,111,3
182,111,3
183,111,4
184,111,4
185,111,2
186,111,2
187,111,3
188,111,5
189,111,3
190,111,4
191,111,2
192,111,5
193,111,4
194,111,4
195,111,1
196,111,1
197,111,3
198,111,4
199,111,2
200,111,2
201,111,3
202,111,2
203,111,3
204,111,4
205,111,3
206,111,1
207,111,3
208,111,1
209,111,2
210,111,4
211,111,4
212,111,5
213,111,5
214,111,5
215,111,2
216,111,5
217,111,2
218,111,3
219,111,1
220,111,4
221,111,3
222,111,1
223,111,4
224,111,2
225,111,5
226,111,2
227,111,3
228,111,4
229,111,1
230,111,3
231,111,3
232,111,5
233,111,3
234,111,4
235,111,3
236,111,3
237,111,2
238,111,1
239,111,3
240,111,2
241,111,5
242,111,5
243,111,3
244,111,5
245,111,5
246,111,5
247,111,2
248,111,4
249,111,3
250,111,3
1,112,2
2,112,1
3,112,3
4,112,5
5,112,5
6,112,3
7,112,3
8,112,4
9,112,4
10,112,5
11,112,2
12,112,2
13,112,2
14,112,1
15,112,1
16,112,4
17,112,1
18,112,4
19,112,3
20,112,4
21,112,2
22,112,5
23,112,3
24,112,4
25,112,4
26,112,5
27,112,4
28,112,5
29,112,3
30,112,3
31,112,4
32,112,4
33,112,4
34,112,1
35,112,1
36,112,1
37,112,4
38,112,2
39,112,5
40,112,1
41,112,4
42,112,5
43,112,2
44,112,3
45,112,5
46,112,4
47,112,5
48,112,1
49,112,2
50,112,4
51,112,5
52,112,5
53,112,3
54,112,5
55,112,1
56,112,2
57,112,3
58,112,3
59,112,2
60,112,2
61,112,3
62,112,5
63,112,4
64,112,1
65,112,2
66,112,2
67,112,5
68,112,3
69,112,2
70,112,5
71,112,1
72,112,3
73,112,2
74,112,5
75,112,2
76,112,3
77,112,2
78,112,4
79,112,1
80,112,3
81,112,5
82,112,3
83,112,4
84,112,5
85,112,1
86,112,1
87,112,3
88,112,2
89,112,1
90,112,3
91,112,1
92,112,1
93,112,2
94,112,4
95,112,5
96,112,5
97,112,1
98,112,5
99,112,1
100,112,5
101,112,1
102,112,3
103,112,5
104,112,5
105,112,3
106,112,3
107,112,1
108,112,2
109,112,3
110,112,3
111,112,5
112,112,5
113,112,5
114,112,4
115,112,1
116,112,5
117,112,4
118,112,2
119,112,3
120,112,1
121,112,1
122,112,4
123,112,2
124,112,5
125,112,5
126,112,2
127,112,5
128,112,1
129,112,1
130,112,5
131,112,1
132,112,2
133,112,4
134,112,2
135,112,3
136,112,2
137,112,3
138,112,5
139,112,2
140,112,5
141,112,4
142,112,5
143,112,1
144,112,2
145,112,2
146,112,5
147,112,1
148,112,5
149,112,4
150,112,3
151,112,3
152,112,2
153,112,5
154,112,2
155,112,2
156,112,1
157,112,2
158,112,5
159,112,5
160,112,5
161,112,3
162,112,2
163,112,2
164,112,5
165,112,1
166,112,4
167,112,2
168,112,4
169,112,1
170,112,2
171,112,2
172,112,4
173,112,1
174,112,1
175,112,1
176,112,4
177,112,2
178,112,2
179,112,1
180,112,3
181,112,4
182,112,1
183,112,5
184,112,3
185,112,5
186,112,1
187,112,5
188,112,2
189,112,1
190,112,2
191,112,5
192,112,3
193,112,3
194,112,5
195,112,1
196,112,5
197,112,2
198,112,2
199,112,1
200,112,5
201,112,1
202,112,4
203,112,1
204,112,5
205,112,4
206,112,5
207,112,2
208,112,1
209,112,1
210,112,1
211,112,5
212,112,3
213,112,2
214,112,3
215,112,1
216,112,2
217,112,4
218,112,1
219,112,1
220,112,3
221,112,5
222,112,1
223,112,3
224,112,5
225,112,2
226,112,2
227,112,1
228,112,4
229,112,2
230,112,2
231,112,5
232,112,3
233,112,4
234,112,3
235,112,1
236,112,1
237,112,1
238,112,5
239,112,2
240,112,4
241,112,3
242,112,1
243,112,4
244,112,1
245,112,3
246,112,2
247,112,2
248,112,3
249,112,1
250,112,1
1,113,5
2,113,3
3,113,4
4,113,3
5,113,2
6,113,5
7,113,5
8,113,2
9,113,4
10,113,2
11,113,5
12,113,2
13,113,5
14,113,1
15,113,5
16,113,3
17,113,4
18,113,1
19,113,5
20,113,4
21,113,5
22,113,5
23,113,5
24,113,3
25,113,4
26,113,5
27,113,3
28,113,1
29,113,5
30,113,5
31,113,3
32,113,5
33,113,2
34,113,3
35,113,5
36,113,5
37,113,5
38,113,4
39,113,5
40,113,4
41,113,3
42,113,4
43,113,3
44,113,5
45,113,1
46,113,4
47,113,2
48,113,2
49,113,5
50,113,2
51,113,2
52,113,2
53,113,5
54,113,4
55,113,3
56,113,4
57,113,4
58,113,5
59,113,4
60,113,5
61,113,4
62,113,3
63,113,5
64,113,5
65,113,3
66,113,3
67,113,3
68,113,4
69,113,5
70,113,4
71,113,2
72,113,4
73,113,5
74,113,2
75,113,3
76,113,5
77,113,5
78,113,4
79,113,1
80,113,5
81,113,1
82,113,4
83,113,1
84,113,3
85,113,2
86,113,5
87,113,5
88,113,3
89,113,1
90,113,4
91,113,2
92,113,5
93,113,2
94,113,4
95,113,4
96,113,3
97,113,3
98,113,4
99,113,3
100,113,4
101,113,5
102,113,5
103,113,4
104,113,4
105,113,4
106,113,4
107,113,2
108,113,3
109,113,5
110,113,5
111,113,1
112,113,1
113,113,4
114,113,4
115,113,5
116,113,1
117,113,4
118,113,5
119,113,4
120,113,5
121,113,3
122,113,4
123,113,3
124,113,3
125,113,3
126,113,4
127,113,5
128,113,1
129,113,5
130,113,2
131,113,3
132,113,4
133,113,4
134,113,2
135,113,5
136,113,4
137,113,5
138,113,5
139,113,4
140,113,4
141,113,5
142,113,1
143,113,5
144,113,3
145,113,5
146,113,3
147,113,2
148,113,3
149,113,4
150,113,5
151,113,4
152,113,3
153,113,1
154,113,1
155,113,5
156,113,2
157,113,4
158,113,5
159,113,4
160,113,3
161,113,5
162,113,1
163,113,4
164,113,2
165,113,4
166,113,3
167,113,3
168,113,4
169,113,2
170,113,1
171,113,3
172,113,4
173,113,2
174,113,5
175,113,3
176,113,4
177,113,3
178,113,4
179,113,1
180,113,5
181,113,2
182,113,3
183,113,4
184,113,5
185,113,4
186,113,2
187,113,4
188,113,5
189,113,3
190,113,5
191,113,4
192,113,4
193,113,5
194,113,4
195,113,2
196,113,1
197,113,3
198,113,5
199,113,3
200,113,1
201,113,3
202,113,3
203,113,3
204,113,3
205,113,2
206,113,3
207,113,2
208,113,1
209,113,3
210,113,5
211,113,2
212,113,4
213,113,5
214,113,5
215,113,1
216,113,4
217,113,3
218,113,1
219,113,1
220,113,4
221,113,4
222,113,2
223,113,4
224,113,3
225,113,4
226,113,3
227,113,2
228,113,3
229,113,3
230,113,3
231,113,3
232,113,5
233,113,4
234,113,4
235,113,1
236,113,3
237,113,3
238,113,4
239,113,2
240,113,3
241,113,5
242,113,4
243,113,3
244,113,4
245,113,4
246,113,4
247,113,2
248,113,5
249,113,1
250,113,2
1,114,3
2,114,1
3,114,3
4,114,4
5,114,4
6,114,1
7,114,3
8,114,5
9,114,5
10,114,5
11,114,2
12,114,2
13,114,1
14,114,2
15,114,1
16,114,4
17,114,3
18,114,5
19,114,3
20,114,4
21,114,2
22,114,4
23,114,3
24,114,4
25,114,4
26,114,4
27,114,5
28,114,4
29,114,3
30,114,2
31,114,5
32,114,5
33,114,5
34,114,1
35,114,3
36,114,3
37,114,4
38,114,3
39,114,5
40,114,3
41,114,5
42,114,5
43,114,1
44,114,3
45,114,5
46,114,5
47,114,5
48,114,2
49,114,2
50,114,4
51,114,5
52,114,5
53,114,2
54,114,4
55,114,2
56,114,3
57,114,2
58,114,3
59,114,2
60,114,2
61,114,2
62,114,5
63,114,5
64,114,3
65,114,1
66,114,1
67,114,5
68,114,3
69,114,1
70,114,4
71,114,1
72,114,3
73,114,2
74,114,4
75,114,1
76,114,2
77,114,3
78,114,5
79,114,2
80,114,3
81,114,4
82,114,3
83,114,4
84,114,5
85,114,2
86,114,3
87,114,3
88,114,1
89,114,2
90,114,3
91,114,1
92,114,3
93,114,2
94,114,5
95,114,4
96,114,4
97,114,1
98,114,4
99,114,1
100,114,5
101,114,1
102,114,3
103,114,4
104,114,4
105,114,2
106,114,3
107,114,1
108,114,1
109,114,2
110,114,1
111,114,4
112,114,5
113,114,5
114,114,5
115,114,2
116,114,5
117,114,5
118,114,3
119,114,3
120,114,3
121,114,2
122,114,5
123,114,1
124,114,4
125,114,5
126,114,2
127,114,4
128,114,2
129,114,2
130,114,5
131,114,1
132,114,2
133,114,5
134,114,2
135,114,2
136,114,1
137,114,3
138,114,4
139,114,2
140,114,5
141,114,4
142,114,5
143,114,3
144,114,1
145,114,2
146,114,4
147,114,1
148,114,4
149,114,4
150,114,3
151,114,3
152,114,2
153,114,5
154,114,1
155,114,1
156,114,1
157,114,2
158,114,5
159,114,5
160,114,5
161,114,1
162,114,1
163,114,2
164,114,5
165,114,3
166,114,4
167,114,1
168,114,5
169,114,1
170,114,1
171,114,1
172,114,5
173,114,1
174,114,1
175,114,1
176,114,5
177,114,2
178,114,3
179,114,1
180,114,1
181,114,5
182,114,2
183,114,4
184,114,3
185,114,4
186,114,1
187,114,5
188,114,2
189,114,1
190,114,2
191,114,5
192,114,3
193,114,3
194,114,5
195,114,1
196,114,4
197,114,2
198,114,3
199,114,1
200,114,4
201,114,1
202,114,5
203,114,2
204,114,5
205,114,4
206,114,5
207,114,2
208,114,2
209,114,2
210,114,3
211,114,5
212,114,1
213,114,1
214,114,2
215,114,2
216,114,3
217,114,5
218,114,2
219,114,2
220,114,2
221,114,4
222,114,2
223,114,2
224,114,4
225,114,2
226,114,1
227,114,1
228,114,5
229,114,1
230,114,1
231,114,4
232,114,3
233,114,4
234,114,3
235,114,2
236,114,2
237,114,1
238,114,4
239,114,1
240,114,5
241,114,1
242,114,2
243,114,4
244,114,3
245,114,3
246,114,1
247,114,1
248,114,2
249,114,1
250,114,1
1,115,1
2,115,2
3,115,3
4,115,4
5,115,4
6,115,3
7,115,1
8,115,4
9,115,4
10,115,5
11,115,3
12,115,1
13,115,1
14,115,1
15,115,2
16,115,5
17,115,2
18,115,4
19,115,3
20,115,5
21,115,3
22,115,5
23,115,1
24,115,4
25,115,4
26,115,4
27,115,4
28,115,4
29,115,2
30,115,3
31,115,5
32,115,5
33,115,5
34,115,1
35,115,2
36,115,2
37,115,5
38,115,2
39,115,5
40,115,3
41,115,5
42,115,5
43,115,2
44,115,3
45,115,4
46,115,5
47,115,4
48,115,1
49,115,1
50,115,5
51,115,4
52,115,5
53,115,3
54,115,4
55,115,1
56,115,3
57,115,1
58,115,3
59,115,1
60,115,2
61,115,3
62,115,5
63,115,5
64,115,2
65,115,1
66,115,2
67,115,4
68,115,1
69,115,2
70,115,4
71,115,1
72,115,3
73,115,2
74,115,5
75,115,2
76,115,3
77,115,3
78,115,5
79,115,2
80,115,3
81,115,4
82,115,2
83,115,5
84,115,4
85,115,2
86,115,2
87,115,1
88,115,1
89,115,1
90,115,1
91,115,1
92,115,1
93,115,1
94,115,4
95,115,5
96,115,5
97,115,2
98,115,4
99,115,2
100,115,4
101,115,2
102,115,3
103,115,5
104,115,4
105,115,2
106,115,2
107,115,1
108,115,1
109,115,1
110,115,3
111,115,4
112,115,4
113,115,4
114,115,4
115,115,2
116,115,4
117,115,5
118,115,2
119,115,1
120,115,2
121,115,1
122,115,5
123,115,1
124,115,4
125,115,4
126,115,2
127,115,4
128,115,1
129,115,2
130,115,4
131,115,1
132,115,1
133,115,4
134,115,1
135,115,3
136,115,3
137,115,3
138,115,5
139,115,2
140,115,4
141,115,5
142,115,4
143,115,3
144,115,1
145,115,2
146,115,5
147,115,1
148,115,5
149,115,5
150,115,2
151,115,3
152,115,2
153,115,4
154,115,2
155,115,3
156,115,1
157,115,3
158,115,4
159,115,4
160,115,5
161,115,2
162,115,2
163,115,1
164,115,4
165,115,3
166,115,5
167,115,1
168,115,5
169,115,1
170,115,2
171,115,2
172,115,4
173,115,1
174,115,3
175,115,1
176,115,4
177,115,1
178,115,2
179,115,1
180,115,2
181,115,4
182,115,1
183,115,4
184,115,3
185,115,5
186,115,1
187,115,5
188,115,2
189,115,1
190,115,3
191,115,4
192,115,3
193,115,3
194,115,4
195,115,2
196,115,5
197,115,2
198,115,2
199,115,2
200,115,4
201,115,1
202,115,4
203,115,1
204,115,5
205,115,5
206,115,5
207,115,1
208,115,1
209,115,1
210,115,2
211,115,4
212,115,3
213,115,3
214,115,2
215,115,2
216,115,2
217,115,5
218,115,1
219,115,1
220,115,2
221,115,4
222,115,1
223,115,3
224,115,5
225,115,2
226,115,1
227,115,1
228,115,5
229,115,2
230,115,1
231,115,4
232,115,2
233,115,5
234,115,3
235,115,1
236,115,1
237,115,1
238,115,5
239,115,2
240,115,4
241,115,2
242,115,3
243,115,5
244,115,2
245,115,2
246,115,3
247,115,2
248,115,3
249,115,2
250,115,1
1,116,2
2,116,1
3,116,3
4,116,5
5,116,4
6,116,2
7,116,2
8,116,5
9,116,4
10,116,4
11,116,2
12,116,2
13,116,3
14,116,1
15,116,2
16,116,5
17,116,3
18,116,4
19,116,2
20,116,5
21,116,1
22,116,5
23,116,2
24,116,4
25,116,5
26,116,4
27,116,5
28,116,4
29,116,3
30,116,1
31,116,5
32,116,5
33,116,5
34,116,1
35,116,2
36,116,3
37,116,5
38,116,3
39,116,4
40,116,2
41,116,5
42,116,4
43,116,1
44,116,2
45,116,4
46,116,5
47,116,4
48,116,1
49,116,3
50,116,5
51,116,5
52,116,4
53,116,2
54,116,5
55,116,1
56,116,2
57,116,3
58,116,3
59,116,3
60,116,2
61,116,1
62,116,5
63,116,5
64,116,3
65,116,1
66,116,2
67,116,5
68,116,3
69,116,3
70,116,4
71,116,1
72,116,1
73,116,3
74,116,4
75,116,1
76,116,3
77,116,2
78,116,4
79,116,2
80,116,3
81,116,4
82,116,3
83,116,5
84,116,4
85,116,1
86,116,3
87,116,3
88,116,2
89,116,1
90,116,2
91,116,1
92,116,3
93,116,2
94,116,5
95,116,5
96,116,5
97,116,2
98,116,5
99,116,1
100,116,4
101,116,3
102,116,1
103,116,5
104,116,5
105,116,1
106,116,2
107,116,2
108,116,2
109,116,3
110,116,3
111,116,5
112,116,4
113,116,5
114,116,4
115,116,2
116,116,4
117,116,5
118,116,1
119,116,2
120,116,1
121,116,1
122,116,5
123,116,1
124,116,5
125,116,5
126,116,2
127,116,5
128,116,2
129,116,1
130,116,5
131,116,1
132,116,3
133,116,5
134,116,1
135,116,2
136,116,2
137,116,3
138,116,5
139,116,2
140,116,5
141,116,4
142,116,4
143,116,2
144,116,1
145,116,1
146,116,5
147,116,2
148,116,5
149,116,5
150,116,3
151,116,3
152,116,1
153,116,4
154,116,1
155,116,2
156,116,2
157,116,2
158,116,5
159,116,5
160,116,5
161,116,2
162,116,1
163,116,3
164,116,5
165,116,1
166,116,4
167,116,1
168,116,4
169,116,2
170,116,1
171,116,1
172,116,5
173,116,1
174,116,1
175,116,1
176,116,5
177,116,1
178,116,2
179,116,1
180,116,3
181,116,4
182,116,2
183,116,5
184,116,3
185,116,5
186,116,1
187,116,5
188,116,2
189,116,1
190,116,3
191,116,5
192,116,3
193,116,3
194,116,5
195,116,2
196,116,4
197,116,1
198,116,3
199,116,1
200,116,4
201,116,1
202,116,5
203,116,1
204,116,5
205,116,4
206,116,5
207,116,2
208,116,2
209,116,1
210,116,2
211,116,5
212,116,3
213,116,2
214,116,2
215,116,2
216,116,3
217,116,4
218,116,1
219,116,1
220,116,2
221,116,5
222,116,2
223,116,2
224,116,5
225,116,3
226,116,2
227,116,1
228,116,4
229,116,1
230,116,2
231,116,5
232,116,3
233,116,5
234,116,2
235,116,1
236,116,1
237,116,2
238,116,4
239,116,1
240,116,4
241,116,3
242,116,2
243,116,5
244,116,3
245,116,3
246,116,3
247,116,2
248,116,3
249,116,1
250,116,1
1,117,3
2,117,1
3,117,3
4,117,4
5,117,5
6,117,1
7,117,2
8,117,4
9,117,5
10,117,5
11,117,1
12,117,1
13,117,1
14,117,1
15,117,3
16,117,5
17,117,1
18,117,5
19,117,3
20,117,5
21,117,2
22,117,4
23,117,3
24,117,5
25,117,5
26,117,4
27,117,4
28,117,5
29,117,3
30,117,2
31,117,5
32,117,4
33,117,5
34,117,2
35,117,3
36,117,1
37,117,5
38,117,3
39,117,5
40,117,3
41,117,5
42,117,5
43,117,2
44,117,3
45,117,5
46,117,4
47,117,4
48,117,1
49,117,1
50,117,5
51,117,5
52,117,4
53,117,3
54,117,5
55,117,1
56,117,3
57,117,1
58,117,2
59,117,2
60,117,3
61,117,1
62,117,5
63,117,5
64,117,2
65,117,1
66,117,2
67,117,5
68,117,2
69,117,3
70,117,5
71,117,1
72,117,2
73,117,3
74,117,4
75,117,1
76,117,1
77,117,2
78,117,4
79,117,1
80,117,3
81,117,5
82,117,3
83,117,4
84,117,5
85,117,1
86,117,3
87,117,2
88,117,1
89,117,2
90,117,2
91,117,1
92,117,3
93,117,1
94,117,5
95,117,5
96,117,5
97,117,2
98,117,4
99,117,1
100,117,4
101,117,3
102,117,3
103,117,4
104,117,5
105,117,3
106,117,2
107,117,1
108,117,1
109,117,2
110,117,2
111,117,5
112,117,4
113,117,5
114,117,5
115,117,3
116,117,4
117,117,5
118,117,2
119,117,1
120,117,2
121,117,1
122,117,4
123,117,2
124,117,5
125,117,5
126,117,2
127,117,5
128,117,2
129,117,1
130,117,5
131,117,1
132,117,1
133,117,4
134,117,2
135,117,1
136,117,2
137,117,1
138,117,5
139,117,2
140,117,5
141,117,5
142,117,5
143,117,2
144,117,1
145,117,1
146,117,5
147,117,1
148,117,5
149,117,5
150,117,2
151,117,3
152,117,2
153,117,5
154,117,1
155,117,3
156,117,1
157,117,2
158,117,5
159,117,5
160,117,4
161,117,3
162,117,2
163,117,3
164,117,5
165,117,2
166,117,4
167,117,1
168,117,5
169,117,1
170,117,1
171,117,1
172,117,5
173,117,2
174,117,3
175,117,2
176,117,5
177,117,1
178,117,3
179,117,1
180,117,3
181,117,4
182,117,1
183,117,4
184,117,1
185,117,5
186,117,2
187,117,5
188,117,2
189,117,2
190,117,1
191,117,5
192,117,1
193,117,3
194,117,4
195,117,2
196,117,5
197,117,1
198,117,1
199,117,2
200,117,4
201,117,1
202,117,5
203,117,1
204,117,5
205,117,5
206,117,4
207,117,1
208,117,1
209,117,1
210,117,3
211,117,5
212,117,2
213,117,2
214,117,2
215,117,1
216,117,3
217,117,4
218,117,1
219,117,1
220,117,2
221,117,5
222,117,2
223,117,3
224,117,5
225,117,1
226,117,1
227,117,1
228,117,5
229,117,1
230,117,1
231,117,5
232,117,3
233,117,5
234,117,3
235,117,1
236,117,1
237,117,1
238,117,4
239,117,1
240,117,5
241,117,3
242,117,1
243,117,4
244,117,3
245,117,2
246,117,3
247,117,1
248,117,2
249,117,1
250,117,1
1,118,1
2,118,1
3,118,3
4,118,4
5,118,4
6,118,2
7,118,3
8,118,4
9,118,5
10,118,5
11,118,3
12,118,1
13,118,3
14,118,2
15,118,3
16,118,5
17,118,1
18,118,4
19,118,3
20,118,4
21,118,1
22,118,4
23,118,3
24,118,5
25,118,5
26,118,4
27,118,5
28,118,5
29,118,1
30,118,3
31,118,5
32,118,4
33,118,4
34,118,2
35,118,2
36,118,2
37,118,4
38,118,3
39,118,5
40,118,2
41,118,4
42,118,4
43,118,1
44,118,1
45,118,4
46,118,4
47,118,5
48,118,2
49,118,2
50,118,4
51,118,4
52,118,5
53,118,1
54,118,5
55,118,1
56,118,3
57,118,3
58,118,2
59,118,1
60,118,3
61,118,3
62,118,5
63,118,5
64,118,3
65,118,2
66,118,1
67,118,4
68,118,2
69,118,3
70,118,5
71,118,1
72,118,2
73,118,3
74,118,5
75,118,1
76,118,2
77,118,2
78,118,5
79,118,1
80,118,2
81,118,5
82,118,2
83,118,5
84,118,5
85,118,1
86,118,3
87,118,2
88,118,2
89,118,1
90,118,3
91,118,2
92,118,3
93,118,2
94,118,5
95,118,4
96,118,4
97,118,2
98,118,5
99,118,1
100,118,4
101,118,1
102,118,1
103,118,5
104,118,4
105,118,1
106,118,1
107,118,1
108,118,2
109,118,1
110,118,1
111,118,4
112,118,5
113,118,5
114,118,4
115,118,3
116,118,5
117,118,5
118,118,2
119,118,3
120,118,1
121,118,2
122,118,4
123,118,1
124,118,4
125,118,5
126,118,2
127,118,5
128,118,1
129,118,1
130,118,4
131,118,1
132,118,2
133,118,4
134,118,1
135,118,3
136,118,1
137,118,3
138,118,5
139,118,3
140,118,5
141,118,5
142,118,5
143,118,3
144,118,1
145,118,2
146,118,5
147,118,1
148,118,5
149,118,4
150,118,3
151,118,3
152,118,2
153,118,4
154,118,1
155,118,3
156,118,1
157,118,2
158,118,5
159,118,4
160,118,5
161,118,1
162,118,1
163,118,2
164,118,4
165,118,3
166,118,4
167,118,1
168,118,4
169,118,1
170,118,1
171,118,2
172,118,4
173,118,2
174,118,3
175,118,1
176,118,4
177,118,1
178,118,3
179,118,1
180,118,2
181,118,5
182,118,2
183,118,5
184,118,2
185,118,4
186,118,2
187,118,4
188,118,3
189,118,1
190,118,1
191,118,4
192,118,3
193,118,2
194,118,5
195,118,2
196,118,4
197,118,2
198,118,1
199,118,2
200,118,5
201,118,1
202,118,5
203,118,1
204,118,5
205,118,4
206,118,4
207,118,2
208,118,1
209,118,1
210,118,3
211,118,5
212,118,1
213,118,2
214,118,3
215,118,1
216,118,2
217,118,4
218,118,1
219,118,1
220,118,3
221,118,4
222,118,1
223,118,2
224,118,5
225,118,3
226,118,1
227,118,2
228,118,5
229,118,2
230,118,1
231,118,5
232,118,1
233,118,4
234,118,3
235,118,1
236,118,2
237,118,1
238,118,5
239,118,1
240,118,5
241,118,3
242,118,1
243,118,5
244,118,3
245,118,2
246,118,2
247,118,1
248,118,2
249,118,1
250,118,1
1,119,4
2,119,3
3,119,4
4,119,3
5,119,3
6,119,5
7,119,4
8,119,3
9,119,1
10,119,3
11,119,5
12,119,3
13,119,5
14,119,3
15,119,4
16,119,3
17,119,5
18,119,4
19,119,4
20,119,1
21,119,5
22,119,2
23,119,5
24,119,1
25,119,4
26,119,2
27,119,4
28,119,2
29,119,5
30,119,4
31,119,3
32,119,4
33,119,3
34,119,3
35,119,5
36,119,5
37,119,2
38,119,4
39,119,2
40,119,4
41,119,3
42,119,3
43,119,1
44,119,4
45,119,3
46,119,1
47,119,2
48,119,2
49,119,5
50,119,3
51,119,3
52,119,2
53,119,5
54,119,1
55,119,1
56,119,4
57,119,5
58,119,5
59,119,5
60,119,5
61,119,5
62,119,4
63,119,3
64,119,5
65,119,1
66,119,3
67,119,2
68,119,4
69,119,5
70,119,4
71,119,2
72,119,4
73,119,5
74,119,4
75,119,1
76,119,4
77,119,5
78,119,4
79,119,2
80,119,5
81,119,2
82,119,5
83,119,4
84,119,1
85,119,3
86,119,5
87,119,5
88,119,3
89,119,2
90,119,5
91,119,3
92,119,4
93,119,1
94,119,1
95,119,3
96,119,1
97,119,2
98,119,3
99,119,2
100,119,3
101,119,4
102,119,4
103,119,3
104,119,3
105,119,4
106,119,5
107,119,2
108,119,3
109,119,5
110,119,5
111,119,4
112,119,5
113,119,4
114,119,5
115,119,4
116,119,4
117,119,3
118,119,4
119,119,4
120,119,5
121,119,3
122,119,3
123,119,2
124,119,4
125,119,4
126,119,5
127,119,3
128,119,3
129,119,4
130,119,3
131,119,2
132,119,5
133,119,3
134,119,2
135,119,5
136,119,4
137,119,5
138,119,2
139,119,4
140,119,1
141,119,3
142,119,2
143,119,5
144,119,2
145,119,5
146,119,3
147,119,2
148,119,1
149,119,1
150,119,5
151,119,5
152,119,3
153,119,4
154,119,3
155,119,4
156,119,2
157,119,5
158,119,3
159,119,1
160,119,4
161,119,5
162,119,1
163,119,5
164,119,1
165,119,4
166,119,3
167,119,2
168,119,2
169,119,3
170,119,2
171,119,3
172,119,3
173,119,1
174,119,5
175,119,3
176,119,4
177,119,3
178,119,5
179,119,3
180,119,5
181,119,3
182,119,1
183,119,4
184,119,5
185,119,5
186,119,3
187,119,3
188,119,5
189,119,3
190,119,5
191,119,3
192,119,5
193,119,5
194,119,4
195,119,1
196,119,4
197,119,2
198,119,4
199,119,3
200,119,4
201,119,3
202,119,5
203,119,2
204,119,3
205,119,2
206,119,1
207,119,3
208,119,3
209,119,3
210,119,4
211,119,2
212,119,5
213,119,5
214,119,4
215,119,3
216,119,4
217,119,4
218,119,3
219,119,2
220,119,5
221,119,3
222,119,2
223,119,5
224,119,4
225,119,4
226,119,1
227,119,3
228,119,1
229,119,2
230,119,2
231,119,4
232,119,5
233,119,2
234,119,4
235,119,3
236,119,2
237,119,3
238,119,2
239,119,1
240,119,5
241,119,4
242,119,5
243,119,3
244,119,4
245,119,5
246,119,5
247,119,2
248,119,5
249,119,3
250,119,3
1,120,5
2,120,3
3,120,4
4,120,3
5,120,4
6,120,5
7,120,5
8,120,2
9,120,4
10,120,2
11,120,5
12,120,3
13,120,4
14,120,3
15,120,4
16,120,2
17,120,4
18,120,5
19,120,4
20,120,5
21,120,5
22,120,2
23,120,5
24,120,2
25,120,3
26,120,2
27,120,3
28,120,1
29,120,5
30,120,4
31,120,4
32,120,4
33,120,4
34,120,2
35,120,4
36,120,4
37,120,4
38,120,5
39,120,3
40,120,5
41,120,2
42,120,3
43,120,3
44,120,5
45,120,2
46,120,5
47,120,3
48,120,2
49,120,4
50,120,4
51,120,3
52,120,3
53,120,5
54,120,4
55,120,3
56,120,5
57,120,5
58,120,4
59,120,5
60,120,5
61,120,4
62,120,4
63,120,3
64,120,4
65,120,3
66,120,1
67,120,3
68,120,4
69,120,5
70,120,4
71,120,2
72,120,5
73,120,5
74,120,3
75,120,3
76,120,5
77,120,5
78,120,4
79,120,3
80,120,5
81,120,2
82,120,4
83,120,3
84,120,3
85,120,3
86,120,5
87,120,4
88,120,2
89,120,3
90,120,5
91,120,2
92,120,5
93,120,2
94,120,4
95,120,2
96,120,4
97,120,3
98,120,2
99,120,3
100,120,1
101,120,5
102,120,5
103,120,2
104,120,4
105,120,5
106,120,5
107,120,2
108,120,2
109,120,5
110,120,5
111,120,4
112,120,2
113,120,3
114,120,1
115,120,5
116,120,1
117,120,2
118,120,4
119,120,5
120,120,5
121,120,2
122,120,3
123,120,2
124,120,4
125,120,1
126,120,5
127,120,3
128,120,2
129,120,5
130,120,3
131,120,2
132,120,5
133,120,3
134,120,2
135,120,5
136,120,5
137,120,5
138,120,2
139,120,5
140,120,4
141,120,3
142,120,4
143,120,4
144,120,3
145,120,4
146,120,5
147,120,3
148,120,2
149,120,4
150,120,5
151,120,4
152,120,2
153,120,2
154,120,1
155,120,5
156,120,3
157,120,5
158,120,3
159,120,2
160,120,1
161,120,4
162,120,1
163,120,4
164,120,4
165,120,4
166,120,4
167,120,3
168,120,3
169,120,2
170,120,3
171,120,3
172,120,3
173,120,3
174,120,4
175,120,1
176,120,3
177,120,3
178,120,5
179,120,3
180,120,5
181,120,3
182,120,3
183,120,5
184,120,4
185,120,4
186,120,3
187,120,3
188,120,5
189,120,3
190,120,5
191,120,4
192,120,4
193,120,5
194,120,3
195,120,1
196,120,3
197,120,3
198,120,5
199,120,3
200,120,2
201,120,2
202,120,1
203,120,3
204,120,3
205,120,3
206,120,4
207,120,1
208,120,1
209,120,3
210,120,5
211,120,1
212,120,4
213,120,4
214,120,5
215,120,2
216,120,5
217,120,2
218,120,1
219,120,3
220,120,4
221,120,4
222,120,3
223,120,5
224,120,2
225,120,4
226,120,3
227,120,1
228,120,4
229,120,2
230,120,3
231,120,2
232,120,5
233,120,1
234,120,4
235,120,3
236,120,1
237,120,3
238,120,2
239,120,3
240,120,1
241,120,5
242,120,5
243,120,1
244,120,4
245,120,4
246,120,5
247,120,2
248,120,5
249,120,3
250,120,3
1,121,5
2,121,1
3,121,5
4,121,4
5,121,2
6,121,5
7,121,5
8,121,4
9,121,4
10,121,3
11,121,5
12,121,3
13,121,5
14,121,3
15,121,5
16,121,4
17,121,4
18,121,4
19,121,5
20,121,1
21,121,5
22,121,4
23,121,5
24,121,2
25,121,1
26,121,1
27,121,3
28,121,1
29,121,5
30,121,4
31,121,5
32,121,3
33,121,3
34,121,3
35,121,4
36,121,4
37,121,1
38,121,5
39,121,4
40,121,5
41,121,2
42,121,4
43,121,2
44,121,5
45,121,4
46,121,5
47,121,2
48,121,3
49,121,5
50,121,4
51,121,2
52,121,3
53,121,4
54,121,2
55,121,3
56,121,5
57,121,4
58,121,5
59,121,5
60,121,5
61,121,5
62,121,2
63,121,3
64,121,5
65,121,3
66,121,3
67,121,2
68,121,4
69,121,5
70,121,3
71,121,2
72,121,5
73,121,4
74,121,2
75,121,3
76,121,4
77,121,5
78,121,3
79,121,3
80,121,4
81,121,2
82,121,5
83,121,4
84,121,4
85,121,1
86,121,5
87,121,5
88,121,1
89,121,1
90,121,4
91,121,3
92,121,5
93,121,1
94,121,2
95,121,2
96,121,2
97,121,2
98,121,5
99,121,3
100,121,4
101,121,5
102,121,5
103,121,3
104,121,3
105,121,5
106,121,5
107,121,3
108,121,3
109,121,4
110,121,5
111,121,3
112,121,3
113,121,2
114,121,2
115,121,5
116,121,4
117,121,3
118,121,5
119,121,5
120,121,4
121,121,3
122,121,1
123,121,1
124,121,3
125,121,3
126,121,4
127,121,4
128,121,3
129,121,4
130,121,2
131,121,1
132,121,4
133,121,5
134,121,1
135,121,5
136,121,4
137,121,5
138,121,1
139,121,4
140,121,3
141,121,2
142,121,5
143,121,5
144,121,1
145,121,5
146,121,4
147,121,3
148,121,5
149,121,2
150,121,4
151,121,5
152,121,3
153,121,4
154,121,2
155,121,5
156,121,1
157,121,5
158,121,2
159,121,4
160,121,4
161,121,5
162,121,2
163,121,4
164,121,1
165,121,4
166,121,2
167,121,2
168,121,4
169,121,3
170,121,2
171,121,2
172,121,5
173,121,3
174,121,5
175,121,1
176,121,3
177,121,2
178,121,4
179,121,3
180,121,5
181,121,4
182,121,3
183,121,3
184,121,5
185,121,4
186,121,3
187,121,4
188,121,5
189,121,1
190,121,5
191,121,3
192,121,5
193,121,5
194,121,4
195,121,3
196,121,2
197,121,3
198,121,4
199,121,3
200,121,3
201,121,3
202,121,3
203,121,3
204,121,1
205,121,2
206,121,3
207,121,2
208,121,3
209,121,3
210,121,5
211,121,5
212,121,5
213,121,4
214,121,5
215,121,3
216,121,5
217,121,2
218,121,2
219,121,2
220,121,5
221,121,4
222,121,3
223,121,5
224,121,2
225,121,5
226,121,3
227,121,2
228,121,4
229,121,3
230,121,2
231,121,2
232,121,4
233,121,2
234,121,4
235,121,3
236,121,3
237,121,2
238,121,3
239,121,2
240,121,3
241,121,4
242,121,5
243,121,2
244,121,5
245,121,4
246,121,5
247,121,3
248,121,5
249,121,1
250,121,3
1,122,5
2,122,2
3,122,5
4,122,5
5,122,3
6,122,4
7,122,4
8,122,3
9,122,4
10,122,4
11,122,5
12,122,1
13,122,4
14,122,3
15,122,5
16,122,3
17,122,5
18,122,4
19,122,5
20,122,2
21,122,4
22,122,3
23,122,4
24,122,1
25,122,2
26,122,3
27,122,4
28,122,2
29,122,4
30,122,5
31,122,3
32,122,4
33,122,2
34,122,2
35,122,4
36,122,5
37,122,3
38,122,5
39,122,4
40,122,5
41,122,3
42,122,3
43,122,3
44,122,4
45,122,4
46,122,5
47,122,4
48,122,2
49,122,5
50,122,2
51,122,2
52,122,3
53,122,4
54,122,1
55,122,1
56,122,5
57,122,5
58,122,4
59,122,5
60,122,4
61,122,4
62,122,3
63,122,4
64,122,5
65,122,1
66,122,3
67,122,4
68,122,5
69,122,5
70,122,3
71,122,3
72,122,4
73,122,5
74,122,2
75,122,2
76,122,5
77,122,5
78,122,4
79,122,3
80,122,5
81,122,4
82,122,5
83,122,2
84,122,3
85,122,1
86,122,5
87,122,5
88,122,2
89,122,2
90,122,4
91,122,1
92,122,4
93,122,3
94,122,3
95,122,3
96,122,3
97,122,3
98,122,3
99,122,3
100,122,2
101,122,4
102,122,4
103,122,3
104,122,2
105,122,5
106,122,5
107,122,3
108,122,2
109,122,4
110,122,4
111,122,4
112,122,2
113,122,3
114,122,2
115,122,4
116,122,1
117,122,4
118,122,5
119,122,5
120,122,5
121,122,2
122,122,4
123,122,3
124,122,2
125,122,3
126,122,5
127,122,4
128,122,2
129,122,5
130,122,3
131,122,3
132,122,5
133,122,4
134,122,3
135,122,5
136,122,5
137,122,4
138,122,1
139,122,5
140,122,4
141,122,4
142,122,3
143,122,5
144,122,1
145,122,5
146,122,3
147,122,3
148,122,4
149,122,5
150,122,5
151,122,5
152,122,2
153,122,1
154,122,3
155,122,4
156,122,3
157,122,4
158,122,3
159,122,5
160,122,4
161,122,5
162,122,1
163,122,5
164,122,2
165,122,5
166,122,5
167,122,2
168,122,4
169,122,2
170,122,2
171,122,2
172,122,3
173,122,3
174,122,5
175,122,3
176,122,2
177,122,3
178,122,4
179,122,3
180,122,5
181,122,1
182,122,3
183,122,1
184,122,5
185,122,1
186,122,1
187,122,1
188,122,4
189,122,1
190,122,5
191,122,1
192,122,4
193,122,4
194,122,4
195,122,2
196,122,1
197,122,3
198,122,4
199,122,2
200,122,3
201,122,3
202,122,2
203,122,3
204,122,3
205,122,4
206,122,4
207,122,3
208,122,2
209,122,2
210,122,5
211,122,3
212,122,5
213,122,4
214,122,4
215,122,3
216,122,5
217,122,4
218,122,3
219,122,3
220,122,4
221,122,4
222,122,1
223,122,4
224,122,3
225,122,5
226,122,1
227,122,3
228,122,3
229,122,3
230,122,1
231,122,2
232,122,5
233,122,2
234,122,5
235,122,1
236,122,2
237,122,2
238,122,4
239,122,2
240,122,3
241,122,4
242,122,5
243,122,3
244,122,5
245,122,5
246,122,5
247,122,1
248,122,5
249,122,2
250,122,3
1,123,4
2,123,3
3,123,4
4,123,3
5,123,3
6,123,5
7,123,5
8,123,2
9,123,3
10,123,4
11,123,5
12,123,1
13,123,5
14,123,1
15,123,4
16,123,1
17,123,4
18,123,3
19,123,4
20,123,4
21,123,5
22,123,2
23,123,5
24,123,4
25,123,1
26,123,4
27,123,2
28,123,3
29,123,4
30,123,4
31,123,3
32,123,4
33,123,4
34,123,2
35,123,4
36,123,5
37,123,3
38,123,5
39,123,1
40,123,4
41,123,4
42,123,2
43,123,2
44,123,5
45,123,4
46,123,2
47,123,3
48,123,1
49,123,5
50,123,3
51,123,3
52,123,4
53,123,4
54,123,3
55,123,3
56,123,5
57,123,4
58,123,5
59,123,4
60,123,4
61,123,4
62,123,3
63,123,2
64,123,5
65,123,3
66,123,3
67,123,3
68,123,4
69,123,5
70,123,3
71,123,3
72,123,5
73,123,5
74,123,3
75,123,3
76,123,5
77,123,5
78,123,3
79,123,3
80,123,4
81,123,3
82,123,5
83,123,4
84,123,4
85,123,3
86,123,5
87,123,5
88,123,2
89,123,2
90,123,4
91,123,3
92,123,5
93,123,3
94,123,3
95,123,4
96,123,4
97,123,3
98,123,2
99,123,2
100,123,2
101,123,4
102,123,4
103,123,3
104,123,3
105,123,4
106,123,5
107,123,2
108,123,3
109,123,5
110,123,5
111,123,3
112,123,4
113,123,1
114,123,4
115,123,4
116,123,4
117,123,5
118,123,5
119,123,5
120,123,5
121,123,2
122,123,3
123,123,3
124,123,3
125,123,1
126,123,4
127,123,2
128,123,2
129,123,4
130,123,1
131,123,3
132,123,4
133,123,3
134,123,3
135,123,4
136,123,4
137,123,5
138,123,3
139,123,4
140,123,3
141,123,3
142,123,3
143,123,5
144,123,2
145,123,5
146,123,4
147,123,2
148,123,4
149,123,4
150,123,5
151,123,5
152,123,3
153,123,2
154,123,3
155,123,5
156,123,2
157,123,4
158,123,2
159,123,4
160,123,2
161,123,4
162,123,1
163,123,5
164,123,1
165,123,5
166,123,3
167,123,3
168,123,3
169,123,2
170,123,2
171,123,1
172,123,1
173,123,2
174,123,4
175,123,3
176,123,3
177,123,3
178,123,5
179,123,3
180,123,4
181,123,5
182,123,3
183,123,2
184,123,4
185,123,4
186,123,3
187,123,4
188,123,4
189,123,1
190,123,5
191,123,3
192,123,5
193,123,5
194,123,4
195,123,3
196,123,3
197,123,3
198,123,4
199,123,1
200,123,2
201,123,3
202,123,4
203,123,2
204,123,3
205,123,5
206,123,3
207,123,2
208,123,2
209,123,2
210,123,5
211,123,1
212,123,5
213,123,5
214,123,5
215,123,3
216,123,4
217,123,2
218,123,1
219,123,3
220,123,4
221,123,3
222,123,3
223,123,5
224,123,2
225,123,5
226,123,3
227,123,2
228,123,3
229,123,2
230,123,2
231,123,3
232,123,5
233,123,2
234,123,5
235,123,2
236,123,3
237,123,3
238,123,1
239,123,1
240,123,3
241,123,4
242,123,5
243,123,2
244,123,4
245,123,5
246,123,4
247,123,2
248,123,5
249,123,1
250,123,3
1,124,5
2,124,2
3,124,5
4,124,4
5,124,4
6,124,4
7,124,5
8,124,4
9,124,3
10,124,3
11,124,4
12,124,2
13,124,4
14,124,1
15,124,5
16,124,2
17,124,4
18,124,3
19,124,4
20,124,1
21,124,4
22,124,2
23,124,5
24,124,4
25,124,3
26,124,2
27,124,3
28,124,1
29,124,5
30,124,5
31,124,4
32,124,3
33,124,3
34,124,1
35,124,4
36,124,4
37,124,3
38,124,4
39,124,2
40,124,4
41,124,4
42,124,1
43,124,3
44,124,4
45,124,3
46,124,4
47,124,2
48,124,3
49,124,5
50,124,4
51,124,2
52,124,4
53,124,5
54,124,2
55,124,2
56,124,4
57,124,5
58,124,4
59,124,4
60,124,5
61,124,4
62,124,2
63,124,2
64,124,5
65,124,2
66,124,3
67,124,2
68,124,5
69,124,4
70,124,3
71,124,3
72,124,4
73,124,5
74,124,3
75,124,1
76,124,4
77,124,4
78,124,1
79,124,3
80,124,5
81,124,2
82,124,5
83,124,4
84,124,2
85,124,3
86,124,5
87,124,4
88,124,1
89,124,1
90,124,5
91,124,3
92,124,5
93,124,1
94,124,3
95,124,3
96,124,4
97,124,3
98,124,3
99,124,2
100,124,2
101,124,5
102,124,4
103,124,3
104,124,1
105,124,5
106,124,5
107,124,3
108,124,2
109,124,4
110,124,4
111,124,3
112,124,1
113,124,3
114,124,4
115,124,5
116,124,2
117,124,3
118,124,4
119,124,5
120,124,5
121,124,3
122,124,5
123,124,3
124,124,2
125,124,4
126,124,4
127,124,4
128,124,1
129,124,4
130,124,1
131,124,3
132,124,4
133,124,2
134,124,3
135,124,4
136,124,5
137,124,5
138,124,2
139,124,5
140,124,2
141,124,4
142,124,3
143,124,4
144,124,3
145,124,5
146,124,1
147,124,3
148,124,3
149,124,3
150,124,5
151,124,5
152,124,3
153,124,2
154,124,1
155,124,4
156,124,1
157,124,5
158,124,3
159,124,3
160,124,4
161,124,5
162,124,1
163,124,4
164,124,3
165,124,5
166,124,2
167,124,3
168,124,4
169,124,3
170,124,1
171,124,3
172,124,4
173,124,3
174,124,5
175,124,2
176,124,1
177,124,3
178,124,4
179,124,3
180,124,5
181,124,4
182,124,2
183,124,1
184,124,4
185,124,4
186,124,3
187,124,3
188,124,5
189,124,2
190,124,4
191,124,1
192,124,4
193,124,5
194,124,4
195,124,3
196,124,2
197,124,1
198,124,4
199,124,2
200,124,1
201,124,1
202,124,3
203,124,3
204,124,2
205,124,4
206,124,4
207,124,1
208,124,2
209,124,2
210,124,5
211,124,1
212,124,4
213,124,5
214,124,5
215,124,2
216,124,4
217,124,5
218,124,1
219,124,3
220,124,5
221,124,3
222,124,1
223,124,5
224,124,4
225,124,4
226,124,3
227,124,3
228,124,3
229,124,1
230,124,3
231,124,1
232,124,5
233,124,4
234,124,5
235,124,3
236,124,2
237,124,3
238,124,3
239,124,3
240,124,3
241,124,4
242,124,4
243,124,3
244,124,4
245,124,5
246,124,5
247,124,2
248,124,5
249,124,3
250,124,2
1,125,5
2,125,2
3,125,4
4,125,5
5,125,3
6,125,5
7,125,4
8,125,3
9,125,3
10,125,3
11,125,5
12,125,2
13,125,4
14,125,3
15,125,5
16,125,2
17,125,4
18,125,2
19,125,5
20,125,4
21,125,4
22,125,4
23,125,4
24,125,4
25,125,1
26,125,3
27,125,2
28,125,4
29,125,4
30,125,5
31,125,4
32,125,2
33,125,3
34,125,1
35,125,4
36,125,4
37,125,3
38,125,5
39,125,2
40,125,4
41,125,2
42,125,4
43,125,1
44,125,5
45,125,4
46,125,3
47,125,4
48,125,3
49,125,4
50,125,2
51,125,2
52,125,2
53,125,4
54,125,4
55,125,1
56,125,5
57,125,5
58,125,5
59,125,5
60,125,4
61,125,5
62,125,4
63,125,3
64,125,4
65,125,3
66,125,3
67,125,4
68,125,5
69,125,5
70,125,2
71,125,3
72,125,4
73,125,4
74,125,4
75,125,1
76,125,5
77,125,4
78,125,2
79,125,3
80,125,5
81,125,3
82,125,4
83,125,3
84,125,5
85,125,3
86,125,5
87,125,5
88,125,2
89,125,1
90,125,4
91,125,3
92,125,5
93,125,3
94,125,3
95,125,1
96,125,4
97,125,3
98,125,3
99,125,2
100,125,3
101,125,4
102,125,4
103,125,3
104,125,3
105,125,5
106,125,5
107,125,3
108,125,2
109,125,5
110,125,5
111,125,3
112,125,3
113,125,3
114,125,3
115,125,5
116,125,4
117,125,5
118,125,5
119,125,5
120,125,4
121,125,3
122,125,1
123,125,3
124,125,2
125,125,3
126,125,5
127,125,4
128,125,1
129,125,4
130,125,1
131,125,3
132,125,5
133,125,4
134,125,2
135,125,5
136,125,5
137,125,5
138,125,1
139,125,5
140,125,4
141,125,3
142,125,3
143,125,5
144,125,2
145,125,5
146,125,4
147,125,1
148,125,4
149,125,3
150,125,5
151,125,5
152,125,3
153,125,2
154,125,1
155,125,5
156,125,1
157,125,4
158,125,2
159,125,3
160,125,1
161,125,5
162,125,2
163,125,5
164,125,2
165,125,4
166,125,1
167,125,1
168,125,4
169,125,3
170,125,3
171,125,3
172,125,4
173,125,3
174,125,5
175,125,2
176,125,4
177,125,3
178,125,5
179,125,3
180,125,5
181,125,4
182,125,3
183,125,3
184,125,5
185,125,4
186,125,2
187,125,3
188,125,5
189,125,2
190,125,5
191,125,3
192,125,4
193,125,4
194,125,1
195,125,3
196,125,3
197,125,1
198,125,4
199,125,3
200,125,3
201,125,3
202,125,2
203,125,2
204,125,3
205,125,2
206,125,2
207,125,2
208,125,3
209,125,3
210,125,5
211,125,3
212,125,5
213,125,5
214,125,5
215,125,2
216,125,4
217,125,4
218,125,3
219,125,1
220,125,5
221,125,3
222,125,1
223,125,5
224,125,3
225,125,4
226,125,1
227,125,3
228,125,5
229,125,2
230,125,3
231,125,2
232,125,5
233,125,4
234,125,5
235,125,2
236,125,3
237,125,3
238,125,1
239,125,2
240,125,5
241,125,4
242,125,4
243,125,3
244,125,4
245,125,5
246,125,5
247,125,1
248,125,4
249,125,3
250,125,2
1,126,4
2,126,2
3,126,4
4,126,2
5,126,1
6,126,4
7,126,5
8,126,3
9,126,2
10,126,3
11,126,4
12,126,1
13,126,5
14,126,2
15,126,5
16,126,4
17,126,5
18,126,4
19,126,4
20,126,4
21,126,5
22,126,3
23,126,5
24,126,4
25,126,2
26,126,3
27,126,1
28,126,5
29,126,4
30,126,5
31,126,4
32,126,3
33,126,3
34,126,1
35,126,5
36,126,4
37,126,2
38,126,4
39,126,4
40,126,4
41,126,2
42,126,5
43,126,2
44,126,5
45,126,3
46,126,2
47,126,3
48,126,3
49,126,5
50,126,3
51,126,2
52,126,2
53,126,5
54,126,3
55,126,3
56,126,4
57,126,5
58,126,5
59,126,5
60,126,5
61,126,4
62,126,3
63,126,4
64,126,5
65,126,2
66,126,3
67,126,3
68,126,4
69,126,5
70,126,2
71,126,3
72,126,4
73,126,4
74,126,2
75,126,3
76,126,4
77,126,5
78,126,5
79,126,2
80,126,5
81,126,4
82,126,5
83,126,3
84,126,2
85,126,3
86,126,5
87,126,5
88,126,2
89,126,2
90,126,5
91,126,3
92,126,5
93,126,3
94,126,3
95,126,3
96,126,2
97,126,3
98,126,4
99,126,3
100,126,2
101,126,5
102,126,5
103,126,3
104,126,4
105,126,5
106,126,5
107,126,3
108,126,2
109,126,4
110,126,5
111,126,3
112,126,5
113,126,3
114,126,3
115,126,4
116,126,4
117,126,4
118,126,5
119,126,4
120,126,4
121,126,3
122,126,4
123,126,2
124,126,3
125,126,3
126,126,5
127,126,3
128,126,2
129,126,4
130,126,4
131,126,2
132,126,5
133,126,1
134,126,1
135,126,4
136,126,5
137,126,4
138,126,2
139,126,5
140,126,3
141,126,5
142,126,4
143,126,5
144,126,3
145,126,5
146,126,1
147,126,3
148,126,3
149,126,2
150,126,4
151,126,5
152,126,3
153,126,3
154,126,3
155,126,4
156,126,3
157,126,4
158,126,2
159,126,4
160,126,1
161,126,5
162,126,1
163,126,4
164,126,3
165,126,4
166,126,3
167,126,3
168,126,3
169,126,3
170,126,3
171,126,3
172,126,3
173,126,3
174,126,4
175,126,3
176,126,3
177,126,1
178,126,4
179,126,2
180,126,4
181,126,3
182,126,2
183,126,1
184,126,5
185,126,2
186,126,3
187,126,2
188,126,4
189,126,2
190,126,4
191,126,1
192,126,5
193,126,4
194,126,3
195,126,2
196,126,3
197,126,2
198,126,5
199,126,2
200,126,1
201,126,3
202,126,5
203,126,3
204,126,2
205,126,2
206,126,5
207,126,1
208,126,2
209,126,1
210,126,5
211,126,2
212,126,5
213,126,4
214,126,5
215,126,2
216,126,5
217,126,3
218,126,3
219,126,2
220,126,5
221,126,2
222,126,3
223,126,5
224,126,1
225,126,5
226,126,3
227,126,3
228,126,4
229,126,2
230,126,2
231,126,3
232,126,5
233,126,4
234,126,5
235,126,3
236,126,1
237,126,3
238,126,4
239,126,3
240,126,4
241,126,5
242,126,5
243,126,4
244,126,4
245,126,5
246,126,5
247,126,1
248,126,5
249,126,3
250,126,3
1,127,5
2,127,5
3,127,3
4,127,2
5,127,5
6,127,1
7,127,5
8,127,1
9,127,5
10,127,5
11,127,5
12,127,5
13,127,3
14,127,5
15,127,5
16,127,5
17,127,2
18,127,3
19,127,4
20,127,5
21,127,4
22,127,5
23,127,3
24,127,5
25,127,5
26,127,1
27,127,1
28,127,1
29,127,2
30,127,1
31,127,4
32,127,5
33,127,1
34,127,5
35,127,2
36,127,4
37,127,1
38,127,1
39,127,5
40,127,3
41,127,5
42,127,5
43,127,5
44,127,3
45,127,1
46,127,5
47,127,4
48,127,4
49,127,1
50,127,1
51,127,5
52,127,1
53,127,3
54,127,2
55,127,3
56,127,5
57,127,5
58,127,5
59,127,5
60,127,5
61,127,2
62,127,4
63,127,5
64,127,4
65,127,5
66,127,5
67,127,3
68,127,4
69,127,5
70,127,5
71,127,4
72,127,4
73,127,5
74,127,1
75,127,4
76,127,3
77,127,4
78,127,5
79,127,5
80,127,5
81,127,5
82,127,5
83,127,4
84,127,5
85,127,1
86,127,3
87,127,5
88,127,5
89,127,5
90,127,5
91,127,5
92,127,1
93,127,4
94,127,3
95,127,5
96,127,4
97,127,3
98,127,5
99,127,1
100,127,3
101,127,2
102,127,4
103,127,5
104,127,5
105,127,5
106,127,3
107,127,3
108,127,5
109,127,3
110,127,3
111,127,1
112,127,4
113,127,5
114,127,5
115,127,5
116,127,1
117,127,5
118,127,4
119,127,5
120,127,5
121,127,4
122,127,3
123,127,1
124,127,3
125,127,5
126,127,5
127,127,3
128,127,5
129,127,1
130,127,2
131,127,1
132,127,1
133,127,5
134,127,5
135,127,5
136,127,2
137,127,4
138,127,4
139,127,2
140,127,4
141,127,1
142,127,5
143,127,5
144,127,5
145,127,5
146,127,5
147,127,4
148,127,3
149,127,5
150,127,5
151,127,4
152,127,3
153,127,5
154,127,1
155,127,5
156,127,1
157,127,2
158,127,3
159,127,5
160,127,5
161,127,4
162,127,5
163,127,5
164,127,4
165,127,1
166,127,4
167,127,5
168,127,2
169,127,5
170,127,5
171,127,5
172,127,5
173,127,5
174,127,4
175,127,1
176,127,5
177,127,3
178,127,4
179,127,4
180,127,3
181,127,5
182,127,2
183,127,1
184,127,5
185,127,1
186,127,4
187,127,5
188,127,2
189,127,4
190,127,5
191,127,5
192,127,4
193,127,5
194,127,2
195,127,3
196,127,4
197,127,3
198,127,3
199,127,5
200,127,1
201,127,4
202,127,5
203,127,5
204,127,5
205,127,5
206,127,4
207,127,5
208,127,3
209,127,4
210,127,3
211,127,4
212,127,1
213,127,5
214,127,5
215,127,3
216,127,5
217,127,5
218,127,3
219,127,3
220,127,3
221,127,4
222,127,5
223,127,4
224,127,4
225,127,3
226,127,1
227,127,5
228,127,5
229,127,5
230,127,1
231,127,1
232,127,5
233,127,5
234,127,2
235,127,3
236,127,5
237,127,3
238,127,4
239,127,1
240,127,1
241,127,3
242,127,5
243,127,5
244,127,3
245,127,3
246,127,5
247,127,3
248,127,2
249,127,3
250,127,5
1,128,5
2,128,3
3,128,5
4,128,3
5,128,3
6,128,5
7,128,4
8,128,3
9,128,2
10,128,2
11,128,4
12,128,3
13,128,5
14,128,2
15,128,5
16,128,2
17,128,4
18,128,2
19,128,5
20,128,3
21,128,4
22,128,1
23,128,4
24,128,4
25,128,2
26,128,2
27,128,2
28,128,2
29,128,4
30,128,5
31,128,3
32,128,3
33,128,2
34,128,3
35,128,5
36,128,4
37,128,2
38,128,4
39,128,2
40,128,4
41,128,3
42,128,4
43,128,2
44,128,4
45,128,1
46,128,2
47,128,1
48,128,3
49,128,5
50,128,3
51,128,2
52,128,4
53,128,5
54,128,4
55,128,3
56,128,5
57,128,4
58,128,5
59,128,5
60,128,4
61,128,4
62,128,4
63,128,1
64,128,5
65,128,3
66,128,2
67,128,4
68,128,4
69,128,5
70,128,2
71,128,2
72,128,4
73,128,4
74,128,3
75,128,3
76,128,5
77,128,5
78,128,2
79,128,3
80,128,5
81,128,2
82,128,5
83,128,2
84,128,3
85,128,3
86,128,5
87,128,5
88,128,1
89,128,3
90,128,4
91,128,1
92,128,5
93,128,3
94,128,3
95,128,3
96,128,3
97,128,3
98,128,1
99,128,3
100,128,4
101,128,4
102,128,5
103,128,3
104,128,4
105,128,4
106,128,4
107,128,3
108,128,2
109,128,5
110,128,5
111,128,3
112,128,3
113,128,2
114,128,5
115,128,5
116,128,5
117,128,1
118,128,5
119,128,5
120,128,4
121,128,2
122,128,3
123,128,1
124,128,1
125,128,3
126,128,4
127,128,4
128,128,1
129,128,5
130,128,3
131,128,1
132,128,5
133,128,4
134,128,3
135,128,4
136,128,4
137,128,4
138,128,3
139,128,5
140,128,5
141,128,3
142,128,4
143,128,5
144,128,1
145,128,5
146,128,3
147,128,1
148,128,4
149,128,4
150,128,4
151,128,4
152,128,3
153,128,1
154,128,3
155,128,4
156,128,3
157,128,5
158,128,5
159,128,3
160,128,4
161,128,5
162,128,3
163,128,4
164,128,4
165,128,4
166,128,2
167,128,1
168,128,1
169,128,2
170,128,3
171,128,3
172,128,4
173,128,3
174,128,5
175,128,3
176,128,4
177,128,2
178,128,5
179,128,3
180,128,5
181,128,3
182,128,3
183,128,1
184,128,4
185,128,2
186,128,2
187,128,5
188,128,5
189,128,3
190,128,5
191,128,3
192,128,5
193,128,5
194,128,4
195,128,3
196,128,3
197,128,1
198,128,5
199,128,2
200,128,2
201,128,3
202,128,1
203,128,3
204,128,4
205,128,2
206,128,2
207,128,1
208,128,3
209,128,3
210,128,4
211,128,3
212,128,5
213,128,5
214,128,5
215,128,1
216,128,5
217,128,2
218,128,1
219,128,3
220,128,5
221,128,4
222,128,1
223,128,5
224,128,2
225,128,5
226,128,2
227,128,3
228,128,3
229,128,3
230,128,3
231,128,4
232,128,5
233,128,2
234,128,5
235,128,3
236,128,2
237,128,2
238,128,3
239,128,3
240,128,2
241,128,5
242,128,5
243,128,3
244,128,4
245,128,4
246,128,4
247,128,3
248,128,4
249,128,2
250,128,3
1,129,5
2,129,3
3,129,4
4,129,1
5,129,4
6,129,5
7,129,4
8,129,4
9,129,3
10,129,4
11,129,4
12,129,2
13,129,4
14,129,3
15,129,4
16,129,2
17,129,5
18,129,3
19,129,5
20,129,3
21,129,4
22,129,5
23,129,5
24,129,2
25,129,2
26,129,2
27,129,4
28,129,1
29,129,4
30,129,5
31,129,3
32,129,4
33,129,2
34,129,1
35,129,5
36,129,5
37,129,3
38,129,4
39,129,2
40,129,4
41,129,4
42,129,4
43,129,2
44,129,5
45,129,2
46,129,4
47,129,1
48,129,3
49,129,4
50,129,3
51,129,3
52,129,2
53,129,4
54,129,3
55,129,2
56,129,5
57,129,5
58,129,5
59,129,5
60,129,4
61,129,5
62,129,4
63,129,3
64,129,4
65,129,2
66,129,1
67,129,3
68,129,5
69,129,4
70,129,3
71,129,3
72,129,5
73,129,5
74,129,3
75,129,1
76,129,5
77,129,5
78,129,2
79,129,3
80,129,5
81,129,1
82,129,4
83,129,2
84,129,2
85,129,3
86,129,5
87,129,5
88,129,2
89,129,1
90,129,4
91,129,3
92,129,5
93,129,1
94,129,2
95,129,5
96,129,4
97,129,3
98,129,3
99,129,3
100,129,4
101,129,5
102,129,5
103,129,2
104,129,2
105,129,4
106,129,5
107,129,1
108,129,1
109,129,5
110,129,4
111,129,2
112,129,3
113,129,5
114,129,4
115,129,4
116,129,2
117,129,3
118,129,5
119,129,5
120,129,5
121,129,2
122,129,3
123,129,3
124,129,2
125,129,1
126,129,4
127,129,4
128,129,3
129,129,5
130,129,3
131,129,1
132,129,5
133,129,2
134,129,2
135,129,4
136,129,4
137,129,5
138,129,3
139,129,5
140,129,3
141,129,4
142,129,1
143,129,5
144,129,2
145,129,5
146,129,4
147,129,2
148,129,2
149,129,2
150,129,5
151,129,5
152,129,3
153,129,3
154,129,3
155,129,5
156,129,3
157,129,4
158,129,3
159,129,5
160,129,3
161,129,4
162,129,2
163,129,5
164,129,4
165,129,5
166,129,3
167,129,3
168,129,3
169,129,2
170,129,2
171,129,1
172,129,5
173,129,3
174,129,5
175,129,3
176,129,4
177,129,3
178,129,4
179,129,2
180,129,5
181,129,3
182,129,3
183,129,2
184,129,4
185,129,4
186,129,2
187,129,3
188,129,5
189,129,1
190,129,4
191,129,2
192,129,5
193,129,5
194,129,3
195,129,2
196,129,4
197,129,1
198,129,4
199,129,3
200,129,2
201,129,1
202,129,4
203,129,3
204,129,3
205,129,3
206,129,4
207,129,1
208,129,3
209,129,3
210,129,5
211,129,3
212,129,4
213,129,5
214,129,4
215,129,3
216,129,5
217,129,2
218,129,2
219,129,2
220,129,4
221,129,5
222,129,2
223,129,4
224,129,2
225,129,5
226,129,1
227,129,3
228,129,4
229,129,3
230,129,3
231,129,4
232,129,4
233,129,3
234,129,5
235,129,1
236,129,3
237,129,1
238,129,3
239,129,2
240,129,3
241,129,5
242,129,4
243,129,2
244,129,5
245,129,5
246,129,5
247,129,2
248,129,5
249,129,3
250,129,1
1,130,3
2,130,2
3,130,3
4,130,5
5,130,4
6,130,2
7,130,3
8,130,5
9,130,5
10,130,5
11,130,3
12,130,1
13,130,2
14,130,1
15,130,3
16,130,5
17,130,3
18,130,4
19,130,3
20,130,5
21,130,3
22,130,5
23,130,2
24,130,5
25,130,5
26,130,5
27,130,5
28,130,5
29,130,3
30,130,3
31,130,5
32,130,5
33,130,5
34,130,1
35,130,2
36,130,3
37,130,5
38,130,3
39,130,5
40,130,3
41,130,5
42,130,5
43,130,1
44,130,3
45,130,4
46,130,4
47,130,5
48,130,1
49,130,3
50,130,5
51,130,5
52,130,5
53,130,1
54,130,4
55,130,1
56,130,1
57,130,2
58,130,3
59,130,1
60,130,2
61,130,2
62,130,5
63,130,5
64,130,3
65,130,1
66,130,1
67,130,5
68,130,3
69,130,1
70,130,4
71,130,1
72,130,3
73,130,1
74,130,5
75,130,2
76,130,2
77,130,3
78,130,5
79,130,1
80,130,1
81,130,4
82,130,3
83,130,4
84,130,5
85,130,1
86,130,2
87,130,1
88,130,1
89,130,1
90,130,3
91,130,2
92,130,2
93,130,1
94,130,5
95,130,4
96,130,5
97,130,1
98,130,5
99,130,1
100,130,4
101,130,3
102,130,2
103,130,5
104,130,5
105,130,2
106,130,3
107,130,2
108,130,2
109,130,3
110,130,3
111,130,5
112,130,5
113,130,4
114,130,5
115,130,2
116,130,5
117,130,5
118,130,2
119,130,3
120,130,3
121,130,1
122,130,5
123,130,1
124,130,4
125,130,4
126,130,3
127,130,4
128,130,1
129,130,3
130,130,5
131,130,1
132,130,1
133,130,4
134,130,1
135,130,3
136,130,3
137,130,1
138,130,5
139,130,3
140,130,4
141,130,5
142,130,4
143,130,1
144,130,1
145,130,3
146,130,5
147,130,1
148,130,5
149,130,5
150,130,2
151,130,1
152,130,1
153,130,4
154,130,1
155,130,3
156,130,1
157,130,1
158,130,5
159,130,4
160,130,5
161,130,3
162,130,1
163,130,2
164,130,5
165,130,2
166,130,5
167,130,1
168,130,4
169,130,2
170,130,2
171,130,1
172,130,5
173,130,2
174,130,2
175,130,2
176,130,5
177,130,1
178,130,1
179,130,1
180,130,2
181,130,5
182,130,1
183,130,4
184,130,3
185,130,5
186,130,1
187,130,4
188,130,3
189,130,2
190,130,2
191,130,5
192,130,3
193,130,3
194,130,4
195,130,1
196,130,5
197,130,2
198,130,3
199,130,1
200,130,4
201,130,1
202,130,4
203,130,2
204,130,5
205,130,4
206,130,5
207,130,1
208,130,2
209,130,1
210,130,3
211,130,5
212,130,2
213,130,1
214,130,3
215,130,1
216,130,3
217,130,5
218,130,1
219,130,2
220,130,2
221,130,5
222,130,1
223,130,3
224,130,4
225,130,2
226,130,2
227,130,1
228,130,5
229,130,1
230,130,2
231,130,5
232,130,3
233,130,5
234,130,1
235,130,1
236,130,1
237,130,1
238,130,5
239,130,1
240,130,4
241,130,2
242,130,2
243,130,5
244,130,3
245,130,3
246,130,2
247,130,1
248,130,2
249,130,2
250,130,1
1,131,1
2,131,1
3,131,2
4,131,5
5,131,4
6,131,1
7,131,3
8,131,5
9,131,4
10,131,5
11,131,1
12,131,2
13,131,2
14,131,1
15,131,3
16,131,5
17,131,3
18,131,5
19,131,3
20,131,5
21,131,2
22,131,5
23,131,3
24,131,5
25,131,4
26,131,5
27,131,5
28,131,5
29,131,3
30,131,2
31,131,4
32,131,5
33,131,5
34,131,2
35,131,3
36,131,3
37,131,4
38,131,1
39,131,5
40,131,2
41,131,5
42,131,5
43,131,1
44,131,3
45,131,4
46,131,5
47,131,5
48,131,1
49,131,1
50,131,5
51,131,5
52,131,4
53,131,2
54,131,5
55,131,1
56,131,3
57,131,3
58,131,3
59,131,3
60,131,1
61,131,3
62,131,4
63,131,5
64,131,3
65,131,1
66,131,1
67,131,4
68,131,2
69,131,2
70,131,5
71,131,2
72,131,2
73,131,3
74,131,4
75,131,2
76,131,3
77,131,3
78,131,5
79,131,2
80,131,3
81,131,5
82,131,3
83,131,4
84,131,4
85,131,2
86,131,2
87,131,3
88,131,1
89,131,1
90,131,3
91,131,1
92,131,2
93,131,1
94,131,5
95,131,4
96,131,4
97,131,1
98,131,5
99,131,2
100,131,5
101,131,3
102,131,3
103,131,5
104,131,5
105,131,2
106,131,2
107,131,1
108,131,1
109,131,2
110,131,2
111,131,5
112,131,5
113,131,5
114,131,5
115,131,3
116,131,5
117,131,5
118,131,3
119,131,3
120,131,3
121,131,2
122,131,5
123,131,1
124,131,4
125,131,5
126,131,3
127,131,5
128,131,1
129,131,3
130,131,4
131,131,2
132,131,3
133,131,4
134,131,1
135,131,1
136,131,3
137,131,3
138,131,4
139,131,3
140,131,5
141,131,4
142,131,5
143,131,2
144,131,2
145,131,1
146,131,5
147,131,1
148,131,4
149,131,5
150,131,2
151,131,3
152,131,1
153,131,4
154,131,2
155,131,3
156,131,2
157,131,3
158,131,5
159,131,5
160,131,4
161,131,3
162,131,2
163,131,2
164,131,5
165,131,3
166,131,5
167,131,2
168,131,5
169,131,2
170,131,2
171,131,1
172,131,5
173,131,1
174,131,2
175,131,1
176,131,4
177,131,1
178,131,2
179,131,2
180,131,2
181,131,5
182,131,2
183,131,4
184,131,3
185,131,4
186,131,2
187,131,5
188,131,3
189,131,1
190,131,3
191,131,4
192,131,1
193,131,2
194,131,5
195,131,1
196,131,5
197,131,1
198,131,3
199,131,1
200,131,5
201,131,2
202,131,4
203,131,2
204,131,4
205,131,5
206,131,5
207,131,1
208,131,1
209,131,2
210,131,3
211,131,5
212,131,1
213,131,2
214,131,1
215,131,1
216,131,3
217,131,4
218,131,2
219,131,1
220,131,3
221,131,5
222,131,1
223,131,2
224,131,4
225,131,2
226,131,1
227,131,2
228,131,5
229,131,1
230,131,1
231,131,4
232,131,3
233,131,4
234,131,2
235,131,1
236,131,1
237,131,1
238,131,5
239,131,1
240,131,5
241,131,3
242,131,3
243,131,5
244,131,2
245,131,3
246,131,3
247,131,1
248,131,3
249,131,2
250,131,1
1,132,2
2,132,2
3,132,2
4,132,5
5,132,4
6,132,3
7,132,3
8,132,5
9,132,4
10,132,4
11,132,1
12,132,2
13,132,1
14,132,2
15,132,1
16,132,4
17,132,3
18,132,4
19,132,3
20,132,4
21,132,3
22,132,4
23,132,3
24,132,4
25,132,5
26,132,5
27,132,5
28,132,4
29,132,1
30,132,3
31,132,4
32,132,5
33,132,5
34,132,1
35,132,1
36,132,3
37,132,4
38,132,3
39,132,5
40,132,3
41,132,5
42,132,5
43,132,2
44,132,2
45,132,4
46,132,4
47,132,5
48,132,1
49,132,3
50,132,5
51,132,5
52,132,4
53,132,3
54,132,4
55,132,1
56,132,3
57,132,2
58,132,2
59,132,2
60,132,2
61,132,2
62,132,4
63,132,5
64,132,3
65,132,1
66,132,2
67,132,4
68,132,3
69,132,3
70,132,5
71,132,1
72,132,3
73,132,2
74,132,5
75,132,2
76,132,3
77,132,2
78,132,5
79,132,1
80,132,3
81,132,4
82,132,1
83,132,4
84,132,5
85,132,1
86,132,1
87,132,3
88,132,1
89,132,2
90,132,2
91,132,2
92,132,1
93,132,1
94,132,5
95,132,4
96,132,5
97,132,1
98,132,5
99,132,1
100,132,5
101,132,3
102,132,2
103,132,4
104,132,5
105,132,2
106,132,2
107,132,1
108,132,1
109,132,1
110,132,3
111,132,4
112,132,5
113,132,5
114,132,5
115,132,2
116,132,4
117,132,4
118,132,1
119,132,3
120,132,3
121,132,1
122,132,5
123,132,2
124,132,4
125,132,4
126,132,2
127,132,4
128,132,1
129,132,3
130,132,5
131,132,2
132,132,3
133,132,4
134,132,1
135,132,3
136,132,3
137,132,3
138,132,5
139,132,3
140,132,5
141,132,4
142,132,4
143,132,3
144,132,2
145,132,3
146,132,5
147,132,1
148,132,4
149,132,5
150,132,2
151,132,2
152,132,2
153,132,4
154,132,1
155,132,2
156,132,1
157,132,3
158,132,4
159,132,4
160,132,4
161,132,3
162,132,1
163,132,3
164,132,4
165,132,1
166,132,5
167,132,1
168,132,5
169,132,2
170,132,2
171,132,2
172,132,5
173,132,1
174,132,2
175,132,1
176,132,5
177,132,1
178,132,3
179,132,1
180,132,3
181,132,4
182,132,1
183,132,4
184,132,3
185,132,5
186,132,2
187,132,4
188,132,2
189,132,2
190,132,3
191,132,4
192,132,3
193,132,2
194,132,5
195,132,1
196,132,5
197,132,2
198,132,3
199,132,2
200,132,5
201,132,2
202,132,5
203,132,2
204,132,4
205,132,5
206,132,4
207,132,1
208,132,2
209,132,1
210,132,2
211,132,5
212,132,3
213,132,2
214,132,3
215,132,2
216,132,1
217,132,5
218,132,1
219,132,1
220,132,3
221,132,4
222,132,1
223,132,2
224,132,5
225,132,3
226,132,2
227,132,1
228,132,5
229,132,1
230,132,1
231,132,4
232,132,2
233,132,5
234,132,2
235,132,1
236,132,1
237,132,1
238,132,5
239,132,2
240,132,4
241,132,3
242,132,3
243,132,5
244,132,3
245,132,3
246,132,3
247,132,2
248,132,2
249,132,2
250,132,2
1,133,1
2,133,1
3,133,2
4,133,5
5,133,4
6,133,3
7,133,2
8,133,5
9,133,4
10,133,4
11,133,3
12,133,1
13,133,3
14,133,1
15,133,1
16,133,5
17,133,2
18,133,4
19,133,2
20,133,5
21,133,3
22,133,4
23,133,3
24,133,5
25,133,4
26,133,5
27,133,5
28,133,4
29,133,2
30,133,2
31,133,4
32,133,5
33,133,4
34,133,2
35,133,1
36,133,3
37,133,4
38,133,2
39,133,4
40,133,3
41,133,4
42,133,5
43,133,1
44,133,3
45,133,5
46,133,5
47,133,5
48,133,1
49,133,2
50,133,5
51,133,5
52,133,4
53,133,3
54,133,5
55,133,1
56,133,3
57,133,3
58,133,3
59,133,3
60,133,3
61,133,2
62,133,5
63,133,5
64,133,3
65,133,2
66,133,1
67,133,5
68,133,2
69,133,2
70,133,4
71,133,2
72,133,1
73,133,2
74,133,5
75,133,1
76,133,2
77,133,2
78,133,5
79,133,2
80,133,2
81,133,4
82,133,2
83,133,5
84,133,5
85,133,1
86,133,2
87,133,3
88,133,2
89,133,1
90,133,2
91,133,1
92,133,3
93,133,2
94,133,4
95,133,4
96,133,5
97,133,1
98,133,4
99,133,2
100,133,5
101,133,3
102,133,3
103,133,5
104,133,4
105,133,2
106,133,3
107,133,1
108,133,2
109,133,3
110,133,3
111,133,5
112,133,4
113,133,5
114,133,5
115,133,1
116,133,5
117,133,5
118,133,3
119,133,2
120,133,2
121,133,2
122,133,4
123,133,1
124,133,4
125,133,5
126,133,3
127,133,5
128,133,1
129,133,3
130,133,4
131,133,1
132,133,3
133,133,4
134,133,1
135,133,3
136,133,2
137,133,2
138,133,4
139,133,3
140,133,5
141,133,4
142,133,4
143,133,3
144,133,1
145,133,2
146,133,5
147,133,1
148,133,5
149,133,4
150,133,3
151,133,3
152,133,1
153,133,5
154,133,2
155,133,3
156,133,1
157,133,3
158,133,5
159,133,5
160,133,5
161,133,2
162,133,1
163,133,3
164,133,5
165,133,3
166,133,5
167,133,2
168,133,5
169,133,2
170,133,1
171,133,2
172,133,5
173,133,1
174,133,2
175,133,1
176,133,5
177,133,1
178,133,3
179,133,1
180,133,3
181,133,4
182,133,2
183,133,5
184,133,3
185,133,4
186,133,1
187,133,4
188,133,3
189,133,2
190,133,3
191,133,5
192,133,3
193,133,2
194,133,4
195,133,2
196,133,5
197,133,1
198,133,3
199,133,1
200,133,5
201,133,1
202,133,5
203,133,1
204,133,5
205,133,5
206,133,5
207,133,1
208,133,1
209,133,1
210,133,2
211,133,4
212,133,3
213,133,3
214,133,2
215,133,1
216,133,1
217,133,5
218,133,1
219,133,1
220,133,3
221,133,5
222,133,1
223,133,3
224,133,5
225,133,3
226,133,2
227,133,1
228,133,5
229,133,1
230,133,2
231,133,4
232,133,3
233,133,5
234,133,2
235,133,2
236,133,1
237,133,2
238,133,5
239,133,2
240,133,5
241,133,3
242,133,2
243,133,5
244,133,3
245,133,3
246,133,3
247,133,1
248,133,2
249,133,2
250,133,1
1,134,1
2,134,1
3,134,3
4,134,5
5,134,5
6,134,3
7,134,2
8,134,5
9,134,5
10,134,5
11,134,2
12,134,1
13,134,3
14,134,2
15,134,2
16,134,4
17,134,2
18,134,4
19,134,3
20,134,5
21,134,2
22,134,5
23,134,3
24,134,5
25,134,5
26,134,4
27,134,5
28,134,4
29,134,2
30,134,1
31,134,5
32,134,5
33,134,5
34,134,2
35,134,2
36,134,3
37,134,5
38,134,2
39,134,5
40,134,3
41,134,5
42,134,4
43,134,1
44,134,1
45,134,5
46,134,5
47,134,4
48,134,2
49,134,3
50,134,4
51,134,5
52,134,5
53,134,3
54,134,4
55,134,1
56,134,3
57,134,3
58,134,3
59,134,1
60,134,3
61,134,2
62,134,4
63,134,5
64,134,2
65,134,1
66,134,1
67,134,5
68,134,3
69,134,2
70,134,4
71,134,1
72,134,2
73,134,3
74,134,5
75,134,1
76,134,2
77,134,3
78,134,4
79,134,1
80,134,1
81,134,5
82,134,3
83,134,5
84,134,5
85,134,1
86,134,3
87,134,3
88,134,1
89,134,1
90,134,2
91,134,1
92,134,1
93,134,1
94,134,4
95,134,4
96,134,5
97,134,2
98,134,5
99,134,1
100,134,4
101,134,2
102,134,3
103,134,4
104,134,5
105,134,3
106,134,3
107,134,2
108,134,1
109,134,3
110,134,3
111,134,5
112,134,4
113,134,5
114,134,5
115,134,3
116,134,5
117,134,4
118,134,2
119,134,3
120,134,3
121,134,2
122,134,5
123,134,2
124,134,4
125,134,5
126,134,1
127,134,5
128,134,2
129,134,3
130,134,4
131,134,2
132,134,3
133,134,5
134,134,1
135,134,2
136,134,1
137,134,3
138,134,4
139,134,2
140,134,5
141,134,4
142,134,4
143,134,2
144,134,1
145,134,1
146,134,4
147,134,2
148,134,4
149,134,5
150,134,3
151,134,3
152,134,2
153,134,4
154,134,1
155,134,2
156,134,2
157,134,3
158,134,5
159,134,4
160,134,5
161,134,2
162,134,2
163,134,2
164,134,5
165,134,3
166,134,5
167,134,1
168,134,5
169,134,1
170,134,2
171,134,2
172,134,4
173,134,2
174,134,3
175,134,1
176,134,4
177,134,1
178,134,3
179,134,1
180,134,2
181,134,4
182,134,2
183,134,4
184,134,1
185,134,5
186,134,2
187,134,5
188,134,1
189,134,1
190,134,3
191,134,5
192,134,1
193,134,2
194,134,5
195,134,1
196,134,4
197,134,1
198,134,3
199,134,1
200,134,5
201,134,1
202,134,5
203,134,1
204,134,5
205,134,4
206,134,5
207,134,1
208,134,1
209,134,2
210,134,2
211,134,5
212,134,1
213,134,2
214,134,2
215,134,1
216,134,3
217,134,4
218,134,1
219,134,2
220,134,2
221,134,4
222,134,2
223,134,1
224,134,4
225,134,1
226,134,2
227,134,1
228,134,5
229,134,1
230,134,1
231,134,5
232,134,2
233,134,5
234,134,3
235,134,1
236,134,1
237,134,2
238,134,5
239,134,1
240,134,5
241,134,1
242,134,3
243,134,5
244,134,1
245,134,3
246,134,3
247,134,1
248,134,3
249,134,2
250,134,1
1,135,3
2,135,1
3,135,3
4,135,5
5,135,4
6,135,3
7,135,3
8,135,5
9,135,5
10,135,4
11,135,3
12,135,1
13,135,2
14,135,2
15,135,2
16,135,5
17,135,1
18,135,4
19,135,2
20,135,5
21,135,2
22,135,4
23,135,3
24,135,4
25,135,5
26,135,5
27,135,5
28,135,5
29,135,3
30,135,2
31,135,4
32,135,4
33,135,4
34,135,1
35,135,2
36,135,3
37,135,4
38,135,3
39,135,5
40,135,2
41,135,5
42,135,5
43,135,1
44,135,2
45,135,4
46,135,5
47,135,5
48,135,2
49,135,3
50,135,4
51,135,5
52,135,5
53,135,3
54,135,5
55,135,1
56,135,2
57,135,3
58,135,3
59,135,2
60,135,2
61,135,2
62,135,5
63,135,4
64,135,2
65,135,2
66,135,2
67,135,5
68,135,3
69,135,3
70,135,5
71,135,2
72,135,3
73,135,3
74,135,4
75,135,2
76,135,3
77,135,2
78,135,5
79,135,1
80,135,1
81,135,4
82,135,2
83,135,4
84,135,5
85,135,1
86,135,2
87,135,3
88,135,1
89,135,1
90,135,3
91,135,2
92,135,3
93,135,1
94,135,5
95,135,4
96,135,5
97,135,1
98,135,4
99,135,1
100,135,5
101,135,2
102,135,3
103,135,4
104,135,5
105,135,2
106,135,3
107,135,2
108,135,1
109,135,3
110,135,3
111,135,5
112,135,5
113,135,5
114,135,5
115,135,2
116,135,5
117,135,5
118,135,2
119,135,1
120,135,3
121,135,1
122,135,5
123,135,1
124,135,5
125,135,5
126,135,2
127,135,5
128,135,1
129,135,1
130,135,4
131,135,2
132,135,3
133,135,4
134,135,1
135,135,3
136,135,2
137,135,1
138,135,5
139,135,3
140,135,4
141,135,4
142,135,5
143,135,2
144,135,1
145,135,2
146,135,5
147,135,1
148,135,5
149,135,5
150,135,2
151,135,3
152,135,1
153,135,4
154,135,1
155,135,3
156,135,1
157,135,2
158,135,5
159,135,4
160,135,4
161,135,3
162,135,1
163,135,1
164,135,4
165,135,3
166,135,5
167,135,1
168,135,5
169,135,2
170,135,2
171,135,2
172,135,5
173,135,1
174,135,3
175,135,2
176,135,5
177,135,1
178,135,2
179,135,1
180,135,2
181,135,5
182,135,2
183,135,5
184,135,2
185,135,4
186,135,2
187,135,5
188,135,2
189,135,2
190,135,2
191,135,4
192,135,3
193,135,3
194,135,4
195,135,2
196,135,4
197,135,1
198,135,1
199,135,2
200,135,4
201,135,1
202,135,5
203,135,1
204,135,5
205,135,5
206,135,4
207,135,1
208,135,1
209,135,1
210,135,3
211,135,4
212,135,1
213,135,3
214,135,2
215,135,1
216,135,3
217,135,4
218,135,1
219,135,1
220,135,3
221,135,5
222,135,2
223,135,1
224,135,4
225,135,3
226,135,1
227,135,2
228,135,5
229,135,2
230,135,1
231,135,5
232,135,2
233,135,4
234,135,3
235,135,2
236,135,1
237,135,1
238,135,5
239,135,1
240,135,5
241,135,3
242,135,3
243,135,5
244,135,3
245,135,1
246,135,3
247,135,1
248,135,3
249,135,2
250,135,2
1,136,5
2,136,3
3,136,5
4,136,2
5,136,4
6,136,5
7,136,5
8,136,1
9,136,3
10,136,2
11,136,5
12,136,3
13,136,5
14,136,2
15,136,5
16,136,2
17,136,4
18,136,4
19,136,4
20,136,1
21,136,4
22,136,4
23,136,5
24,136,3
25,136,5
26,136,2
27,136,4
28,136,1
29,136,5
30,136,5
31,136,4
32,136,4
33,136,5
34,136,3
35,136,5
36,136,5
37,136,4
38,136,4
39,136,2
40,136,4
41,136,4
42,136,1
43,136,2
44,136,5
45,136,1
46,136,3
47,136,3
48,136,1
49,136,5
50,136,2
51,136,1
52,136,4
53,136,5
54,136,2
55,136,2
56,136,5
57,136,4
58,136,5
59,136,5
60,136,4
61,136,5
62,136,4
63,136,3
64,136,5
65,136,1
66,136,3
67,136,1
68,136,5
69,136,4
70,136,2
71,136,1
72,136,5
73,136,5
74,136,4
75,136,1
76,136,5
77,136,4
78,136,1
79,136,3
80,136,5
81,136,4
82,136,5
83,136,3
84,136,3
85,136,3
86,136,4
87,136,4
88,136,3
89,136,2
90,136,4
91,136,2
92,136,4
93,136,3
94,136,5
95,136,2
96,136,2
97,136,1
98,136,4
99,136,2
100,136,2
101,136,5
102,136,4
103,136,4
104,136,3
105,136,4
106,136,4
107,136,2
108,136,3
109,136,5
110,136,5
111,136,3
112,136,3
113,136,4
114,136,1
115,136,5
116,136,2
117,136,2
118,136,4
119,136,5
120,136,5
121,136,3
122,136,4
123,136,1
124,136,3
125,136,3
126,136,5
127,136,2
128,136,3
129,136,4
130,136,1
131,136,3
132,136,5
133,136,2
134,136,2
135,136,5
136,136,4
137,136,4
138,136,2
139,136,5
140,136,4
141,136,1
142,136,4
143,136,5
144,136,3
145,136,5
146,136,3
147,136,1
148,136,4
149,136,3
150,136,4
151,136,5
152,136,2
153,136,2
154,136,1
155,136,4
156,136,3
157,136,5
158,136,4
159,136,4
160,136,3
161,136,4
162,136,2
163,136,4
164,136,2
165,136,4
166,136,3
167,136,1
168,136,4
169,136,3
170,136,1
171,136,3
172,136,3
173,136,3
174,136,5
175,136,3
176,136,4
177,136,2
178,136,5
179,136,3
180,136,4
181,136,3
182,136,2
183,136,1
184,136,5
185,136,2
186,136,3
187,136,3
188,136,4
189,136,3
190,136,5
191,136,3
192,136,5
193,136,4
194,136,3
195,136,2
196,136,3
197,136,2
198,136,5
199,136,3
200,136,4
201,136,3
202,136,4
203,136,2
204,136,4
205,136,5
206,136,5
207,136,1
208,136,3
209,136,2
210,136,4
211,136,2
212,136,4
213,136,5
214,136,5
215,136,2
216,136,4
217,136,3
218,136,2
219,136,2
220,136,5
221,136,1
222,136,3
223,136,4
224,136,1
225,136,5
226,136,2
227,136,2
228,136,3
229,136,1
230,136,2
231,136,4
232,136,5
233,136,4
234,136,4
235,136,1
236,136,3
237,136,1
238,136,4
239,136,1
240,136,3
241,136,4
242,136,5
243,136,2
244,136,5
245,136,5
246,136,5
247,136,3
248,136,4
249,136,3
250,136,2
1,137,5
2,137,2
3,137,5
4,137,2
5,137,1
6,137,5
7,137,4
8,137,4
9,137,4
10,137,1
11,137,4
12,137,3
13,137,4
14,137,2
15,137,4
16,137,1
17,137,5
18,137,4
19,137,5
20,137,3
21,137,5
22,137,5
23,137,5
24,137,4
25,137,3
26,137,2
27,137,2
28,137,3
29,137,4
30,137,5
31,137,3
32,137,2
33,137,4
34,137,1
35,137,5
36,137,4
37,137,1
38,137,5
39,137,3
40,137,5
41,137,1
42,137,3
43,137,2
44,137,5
45,137,2
46,137,3
47,137,2
48,137,3
49,137,5
50,137,1
51,137,1
52,137,4
53,137,5
54,137,3
55,137,3
56,137,5
57,137,4
58,137,5
59,137,5
60,137,5
61,137,4
62,137,4
63,137,5
64,137,4
65,137,3
66,137,3
67,137,2
68,137,4
69,137,5
70,137,3
71,137,1
72,137,5
73,137,4
74,137,3
75,137,2
76,137,4
77,137,5
78,137,3
79,137,1
80,137,4
81,137,4
82,137,5
83,137,3
84,137,1
85,137,2
86,137,5
87,137,4
88,137,2
89,137,2
90,137,5
91,137,1
92,137,4
93,137,3
94,137,4
95,137,2
96,137,3
97,137,3
98,137,4
99,137,3
100,137,4
101,137,5
102,137,5
103,137,4
104,137,5
105,137,4
106,137,5
107,137,3
108,137,3
109,137,4
110,137,5
111,137,4
112,137,4
113,137,2
114,137,1
115,137,5
116,137,3
117,137,2
118,137,4
119,137,5
120,137,5
121,137,2
122,137,4
123,137,3
124,137,3
125,137,4
126,137,5
127,137,3
128,137,2
129,137,4
130,137,2
131,137,2
132,137,5
133,137,5
134,137,1
135,137,4
136,137,4
137,137,5
138,137,1
139,137,5
140,137,5
141,137,5
142,137,5
143,137,5
144,137,3
145,137,5
146,137,4
147,137,3
148,137,4
149,137,4
150,137,5
151,137,5
152,137,2
153,137,3
154,137,2
155,137,4
156,137,3
157,137,5
158,137,2
159,137,2
160,137,2
161,137,4
162,137,1
163,137,5
164,137,4
165,137,4
166,137,5
167,137,2
168,137,3
169,137,2
170,137,1
171,137,3
172,137,2
173,137,2
174,137,4
175,137,2
176,137,3
177,137,2
178,137,4
179,137,2
180,137,4
181,137,4
182,137,3
183,137,3
184,137,5
185,137,4
186,137,2
187,137,4
188,137,4
189,137,2
190,137,5
191,137,4
192,137,5
193,137,5
194,137,5
195,137,1
196,137,2
197,137,1
198,137,5
199,137,3
200,137,3
201,137,3
202,137,3
203,137,2
204,137,2
205,137,2
206,137,2
207,137,3
208,137,2
209,137,3
210,137,5
211,137,4
212,137,5
213,137,5
214,137,4
215,137,2
216,137,5
217,137,2
218,137,3
219,137,3
220,137,5
221,137,2
222,137,2
223,137,4
224,137,1
225,137,4
226,137,2
227,137,1
228,137,1
229,137,3
230,137,2
231,137,2
232,137,5
233,137,3
234,137,4
235,137,2
236,137,2
237,137,1
238,137,4
239,137,3
240,137,3
241,137,4
242,137,5
243,137,4
244,137,4
245,137,5
246,137,5
247,137,3
248,137,5
249,137,3
250,137,3
1,138,5
2,138,3
3,138,5
4,138,3
5,138,5
6,138,5
7,138,5
8,138,4
9,138,3
10,138,4
11,138,5
12,138,3
13,138,5
14,138,2
15,138,5
16,138,3
17,138,5
18,138,3
19,138,4
20,138,3
21,138,5
22,138,3
23,138,5
24,138,2
25,138,2
26,138,4
27,138,3
28,138,2
29,138,4
30,138,5
31,138,4
32,138,3
33,138,4
34,138,2
35,138,4
36,138,5
37,138,3
38,138,4
39,138,4
40,138,5
41,138,3
42,138,4
43,138,2
44,138,4
45,138,3
46,138,1
47,138,4
48,138,3
49,138,5
50,138,2
51,138,3
52,138,3
53,138,4
54,138,1
55,138,2
56,138,4
57,138,5
58,138,5
59,138,4
60,138,4
61,138,5
62,138,4
63,138,1
64,138,5
65,138,3
66,138,1
67,138,5
68,138,5
69,138,4
70,138,4
71,138,2
72,138,5
73,138,5
74,138,4
75,138,1
76,138,5
77,138,5
78,138,2
79,138,2
80,138,5
81,138,4
82,138,4
83,138,1
84,138,2
85,138,1
86,138,5
87,138,5
88,138,2
89,138,3
90,138,4
91,138,3
92,138,4
93,138,3
94,138,4
95,138,3
96,138,3
97,138,2
98,138,4
99,138,2
100,138,3
101,138,5
102,138,5
103,138,2
104,138,4
105,138,5
106,138,5
107,138,2
108,138,2
109,138,4
110,138,5
111,138,4
112,138,3
113,138,2
114,138,1
115,138,5
116,138,2
117,138,3
118,138,4
119,138,4
120,138,5
121,138,3
122,138,2
123,138,3
124,138,2
125,138,2
126,138,4
127,138,4
128,138,2
129,138,4
130,138,2
131,138,3
132,138,5
133,138,2
134,138,3
135,138,5
136,138,4
137,138,4
138,138,5
139,138,5
140,138,4
141,138,3
142,138,2
143,138,4
144,138,2
145,138,5
146,138,4
147,138,3
148,138,2
149,138,3
150,138,5
151,138,4
152,138,2
153,138,2
154,138,2
155,138,4
156,138,3
157,138,4
158,138,3
159,138,2
160,138,2
161,138,4
162,138,3
163,138,5
164,138,1
165,138,4
166,138,3
167,138,3
168,138,1
169,138,3
170,138,3
171,138,2
172,138,4
173,138,3
174,138,4
175,138,3
176,138,5
177,138,3
178,138,4
179,138,1
180,138,5
181,138,5
182,138,1
183,138,1
184,138,4
185,138,3
186,138,3
187,138,3
188,138,4
189,138,3
190,138,5
191,138,2
192,138,4
193,138,4
194,138,5
195,138,2
196,138,3
197,138,1
198,138,4
199,138,1
200,138,4
201,138,3
202,138,2
203,138,2
204,138,3
205,138,1
206,138,2
207,138,1
208,138,2
209,138,3
210,138,4
211,138,3
212,138,5
213,138,5
214,138,5
215,138,3
216,138,5
217,138,3
218,138,2
219,138,2
220,138,4
221,138,3
222,138,1
223,138,4
224,138,2
225,138,4
226,138,2
227,138,3
228,138,1
229,138,2
230,138,3
231,138,2
232,138,5
233,138,2
234,138,4
235,138,3
236,138,3
237,138,3
238,138,3
239,138,3
240,138,4
241,138,5
242,138,4
243,138,3
244,138,4
245,138,4
246,138,5
247,138,3
248,138,4
249,138,2
250,138,3
1,139,4
2,139,3
3,139,4
4,139,3
5,139,3
6,139,5
7,139,5
8,139,2
9,139,3
10,139,2
11,139,5
12,139,3
13,139,4
14,139,3
15,139,5
16,139,2
17,139,4
18,139,3
19,139,5
20,139,4
21,139,5
22,139,1
23,139,5
24,139,4
25,139,4
26,139,4
27,139,4
28,139,1
29,139,4
30,139,4
31,139,4
32,139,4
33,139,1
34,139,1
35,139,4
36,139,5
37,139,4
38,139,5
39,139,2
40,139,5
41,139,3
42,139,4
43,139,3
44,139,4
45,139,3
46,139,4
47,139,4
48,139,3
49,139,5
50,139,3
51,139,4
52,139,1
53,139,4
54,139,2
55,139,2
56,139,4
57,139,4
58,139,4
59,139,4
60,139,5
61,139,5
62,139,3
63,139,2
64,139,5
65,139,3
66,139,1
67,139,3
68,139,5
69,139,4
70,139,4
71,139,2
72,139,5
73,139,4
74,139,3
75,139,2
76,139,5
77,139,5
78,139,2
79,139,2
80,139,4
81,139,5
82,139,5
83,139,4
84,139,3
85,139,1
86,139,4
87,139,4
88,139,2
89,139,2
90,139,5
91,139,3
92,139,5
93,139,3
94,139,3
95,139,3
96,139,2
97,139,3
98,139,1
99,139,2
100,139,3
101,139,4
102,139,4
103,139,5
104,139,2
105,139,5
106,139,5
107,139,3
108,139,3
109,139,4
110,139,5
111,139,4
112,139,1
113,139,3
114,139,1
115,139,4
116,139,5
117,139,4
118,139,4
119,139,4
120,139,5
121,139,2
122,139,4
123,139,3
124,139,3
125,139,4
126,139,5
127,139,5
128,139,1
129,139,4
130,139,3
131,139,3
132,139,5
133,139,4
134,139,3
135,139,5
136,139,4
137,139,4
138,139,2
139,139,5
140,139,5
141,139,3
142,139,3
143,139,5
144,139,2
145,139,5
146,139,3
147,139,1
148,139,3
149,139,1
150,139,5
151,139,4
152,139,2
153,139,3
154,139,3
155,139,4
156,139,2
157,139,4
158,139,4
159,139,1
160,139,4
161,139,5
162,139,3
163,139,4
164,139,5
165,139,5
166,139,5
167,139,2
168,139,1
169,139,1
170,139,3
171,139,2
172,139,3
173,139,3
174,139,4
175,139,3
176,139,3
177,139,2
178,139,4
179,139,2
180,139,5
181,139,3
182,139,3
183,139,3
184,139,5
185,139,3
186,139,2
187,139,5
188,139,5
189,139,3
190,139,5
191,139,5
192,139,5
193,139,4
194,139,3
195,139,2
196,139,4
197,139,1
198,139,5
199,139,2
200,139,3
201,139,3
202,139,1
203,139,3
204,139,2
205,139,4
206,139,4
207,139,3
208,139,1
209,139,2
210,139,4
211,139,4
212,139,5
213,139,4
214,139,5
215,139,1
216,139,4
217,139,3
218,139,1
219,139,2
220,139,4
221,139,3
222,139,3
223,139,5
224,139,5
225,139,5
226,139,2
227,139,2
228,139,4
229,139,2
230,139,2
231,139,4
232,139,4
233,139,1
234,139,5
235,139,1
236,139,3
237,139,3
238,139,1
239,139,2
240,139,2
241,139,4
242,139,5
243,139,4
244,139,5
245,139,5
246,139,4
247,139,2
248,139,5
249,139,1
250,139,2
1,140,3
2,140,1
3,140,3
4,140,4
5,140,5
6,140,2
7,140,3
8,140,5
9,140,5
10,140,4
11,140,2
12,140,1
13,140,2
14,140,1
15,140,3
16,140,4
17,140,3
18,140,4
19,140,3
20,140,5
21,140,3
22,140,5
23,140,3
24,140,4
25,140,4
26,140,5
27,140,5
28,140,5
29,140,3
30,140,1
31,140,4
32,140,5
33,140,4
34,140,1
35,140,2
36,140,1
37,140,5
38,140,3
39,140,4
40,140,1
41,140,4
42,140,4
43,140,2
44,140,3
45,140,5
46,140,5
47,140,4
48,140,2
49,140,2
50,140,5
51,140,4
52,140,5
53,140,1
54,140,5
55,140,1
56,140,2
57,140,3
58,140,2
59,140,3
60,140,3
61,140,3
62,140,4
63,140,5
64,140,2
65,140,1
66,140,2
67,140,5
68,140,2
69,140,3
70,140,5
71,140,1
72,140,3
73,140,2
74,140,4
75,140,1
76,140,1
77,140,1
78,140,4
79,140,1
80,140,2
81,140,4
82,140,1
83,140,5
84,140,4
85,140,1
86,140,1
87,140,1
88,140,1
89,140,2
90,140,1
91,140,1
92,140,2
93,140,1
94,140,5
95,140,5
96,140,5
97,140,1
98,140,4
99,140,1
100,140,5
101,140,2
102,140,2
103,140,5
104,140,4
105,140,1
106,140,3
107,140,2
108,140,1
109,140,2
110,140,2
111,140,5
112,140,4
113,140,5
114,140,4
115,140,3
116,140,5
117,140,5
118,140,3
119,140,3
120,140,2
121,140,1
122,140,5
123,140,2
124,140,5
125,140,5
126,140,1
127,140,5
128,140,1
129,140,3
130,140,4
131,140,1
132,140,3
133,140,4
134,140,1
135,140,3
136,140,3
137,140,2
138,140,5
139,140,1
140,140,5
141,140,4
142,140,4
143,140,2
144,140,1
145,140,3
146,140,5
147,140,2
148,140,4
149,140,4
150,140,3
151,140,2
152,140,1
153,140,5
154,140,1
155,140,3
156,140,2
157,140,3
158,140,5
159,140,4
160,140,5
161,140,1
162,140,2
163,140,3
164,140,5
165,140,3
166,140,5
167,140,2
168,140,5
169,140,1
170,140,2
171,140,1
172,140,4
173,140,2
174,140,3
175,140,2
176,140,4
177,140,1
178,140,3
179,140,2
180,140,3
181,140,5
182,140,1
183,140,4
184,140,1
185,140,5
186,140,2
187,140,5
188,140,3
189,140,2
190,140,1
191,140,5
192,140,3
193,140,3
194,140,5
195,140,1
196,140,5
197,140,1
198,140,1
199,140,1
200,140,4
201,140,1
202,140,4
203,140,2
204,140,5
205,140,5
206,140,5
207,140,1
208,140,1
209,140,1
210,140,3
211,140,4
212,140,3
213,140,2
214,140,3
215,140,2
216,140,2
217,140,4
218,140,1
219,140,2
220,140,2
221,140,5
222,140,2
223,140,1
224,140,5
225,140,2
226,140,1
227,140,1
228,140,4
229,140,2
230,140,1
231,140,4
232,140,2
233,140,5
234,140,3
235,140,1
236,140,1
237,140,1
238,140,5
239,140,1
240,140,4
241,140,2
242,140,2
243,140,4
244,140,3
245,140,1
246,140,2
247,140,2
248,140,1
249,140,1
250,140,2
1,141,4
2,141,3
3,141,5
4,141,3
5,141,2
6,141,5
7,141,5
8,141,3
9,141,1
10,141,1
11,141,5
12,141,3
13,141,4
14,141,2
15,141,5
16,141,4
17,141,5
18,141,3
19,141,4
20,141,4
21,141,4
22,141,4
23,141,4
24,141,1
25,141,4
26,141,2
27,141,3
28,141,2
29,141,5
30,141,4
31,141,3
32,141,4
33,141,1
34,141,2
35,141,5
36,141,4
37,141,3
38,141,4
39,141,3
40,141,4
41,141,1
42,141,3
43,141,3
44,141,4
45,141,4
46,141,3
47,141,3
48,141,2
49,141,4
50,141,4
51,141,2
52,141,1
53,141,5
54,141,4
55,141,3
56,141,5
57,141,5
58,141,5
59,141,5
60,141,5
61,141,5
62,141,3
63,141,2
64,141,5
65,141,3
66,141,3
67,141,3
68,141,4
69,141,4
70,141,4
71,141,2
72,141,4
73,141,4
74,141,4
75,141,3
76,141,5
77,141,5
78,141,3
79,141,3
80,141,4
81,141,2
82,141,5
83,141,3
84,141,4
85,141,3
86,141,5
87,141,5
88,141,2
89,141,1
90,141,4
91,141,2
92,141,5
93,141,2
94,141,3
95,141,4
96,141,1
97,141,3
98,141,4
99,141,3
100,141,4
101,141,5
102,141,4
103,141,3
104,141,4
105,141,5
106,141,4
107,141,2
108,141,3
109,141,4
110,141,4
111,141,4
112,141,1
113,141,3
114,141,4
115,141,5
116,141,2
117,141,3
118,141,5
119,141,5
120,141,4
121,141,2
122,141,2
123,141,3
124,141,2
125,141,1
126,141,4
127,141,3
128,141,3
129,141,5
130,141,3
131,141,1
132,141,5
133,141,2
134,141,2
135,141,4
136,141,4
137,141,4
138,141,3
139,141,4
140,141,3
141,141,4
142,141,3
143,141,5
144,141,2
145,141,5
146,141,4
147,141,2
148,141,2
149,141,3
150,141,5
151,141,4
152,141,3
153,141,3
154,141,3
155,141,5
156,141,2
157,141,5
158,141,4
159,141,2
160,141,1
161,141,5
162,141,3
163,141,4
164,141,1
165,141,5
166,141,3
167,141,3
168,141,1
169,141,3
170,141,3
171,141,3
172,141,3
173,141,2
174,141,5
175,141,3
176,141,3
177,141,2
178,141,4
179,141,3
180,141,4
181,141,3
182,141,2
183,141,3
184,141,4
185,141,2
186,141,3
187,141,4
188,141,5
189,141,3
190,141,4
191,141,1
192,141,5
193,141,5
194,141,4
195,141,3
196,141,2
197,141,1
198,141,4
199,141,3
200,141,2
201,141,3
202,141,3
203,141,1
204,141,2
205,141,5
206,141,5
207,141,3
208,141,2
209,141,3
210,141,5
211,141,2
212,141,5
213,141,4
214,141,4
215,141,2
216,141,4
217,141,3
218,141,1
219,141,1
220,141,5
221,141,2
222,141,3
223,141,5
224,141,2
225,141,5
226,141,2
227,141,1
228,141,3
229,141,3
230,141,3
231,141,1
232,141,4
233,141,5
234,141,5
235,141,1
236,141,2
237,141,3
238,141,5
239,141,2
240,141,3
241,141,4
242,141,5
243,141,2
244,141,4
245,141,5
246,141,5
247,141,3
248,141,5
249,141,3
250,141,3
1,142,4
2,142,3
3,142,5
4,142,3
5,142,3
6,142,5
7,142,5
8,142,3
9,142,4
10,142,4
11,142,5
12,142,3
13,142,5
14,142,3
15,142,4
16,142,4
17,142,5
18,142,4
19,142,4
20,142,3
21,142,5
22,142,3
23,142,5
24,142,4
25,142,4
26,142,3
27,142,2
28,142,2
29,142,5
30,142,5
31,142,1
32,142,2
33,142,3
34,142,2
35,142,4
36,142,5
37,142,4
38,142,4
39,142,4
40,142,5
41,142,3
42,142,4
43,142,1
44,142,4
45,142,2
46,142,4
47,142,2
48,142,2
49,142,5
50,142,4
51,142,1
52,142,4
53,142,4
54,142,3
55,142,3
56,142,5
57,142,5
58,142,5
59,142,5
60,142,5
61,142,5
62,142,3
63,142,4
64,142,5
65,142,3
66,142,3
67,142,2
68,142,4
69,142,4
70,142,2
71,142,1
72,142,5
73,142,4
74,142,4
75,142,3
76,142,4
77,142,4
78,142,3
79,142,3
80,142,5
81,142,4
82,142,5
83,142,4
84,142,4
85,142,2
86,142,5
87,142,5
88,142,3
89,142,2
90,142,4
91,142,1
92,142,5
93,142,3
94,142,3
95,142,3
96,142,5
97,142,3
98,142,1
99,142,2
100,142,4
101,142,4
102,142,5
103,142,4
104,142,1
105,142,5
106,142,5
107,142,2
108,142,3
109,142,4
110,142,4
111,142,3
112,142,3
113,142,2
114,142,4
115,142,4
116,142,2
117,142,4
118,142,4
119,142,4
120,142,5
121,142,3
122,142,4
123,142,1
124,142,3
125,142,3
126,142,5
127,142,3
128,142,3
129,142,5
130,142,2
131,142,3
132,142,4
133,142,2
134,142,2
135,142,5
136,142,4
137,142,5
138,142,5
139,142,5
140,142,2
141,142,4
142,142,4
143,142,4
144,142,3
145,142,4
146,142,4
147,142,2
148,142,2
149,142,2
150,142,5
151,142,5
152,142,1
153,142,3
154,142,3
155,142,4
156,142,2
157,142,5
158,142,3
159,142,2
160,142,3
161,142,5
162,142,2
163,142,5
164,142,2
165,142,4
166,142,2
167,142,2
168,142,5
169,142,2
170,142,2
171,142,2
172,142,3
173,142,3
174,142,4
175,142,3
176,142,4
177,142,2
178,142,4
179,142,2
180,142,5
181,142,1
182,142,3
183,142,4
184,142,5
185,142,4
186,142,3
187,142,3
188,142,5
189,142,3
190,142,5
191,142,4
192,142,5
193,142,5
194,142,4
195,142,1
196,142,1
197,142,1
198,142,4
199,142,2
200,142,3
201,142,1
202,142,2
203,142,3
204,142,4
205,142,1
206,142,2
207,142,3
208,142,3
209,142,3
210,142,4
211,142,3
212,142,4
213,142,5
214,142,4
215,142,2
216,142,5
217,142,3
218,142,2
219,142,3
220,142,5
221,142,1
222,142,1
223,142,4
224,142,4
225,142,4
226,142,3
227,142,1
228,142,4
229,142,3
230,142,2
231,142,1
232,142,5
233,142,4
234,142,5
235,142,1
236,142,2
237,142,2
238,142,4
239,142,2
240,142,2
241,142,5
242,142,5
243,142,1
244,142,5
245,142,4
246,142,5
247,142,2
248,142,4
249,142,2
250,142,2
1,143,4
2,143,3
3,143,5
4,143,4
5,143,3
6,143,5
7,143,5
8,143,2
9,143,2
10,143,3
11,143,4
12,143,3
13,143,5
14,143,2
15,143,5
16,143,2
17,143,4
18,143,2
19,143,5
20,143,1
21,143,5
22,143,2
23,143,4
24,143,4
25,143,5
26,143,3
27,143,4
28,143,1
29,143,4
30,143,5
31,143,4
32,143,4
33,143,4
34,143,2
35,143,4
36,143,5
37,143,1
38,143,4
39,143,4
40,143,5
41,143,5
42,143,2
43,143,2
44,143,5
45,143,2
46,143,3
47,143,5
48,143,1
49,143,5
50,143,4
51,143,1
52,143,2
53,143,5
54,143,2
55,143,1
56,143,5
57,143,5
58,143,5
59,143,5
60,143,5
61,143,4
62,143,3
63,143,1
64,143,5
65,143,2
66,143,2
67,143,3
68,143,4
69,143,5
70,143,3
71,143,2
72,143,4
73,143,4
74,143,2
75,143,3
76,143,5
77,143,4
78,143,3
79,143,3
80,143,5
81,143,3
82,143,5
83,143,2
84,143,3
85,143,2
86,143,5
87,143,4
88,143,1
89,143,2
90,143,5
91,143,3
92,143,4
93,143,3
94,143,4
95,143,3
96,143,2
97,143,1
98,143,2
99,143,1
100,143,4
101,143,5
102,143,4
103,143,4
104,143,4
105,143,5
106,143,5
107,143,1
108,143,3
109,143,4
110,143,5
111,143,3
112,143,3
113,143,1
114,143,2
115,143,4
116,143,3
117,143,2
118,143,4
119,143,5
120,143,5
121,143,3
122,143,5
123,143,2
124,143,1
125,143,3
126,143,5
127,143,2
128,143,3
129,143,5
130,143,3
131,143,1
132,143,5
133,143,4
134,143,3
135,143,5
136,143,4
137,143,4
138,143,2
139,143,4
140,143,3
141,143,4
142,143,3
143,143,5
144,143,3
145,143,4
146,143,3
147,143,3
148,143,3
149,143,3
150,143,4
151,143,5
152,143,3
153,143,4
154,143,3
155,143,4
156,143,3
157,143,4
158,143,4
159,143,2
160,143,5
161,143,4
162,143,3
163,143,5
164,143,4
165,143,4
166,143,3
167,143,2
168,143,1
169,143,2
170,143,3
171,143,2
172,143,4
173,143,3
174,143,5
175,143,2
176,143,3
177,143,3
178,143,4
179,143,2
180,143,5
181,143,2
182,143,3
183,143,4
184,143,4
185,143,2
186,143,3
187,143,3
188,143,4
189,143,3
190,143,5
191,143,2
192,143,5
193,143,4
194,143,3
195,143,3
196,143,4
197,143,3
198,143,5
199,143,1
200,143,3
201,143,2
202,143,5
203,143,3
204,143,2
205,143,3
206,143,3
207,143,2
208,143,3
209,143,3
210,143,5
211,143,2
212,143,4
213,143,5
214,143,4
215,143,3
216,143,5
217,143,2
218,143,1
219,143,3
220,143,5
221,143,4
222,143,2
223,143,4
224,143,3
225,143,4
226,143,3
227,143,1
228,143,3
229,143,3
230,143,1
231,143,3
232,143,4
233,143,1
234,143,4
235,143,2
236,143,1
237,143,2
238,143,2
239,143,3
240,143,3
241,143,5
242,143,5
243,143,2
244,143,5
245,143,5
246,143,4
247,143,1
248,143,5
249,143,2
250,143,3
1,144,4
2,144,3
3,144,5
4,144,5
5,144,1
6,144,4
7,144,4
8,144,1
9,144,3
10,144,4
11,144,4
12,144,2
13,144,5
14,144,1
15,144,5
16,144,3
17,144,5
18,144,1
19,144,5
20,144,3
21,144,4
22,144,4
23,144,5
24,144,3
25,144,2
26,144,1
27,144,3
28,144,4
29,144,5
30,144,5
31,144,4
32,144,3
33,144,2
34,144,3
35,144,5
36,144,4
37,144,1
38,144,5
39,144,2
40,144,4
41,144,2
42,144,3
43,144,3
44,144,5
45,144,3
46,144,1
47,144,4
48,144,3
49,144,4
50,144,4
51,144,3
52,144,4
53,144,4
54,144,4
55,144,3
56,144,4
57,144,5
58,144,4
59,144,4
60,144,4
61,144,5
62,144,3
63,144,2
64,144,4
65,144,3
66,144,2
67,144,4
68,144,5
69,144,5
70,144,4
71,144,2
72,144,5
73,144,5
74,144,2
75,144,2
76,144,5
77,144,5
78,144,1
79,144,3
80,144,4
81,144,2
82,144,5
83,144,1
84,144,2
85,144,3
86,144,4
87,144,5
88,144,2
89,144,3
90,144,5
91,144,2
92,144,5
93,144,3
94,144,3
95,144,4
96,144,4
97,144,3
98,144,3
99,144,2
100,144,1
101,144,5
102,144,4
103,144,2
104,144,3
105,144,4
106,144,5
107,144,2
108,144,2
109,144,5
110,144,5
111,144,4
112,144,4
113,144,5
114,144,3
115,144,4
116,144,4
117,144,2
118,144,5
119,144,5
120,144,5
121,144,3
122,144,3
123,144,1
124,144,4
125,144,4
126,144,5
127,144,5
128,144,3
129,144,5
130,144,2
131,144,3
132,144,5
133,144,1
134,144,2
135,144,4
136,144,5
137,144,4
138,144,4
139,144,4
140,144,1
141,144,3
142,144,4
143,144,5
144,144,3
145,144,5
146,144,4
147,144,2
148,144,3
149,144,4
150,144,5
151,144,5
152,144,1
153,144,3
154,144,2
155,144,4
156,144,3
157,144,5
158,144,2
159,144,3
160,144,4
161,144,5
162,144,3
163,144,4
164,144,3
165,144,5
166,144,2
167,144,3
168,144,3
169,144,1
170,144,2
171,144,1
172,144,4
173,144,2
174,144,5
175,144,3
176,144,4
177,144,3
178,144,5
179,144,3
180,144,4
181,144,3
182,144,2
183,144,1
184,144,4
185,144,4
186,144,3
187,144,4
188,144,5
189,144,3
190,144,5
191,144,1
192,144,4
193,144,5
194,144,3
195,144,3
196,144,3
197,144,1
198,144,4
199,144,3
200,144,3
201,144,3
202,144,3
203,144,3
204,144,3
205,144,4
206,144,2
207,144,2
208,144,2
209,144,3
210,144,4
211,144,2
212,144,5
213,144,4
214,144,5
215,144,3
216,144,5
217,144,1
218,144,3
219,144,2
220,144,5
221,144,2
222,144,3
223,144,4
224,144,3
225,144,5
226,144,1
227,144,1
228,144,1
229,144,3
230,144,3
231,144,1
232,144,4
233,144,2
234,144,5
235,144,3
236,144,3
237,144,3
238,144,4
239,144,2
240,144,3
241,144,4
242,144,5
243,144,4
244,144,5
245,144,4
246,144,4
247,144,2
248,144,5
249,144,1
250,144,3
1,145,2
2,145,1
3,145,3
4,145,5
5,145,4
6,145,1
7,145,3
8,145,5
9,145,4
10,145,5
11,145,1
12,145,1
13,145,3
14,145,1
15,145,3
16,145,4
17,145,3
18,145,4
19,145,3
20,145,4
21,145,3
22,145,5
23,145,2
24,145,5
25,145,5
26,145,4
27,145,4
28,145,5
29,145,3
30,145,2
31,145,5
32,145,4
33,145,5
34,145,1
35,145,3
36,145,2
37,145,5
38,145,3
39,145,5
40,145,3
41,145,5
42,145,4
43,145,2
44,145,2
45,145,4
46,145,4
47,145,5
48,145,1
49,145,2
50,145,5
51,145,5
52,145,5
53,145,1
54,145,5
55,145,1
56,145,3
57,145,3
58,145,3
59,145,2
60,145,2
61,145,1
62,145,4
63,145,5
64,145,3
65,145,1
66,145,1
67,145,5
68,145,2
69,145,3
70,145,5
71,145,1
72,145,3
73,145,2
74,145,5
75,145,1
76,145,2
77,145,1
78,145,4
79,145,1
80,145,1
81,145,5
82,145,2
83,145,5
84,145,4
85,145,1
86,145,3
87,145,2
88,145,2
89,145,1
90,145,3
91,145,2
92,145,3
93,145,2
94,145,5
95,145,4
96,145,4
97,145,1
98,145,5
99,145,1
100,145,4
101,145,3
102,145,3
103,145,5
104,145,5
105,145,2
106,145,3
107,145,1
108,145,2
109,145,3
110,145,2
111,145,5
112,145,5
113,145,5
114,145,5
115,145,1
116,145,5
117,145,5
118,145,2
119,145,3
120,145,2
121,145,2
122,145,4
123,145,1
124,145,5
125,145,4
126,145,3
127,145,5
128,145,2
129,145,1
130,145,5
131,145,1
132,145,2
133,145,5
134,145,2
135,145,3
136,145,3
137,145,1
138,145,5
139,145,1
140,145,4
141,145,5
142,145,4
143,145,3
144,145,1
145,145,1
146,145,5
147,145,1
148,145,5
149,145,4
150,145,2
151,145,3
152,145,1
153,145,5
154,145,2
155,145,3
156,145,1
157,145,1
158,145,5
159,145,5
160,145,4
161,145,3
162,145,2
163,145,3
164,145,4
165,145,2
166,145,4
167,145,1
168,145,4
169,145,1
170,145,2
171,145,1
172,145,5
173,145,1
174,145,3
175,145,2
176,145,4
177,145,1
178,145,3
179,145,1
180,145,3
181,145,5
182,145,1
183,145,5
184,145,3
185,145,4
186,145,1
187,145,4
188,145,3
189,145,1
190,145,2
191,145,5
192,145,3
193,145,3
194,145,4
195,145,1
196,145,5
197,145,2
198,145,3
199,145,2
200,145,4
201,145,1
202,145,4
203,145,1
204,145,5
205,145,5
206,145,5
207,145,2
208,145,2
209,145,1
210,145,1
211,145,4
212,145,1
213,145,2
214,145,2
215,145,1
216,145,2
217,145,5
218,145,1
219,145,2
220,145,3
221,145,5
222,145,2
223,145,3
224,145,5
225,145,3
226,145,1
227,145,2
228,145,5
229,145,2
230,145,2
231,145,5
232,145,3
233,145,5
234,145,3
235,145,2
236,145,2
237,145,1
238,145,5
239,145,1
240,145,4
241,145,1
242,145,3
243,145,5
244,145,2
245,145,2
246,145,2
247,145,2
248,145,3
249,145,1
250,145,2
1,146,5
2,146,1
3,146,5
4,146,2
5,146,2
6,146,5
7,146,5
8,146,1
9,146,3
10,146,2
11,146,4
12,146,2
13,146,5
14,146,2
15,146,5
16,146,4
17,146,5
18,146,2
19,146,5
20,146,3
21,146,5
22,146,2
23,146,5
24,146,3
25,146,5
26,146,4
27,146,1
28,146,4
29,146,5
30,146,5
31,146,3
32,146,2
33,146,2
34,146,3
35,146,4
36,146,4
37,146,2
38,146,5
39,146,3
40,146,5
41,146,2
42,146,4
43,146,2
44,146,5
45,146,1
46,146,4
47,146,3
48,146,3
49,146,5
50,146,4
51,146,1
52,146,3
53,146,5
54,146,2
55,146,1
56,146,5
57,146,5
58,146,5
59,146,4
60,146,5
61,146,4
62,146,3
63,146,3
64,146,5
65,146,3
66,146,3
67,146,4
68,146,5
69,146,5
70,146,4
71,146,2
72,146,4
73,146,5
74,146,3
75,146,3
76,146,5
77,146,4
78,146,1
79,146,3
80,146,4
81,146,4
82,146,4
83,146,4
84,146,4
85,146,3
86,146,5
87,146,5
88,146,3
89,146,2
90,146,5
91,146,1
92,146,4
93,146,2
94,146,2
95,146,3
96,146,3
97,146,2
98,146,2
99,146,2
100,146,2
101,146,5
102,146,5
103,146,4
104,146,4
105,146,5
106,146,5
107,146,2
108,146,3
109,146,5
110,146,4
111,146,2
112,146,2
113,146,3
114,146,2
115,146,5
116,146,2
117,146,2
118,146,5
119,146,5
120,146,5
121,146,2
122,146,3
123,146,2
124,146,2
125,146,1
126,146,5
127,146,3
128,146,1
129,146,4
130,146,4
131,146,2
132,146,4
133,146,1
134,146,2
135,146,4
136,146,5
137,146,5
138,146,4
139,146,4
140,146,3
141,146,3
142,146,2
143,146,5
144,146,3
145,146,5
146,146,4
147,146,3
148,146,1
149,146,3
150,146,4
151,146,5
152,146,3
153,146,3
154,146,3
155,146,4
156,146,2
157,146,4
158,146,4
159,146,1
160,146,2
161,146,4
162,146,3
163,146,5
164,146,4
165,146,5
166,146,5
167,146,1
168,146,2
169,146,3
170,146,1
171,146,3
172,146,1
173,146,2
174,146,5
175,146,3
176,146,1
177,146,3
178,146,5
179,146,2
180,146,4
181,146,4
182,146,3
183,146,4
184,146,5
185,146,4
186,146,1
187,146,5
188,146,4
189,146,3
190,146,4
191,146,5
192,146,5
193,146,5
194,146,1
195,146,1
196,146,4
197,146,1
198,146,4
199,146,2
200,146,1
201,146,3
202,146,2
203,146,3
204,146,4
205,146,5
206,146,4
207,146,1
208,146,3
209,146,2
210,146,5
211,146,2
212,146,4
213,146,5
214,146,4
215,146,3
216,146,4
217,146,4
218,146,1
219,146,3
220,146,5
221,146,4
222,146,2
223,146,4
224,146,3
225,146,5
226,146,3
227,146,3
228,146,4
229,146,3
230,146,3
231,146,3
232,146,5
233,146,2
234,146,5
235,146,1
236,146,3
237,146,3
238,146,4
239,146,1
240,146,2
241,146,4
242,146,4
243,146,4
244,146,5
245,146,5
246,146,5
247,146,3
248,146,5
249,146,1
250,146,2
1,147,5
2,147,5
3,147,3
4,147,2
5,147,5
6,147,1
7,147,5
8,147,1
9,147,5
10,147,5
11,147,5
12,147,5
13,147,3
14,147,5
15,147,4
16,147,5
17,147,2
18,147,3
19,147,4
20,147,5
21,147,5
22,147,4
23,147,3
24,147,5
25,147,5
26,147,1
27,147,1
28,147,1
29,147,2
30,147,1
31,147,5
32,147,5
33,147,2
34,147,5
35,147,2
36,147,4
37,147,1
38,147,1
39,147,5
40,147,3
41,147,5
42,147,5
43,147,5
44,147,3
45,147,1
46,147,5
47,147,4
48,147,4
49,147,1
50,147,1
51,147,5
52,147,1
53,147,3
54,147,2
55,147,3
56,147,5
57,147,5
58,147,4
59,147,5
60,147,5
61,147,2
62,147,4
63,147,5
64,147,4
65,147,5
66,147,5
67,147,3
68,147,4
69,147,5
70,147,5
71,147,4
72,147,5
73,147,5
74,147,2
75,147,4
76,147,3
77,147,4
78,147,5
79,147,5
80,147,5
81,147,5
82,147,5
83,147,4
84,147,5
85,147,1
86,147,3
87,147,5
88,147,5
89,147,5
90,147,5
91,147,5
92,147,2
93,147,5
94,147,3
95,147,5
96,147,4
97,147,3
98,147,5
99,147,1
100,147,3
101,147,1
102,147,5
103,147,5
104,147,5
105,147,4
106,147,3
107,147,3
108,147,5
109,147,3
110,147,3
111,147,1
112,147,4
113,147,5
114,147,5
115,147,5
116,147,2
117,147,4
118,147,4
119,147,5
120,147,5
121,147,4
122,147,3
123,147,1
124,147,3
125,147,5
126,147,5
127,147,3
128,147,5
129,147,1
130,147,2
131,147,1
132,147,2
133,147,5
134,147,5
135,147,5
136,147,2
137,147,4
138,147,4
139,147,1
140,147,5
141,147,1
142,147,5
143,147,5
144,147,5
145,147,5
146,147,5
147,147,5
148,147,3
149,147,5
150,147,5
151,147,4
152,147,3
153,147,5
154,147,2
155,147,5
156,147,1
157,147,2
158,147,3
159,147,5
160,147,5
161,147,4
162,147,5
163,147,5
164,147,4
165,147,2
166,147,5
167,147,4
168,147,1
169,147,4
170,147,5
171,147,5
172,147,5
173,147,5
174,147,4
175,147,1
176,147,5
177,147,3
178,147,4
179,147,4
180,147,3
181,147,5
182,147,2
183,147,1
184,147,5
185,147,2
186,147,4
187,147,5
188,147,2
189,147,4
190,147,5
191,147,4
192,147,4
193,147,5
194,147,2
195,147,3
196,147,5
197,147,3
198,147,3
199,147,5
200,147,1
201,147,4
202,147,5
203,147,5
204,147,5
205,147,5
206,147,4
207,147,5
208,147,3
209,147,4
210,147,3
211,147,4
212,147,1
213,147,5
214,147,5
215,147,3
216,147,4
217,147,5
218,147,3
219,147,3
220,147,3
221,147,4
222,147,5
223,147,4
224,147,4
225,147,3
226,147,2
227,147,4
228,147,5
229,147,5
230,147,2
231,147,1
232,147,5
233,147,4
234,147,2
235,147,3
236,147,5
237,147,3
238,147,4
239,147,1
240,147,1
241,147,3
242,147,5
243,147,5
244,147,3
245,147,3
246,147,5
247,147,3
248,147,2
249,147,3
250,147,5
1,148,4
2,148,3
3,148,5
4,148,4
5,148,3
6,148,5
7,148,4
8,148,2
9,148,4
10,148,4
11,148,4
12,148,3
13,148,5
14,148,3
15,148,4
16,148,3
17,148,4
18,148,3
19,148,5
20,148,4
21,148,5
22,148,3
23,148,5
24,148,2
25,148,2
26,148,3
27,148,4
28,148,2
29,148,5
30,148,4
31,148,4
32,148,3
33,148,3
34,148,3
35,148,5
36,148,4
37,148,2
38,148,5
39,148,2
40,148,4
41,148,2
42,148,3
43,148,3
44,148,4
45,148,4
46,148,3
47,148,2
48,148,3
49,148,4
50,148,4
51,148,2
52,148,5
53,148,5
54,148,3
55,148,2
56,148,5
57,148,4
58,148,5
59,148,4
60,148,5
61,148,5
62,148,4
63,148,3
64,148,4
65,148,2
66,148,1
67,148,3
68,148,5
69,148,4
70,148,3
71,148,3
72,148,5
73,148,5
74,148,4
75,148,3
76,148,5
77,148,4
78,148,2
79,148,2
80,148,4
81,148,3
82,148,4
83,148,3
84,148,3
85,148,3
86,148,5
87,148,4
88,148,3
89,148,3
90,148,5
91,148,2
92,148,4
93,148,3
94,148,3
95,148,2
96,148,5
97,148,2
98,148,3
99,148,2
100,148,3
101,148,4
102,148,4
103,148,5
104,148,2
105,148,5
106,148,4
107,148,3
108,148,1
109,148,5
110,148,4
111,148,2
112,148,4
113,148,3
114,148,5
115,148,4
116,148,3
117,148,4
118,148,4
119,148,5
120,148,5
121,148,3
122,148,2
123,148,3
124,148,2
125,148,3
126,148,4
127,148,4
128,148,1
129,148,4
130,148,3
131,148,2
132,148,5
133,148,4
134,148,1
135,148,4
136,148,5
137,148,5
138,148,1
139,148,5
140,148,4
141,148,4
142,148,2
143,148,5
144,148,3
145,148,5
146,148,4
147,148,3
148,148,1
149,148,4
150,148,5
151,148,4
152,148,2
153,148,1
154,148,1
155,148,4
156,148,1
157,148,4
158,148,4
159,148,3
160,148,4
161,148,5
162,148,2
163,148,5
164,148,2
165,148,4
166,148,3
167,148,1
168,148,2
169,148,3
170,148,1
171,148,3
172,148,3
173,148,2
174,148,5
175,148,3
176,148,3
177,148,1
178,148,5
179,148,2
180,148,5
181,148,2
182,148,1
183,148,3
184,148,4
185,148,1
186,148,3
187,148,4
188,148,4
189,148,3
190,148,4
191,148,4
192,148,5
193,148,4
194,148,3
195,148,1
196,148,2
197,148,2
198,148,5
199,148,1
200,148,2
201,148,2
202,148,4
203,148,2
204,148,4
205,148,1
206,148,3
207,148,2
208,148,2
209,148,1
210,148,5
211,148,3
212,148,5
213,148,5
214,148,5
215,148,3
216,148,4
217,148,4
218,148,2
219,148,3
220,148,5
221,148,2
222,148,2
223,148,5
224,148,5
225,148,4
226,148,3
227,148,3
228,148,1
229,148,3
230,148,3
231,148,4
232,148,5
233,148,4
234,148,5
235,148,3
236,148,3
237,148,2
238,148,2
239,148,2
240,148,5
241,148,5
242,148,5
243,148,3
244,148,5
245,148,5
246,148,4
247,148,2
248,148,4
249,148,3
250,148,3
1,149,4
2,149,3
3,149,5
4,149,4
5,149,3
6,149,5
7,149,4
8,149,1
9,149,2
10,149,3
11,149,5
12,149,3
13,149,4
14,149,2
15,149,5
16,149,3
17,149,5
18,149,1
19,149,5
20,149,3
21,149,4
22,149,4
23,149,5
24,149,3
25,149,2
26,149,1
27,149,4
28,149,3
29,149,4
30,149,5
31,149,3
32,149,4
33,149,3
34,149,3
35,149,4
36,149,4
37,149,1
38,149,4
39,149,2
40,149,4
41,149,3
42,149,4
43,149,2
44,149,5
45,149,3
46,149,3
47,149,4
48,149,2
49,149,5
50,149,4
51,149,3
52,149,2
53,149,5
54,149,5
55,149,3
56,149,5
57,149,5
58,149,4
59,149,5
60,149,5
61,149,5
62,149,1
63,149,3
64,149,5
65,149,3
66,149,3
67,149,3
68,149,5
69,149,4
70,149,2
71,149,1
72,149,5
73,149,5
74,149,3
75,149,2
76,149,5
77,149,5
78,149,2
79,149,3
80,149,5
81,149,4
82,149,5
83,149,3
84,149,4
85,149,2
86,149,4
87,149,5
88,149,3
89,149,2
90,149,5
91,149,1
92,149,5
93,149,3
94,149,4
95,149,3
96,149,4
97,149,2
98,149,2
99,149,3
100,149,3
101,149,4
102,149,5
103,149,4
104,149,2
105,149,5
106,149,5
107,149,2
108,149,1
109,149,5
110,149,4
111,149,4
112,149,2
113,149,4
114,149,3
115,149,4
116,149,3
117,149,2
118,149,4
119,149,5
120,149,4
121,149,1
122,149,1
123,149,3
124,149,4
125,149,1
126,149,5
127,149,5
128,149,3
129,149,5
130,149,2
131,149,3
132,149,5
133,149,2
134,149,2
135,149,4
136,149,5
137,149,4
138,149,3
139,149,5
140,149,4
141,149,3
142,149,3
143,149,5
144,149,1
145,149,4
146,149,2
147,149,2
148,149,2
149,149,5
150,149,5
151,149,5
152,149,2
153,149,5
154,149,3
155,149,4
156,149,3
157,149,5
158,149,3
159,149,2
160,149,1
161,149,4
162,149,2
163,149,4
164,149,4
165,149,5
166,149,2
167,149,3
168,149,4
169,149,3
170,149,3
171,149,1
172,149,3
173,149,3
174,149,4
175,149,3
176,149,2
177,149,3
178,149,5
179,149,3
180,149,5
181,149,1
182,149,1
183,149,4
184,149,4
185,149,1
186,149,3
187,149,4
188,149,5
189,149,3
190,149,4
191,149,3
192,149,5
193,149,5
194,149,1
195,149,3
196,149,3
197,149,3
198,149,4
199,149,2
200,149,1
201,149,2
202,149,3
203,149,3
204,149,1
205,149,2
206,149,3
207,149,3
208,149,2
209,149,3
210,149,5
211,149,2
212,149,5
213,149,4
214,149,4
215,149,3
216,149,4
217,149,3
218,149,3
219,149,3
220,149,5
221,149,2
222,149,3
223,149,5
224,149,3
225,149,5
226,149,2
227,149,3
228,149,1
229,149,3
230,149,3
231,149,3
232,149,4
233,149,4
234,149,5
235,149,3
236,149,3
237,149,2
238,149,4
239,149,1
240,149,2
241,149,4
242,149,5
243,149,3
244,149,4
245,149,5
246,149,5
247,149,3
248,149,4
249,149,2
250,149,3
1,150,4
2,150,2
3,150,5
4,150,2
5,150,2
6,150,5
7,150,5
8,150,3
9,150,4
10,150,2
11,150,4
12,150,2
13,150,5
14,150,3
15,150,5
16,150,3
17,150,5
18,150,5
19,150,5
20,150,5
21,150,4
22,150,4
23,150,5
24,150,3
25,150,3
26,150,4
27,150,4
28,150,1
29,150,4
30,150,4
31,150,4
32,150,2
33,150,2
34,150,1
35,150,4
36,150,4
37,150,3
38,150,4
39,150,2
40,150,4
41,150,3
42,150,4
43,150,3
44,150,5
45,150,4
46,150,2
47,150,3
48,150,3
49,150,5
50,150,1
51,150,3
52,150,3
53,150,4
54,150,3
55,150,3
56,150,5
57,150,4
58,150,4
59,150,4
60,150,4
61,150,5
62,150,3
63,150,2
64,150,4
65,150,2
66,150,1
67,150,3
68,150,4
69,150,4
70,150,3
71,150,3
72,150,5
73,150,5
74,150,4
75,150,3
76,150,5
77,150,4
78,150,5
79,150,3
80,150,5
81,150,5
82,150,5
83,150,4
84,150,4
85,150,1
86,150,5
87,150,4
88,150,2
89,150,3
90,150,5
91,150,3
92,150,4
93,150,3
94,150,2
95,150,4
96,150,5
97,150,3
98,150,5
99,150,3
100,150,4
101,150,5
102,150,4
103,150,1
104,150,3
105,150,5
106,150,4
107,150,3
108,150,2
109,150,5
110,150,5
111,150,1
112,150,4
113,150,4
114,150,3
115,150,5
116,150,3
117,150,4
118,150,4
119,150,5
120,150,4
121,150,2
122,150,3
123,150,1
124,150,4
125,150,2
126,150,5
127,150,2
128,150,2
129,150,5
130,150,1
131,150,3
132,150,4
133,150,2
134,150,3
135,150,5
136,150,4
137,150,5
138,150,4
139,150,4
140,150,3
141,150,2
142,150,3
143,150,4
144,150,3
145,150,4
146,150,3
147,150,2
148,150,3
149,150,3
150,150,5
151,150,5
152,150,3
153,150,4
154,150,2
155,150,4
156,150,3
157,150,5
158,150,3
159,150,3
160,150,4
161,150,4
162,150,3
163,150,5
164,150,3
165,150,4
166,150,3
167,150,2
168,150,3
169,150,3
170,150,3
171,150,3
172,150,3
173,150,2
174,150,4
175,150,1
176,150,1
177,150,3
178,150,4
179,150,2
180,150,5
181,150,2
182,150,3
183,150,2
184,150,4
185,150,2
186,150,3
187,150,3
188,150,4
189,150,3
190,150,5
191,150,4
192,150,4
193,150,5
194,150,4
195,150,3
196,150,1
197,150,1
198,150,5
199,150,2
200,150,4
201,150,3
202,150,3
203,150,3
204,150,1
205,150,4
206,150,2
207,150,2
208,150,3
209,150,3
210,150,5
211,150,1
212,150,4
213,150,4
214,150,5
215,150,3
216,150,5
217,150,4
218,150,2
219,150,2
220,150,5
221,150,2
222,150,1
223,150,4
224,150,2
225,150,4
226,150,3
227,150,2
228,150,2
229,150,3
230,150,3
231,150,3
232,150,4
233,150,2
234,150,5
235,150,2
236,150,3
237,150,3
238,150,1
239,150,3
240,150,3
241,150,4
242,150,4
243,150,4
244,150,5
245,150,5
246,150,5
247,150,2
248,150,5
249,150,2
250,150,3
1,151,5
2,151,2
3,151,5
4,151,3
5,151,3
6,151,4
7,151,4
8,151,1
9,151,4
10,151,2
11,151,4
12,151,3
13,151,4
14,151,2
15,151,5
16,151,4
17,151,5
18,151,1
19,151,4
20,151,3
21,151,4
22,151,4
23,151,4
24,151,2
25,151,4
26,151,2
27,151,3
28,151,3
29,151,5
30,151,5
31,151,2
32,151,2
33,151,3
34,151,2
35,151,5
36,151,4
37,151,4
38,151,4
39,151,1
40,151,4
41,151,3
42,151,2
43,151,3
44,151,5
45,151,4
46,151,5
47,151,2
48,151,3
49,151,4
50,151,1
51,151,4
52,151,3
53,151,4
54,151,4
55,151,1
56,151,4
57,151,4
58,151,4
59,151,4
60,151,5
61,151,4
62,151,2
63,151,1
64,151,4
65,151,2
66,151,3
67,151,4
68,151,4
69,151,5
70,151,3
71,151,1
72,151,5
73,151,4
74,151,3
75,151,3
76,151,4
77,151,4
78,151,2
79,151,3
80,151,5
81,151,1
82,151,4
83,151,5
84,151,3
85,151,3
86,151,5
87,151,5
88,151,2
89,151,3
90,151,5
91,151,2
92,151,4
93,151,2
94,151,2
95,151,3
96,151,3
97,151,3
98,151,3
99,151,3
100,151,2
101,151,5
102,151,4
103,151,3
104,151,3
105,151,4
106,151,5
107,151,3
108,151,3
109,151,5
110,151,5
111,151,4
112,151,1
113,151,3
114,151,2
115,151,4
116,151,4
117,151,3
118,151,5
119,151,5
120,151,4
121,151,3
122,151,4
123,151,1
124,151,4
125,151,1
126,151,5
127,151,5
128,151,3
129,151,5
130,151,2
131,151,2
132,151,4
133,151,3
134,151,3
135,151,4
136,151,4
137,151,5
138,151,1
139,151,4
140,151,5
141,151,4
142,151,4
143,151,4
144,151,3
145,151,5
146,151,4
147,151,1
148,151,3
149,151,3
150,151,5
151,151,4
152,151,3
153,151,3
154,151,3
155,151,5
156,151,1
157,151,4
158,151,2
159,151,3
160,151,4
161,151,4
162,151,1
163,151,4
164,151,4
165,151,4
166,151,3
167,151,3
168,151,4
169,151,3
170,151,1
171,151,1
172,151,2
173,151,2
174,151,5
175,151,3
176,151,3
177,151,3
178,151,5
179,151,3
180,151,4
181,151,2
182,151,3
183,151,2
184,151,5
185,151,3
186,151,2
187,151,1
188,151,4
189,151,3
190,151,4
191,151,4
192,151,5
193,151,5
194,151,2
195,151,3
196,151,3
197,151,2
198,151,4
199,151,3
200,151,4
201,151,1
202,151,3
203,151,2
204,151,2
205,151,1
206,151,4
207,151,3
208,151,3
209,151,2
210,151,4
211,151,4
212,151,4
213,151,5
214,151,5
215,151,2
216,151,5
217,151,1
218,151,3
219,151,2
220,151,4
221,151,3
222,151,3
223,151,4
224,151,2
225,151,4
226,151,3
227,151,1
228,151,4
229,151,3
230,151,2
231,151,4
232,151,4
233,151,5
234,151,5
235,151,2
236,151,2
237,151,3
238,151,3
239,151,3
240,151,3
241,151,4
242,151,5
243,151,1
244,151,4
245,151,5
246,151,5
247,151,3
248,151,4
249,151,3
250,151,3
1,152,4
2,152,2
3,152,5
4,152,4
5,152,2
6,152,4
7,152,5
8,152,2
9,152,2
10,152,4
11,152,5
12,152,3
13,152,4
14,152,3
15,152,5
16,152,2
17,152,5
18,152,4
19,152,4
20,152,4
21,152,5
22,152,1
23,152,5
24,152,1
25,152,3
26,152,2
27,152,2
28,152,2
29,152,4
30,152,5
31,152,3
32,152,4
33,152,4
34,152,2
35,152,4
36,152,5
37,152,2
38,152,5
39,152,4
40,152,4
41,152,4
42,152,3
43,152,3
44,152,4
45,152,4
46,152,1
47,152,1
48,152,3
49,152,5
50,152,3
51,152,3
52,152,2
53,152,4
54,152,3
55,152,3
56,152,4
57,152,5
58,152,5
59,152,4
60,152,4
61,152,4
62,152,4
63,152,3
64,152,5
65,152,3
66,152,3
67,152,3
68,152,5
69,152,5
70,152,4
71,152,1
72,152,4
73,152,4
74,152,3
75,152,3
76,152,5
77,152,4
78,152,3
79,152,1
80,152,5
81,152,5
82,152,5
83,152,4
84,152,4
85,152,2
86,152,5
87,152,5
88,152,1
89,152,2
90,152,4
91,152,3
92,152,4
93,152,3
94,152,4
95,152,4
96,152,3
97,152,1
98,152,1
99,152,3
100,152,3
101,152,5
102,152,5
103,152,4
104,152,2
105,152,4
106,152,4
107,152,3
108,152,1
109,152,5
110,152,4
111,152,3
112,152,3
113,152,3
114,152,1
115,152,5
116,152,2
117,152,4
118,152,5
119,152,4
120,152,5
121,152,3
122,152,4
123,152,2
124,152,3
125,152,5
126,152,5
127,152,4
128,152,3
129,152,4
130,152,4
131,152,3
132,152,4
133,152,3
134,152,3
135,152,5
136,152,4
137,152,5
138,152,1
139,152,5
140,152,3
141,152,4
142,152,3
143,152,5
144,152,1
145,152,5
146,152,2
147,152,3
148,152,4
149,152,4
150,152,4
151,152,5
152,152,1
153,152,3
154,152,2
155,152,4
156,152,3
157,152,5
158,152,3
159,152,1
160,152,2
161,152,5
162,152,2
163,152,4
164,152,4
165,152,5
166,152,4
167,152,3
168,152,2
169,152,1
170,152,2
171,152,1
172,152,1
173,152,1
174,152,5
175,152,3
176,152,4
177,152,3
178,152,5
179,152,2
180,152,5
181,152,4
182,152,2
183,152,5
184,152,4
185,152,4
186,152,3
187,152,1
188,152,5
189,152,3
190,152,5
191,152,1
192,152,4
193,152,5
194,152,5
195,152,2
196,152,2
197,152,3
198,152,4
199,152,2
200,152,4
201,152,2
202,152,3
203,152,1
204,152,3
205,152,3
206,152,4
207,152,3
208,152,1
209,152,1
210,152,5
211,152,3
212,152,5
213,152,5
214,152,5
215,152,3
216,152,5
217,152,3
218,152,3
219,152,2
220,152,4
221,152,2
222,152,3
223,152,5
224,152,4
225,152,4
226,152,1
227,152,3
228,152,1
229,152,3
230,152,3
231,152,2
232,152,4
233,152,2
234,152,5
235,152,3
236,152,2
237,152,3
238,152,1
239,152,3
240,152,2
241,152,4
242,152,4
243,152,3
244,152,5
245,152,4
246,152,4
247,152,3
248,152,5
249,152,3
250,152,1
1,153,2
2,153,2
3,153,3
4,153,5
5,153,5
6,153,1
7,153,3
8,153,4
9,153,5
10,153,5
11,153,3
12,153,1
13,153,1
14,153,1
15,153,3
16,153,5
17,153,1
18,153,5
19,153,1
20,153,5
21,153,2
22,153,5
23,153,2
24,153,5
25,153,5
26,153,5
27,153,5
28,153,5
29,153,2
30,153,2
31,153,4
32,153,5
33,153,5
34,153,1
35,153,1
36,153,3
37,153,5
38,153,3
39,153,5
40,153,3
41,153,4
42,153,4
43,153,2
44,153,3
45,153,4
46,153,5
47,153,5
48,153,2
49,153,2
50,153,4
51,153,5
52,153,5
53,153,1
54,153,5
55,153,1
56,153,1
57,153,3
58,153,2
59,153,3
60,153,1
61,153,2
62,153,4
63,153,5
64,153,1
65,153,2
66,153,1
67,153,5
68,153,2
69,153,3
70,153,4
71,153,1
72,153,2
73,153,1
74,153,5
75,153,1
76,153,3
77,153,2
78,153,5
79,153,2
80,153,1
81,153,4
82,153,2
83,153,5
84,153,5
85,153,2
86,153,3
87,153,3
88,153,1
89,153,1
90,153,1
91,153,1
92,153,3
93,153,1
94,153,5
95,153,5
96,153,5
97,153,2
98,153,4
99,153,1
100,153,4
101,153,2
102,153,3
103,153,5
104,153,4
105,153,2
106,153,2
107,153,1
108,153,1
109,153,3
110,153,3
111,153,4
112,153,5
113,153,4
114,153,5
115,153,3
116,153,4
117,153,5
118,153,2
119,153,2
120,153,1
121,153,2
122,153,4
123,153,1
124,153,4
125,153,5
126,153,3
127,153,5
128,153,1
129,153,3
130,153,5
131,153,2
132,153,2
133,153,5
134,153,1
135,153,2
136,153,2
137,153,2
138,153,5
139,153,3
140,153,4
141,153,4
142,153,4
143,153,3
144,153,1
145,153,1
146,153,5
147,153,1
148,153,4
149,153,5
150,153,1
151,153,3
152,153,1
153,153,5
154,153,2
155,153,2
156,153,2
157,153,2
158,153,5
159,153,5
160,153,5
161,153,2
162,153,2
163,153,3
164,153,4
165,153,1
166,153,5
167,153,1
168,153,4
169,153,1
170,153,1
171,153,1
172,153,5
173,153,1
174,153,3
175,153,1
176,153,5
177,153,1
178,153,2
179,153,1
180,153,3
181,153,4
182,153,1
183,153,5
184,153,3
185,153,4
186,153,2
187,153,4
188,153,3
189,153,1
190,153,3
191,153,5
192,153,1
193,153,1
194,153,4
195,153,1
196,153,4
197,153,2
198,153,2
199,153,1
200,153,4
201,153,1
202,153,4
203,153,2
204,153,5
205,153,4
206,153,5
207,153,1
208,153,1
209,153,2
210,153,3
211,153,5
212,153,1
213,153,2
214,153,3
215,153,1
216,153,3
217,153,5
218,153,1
219,153,1
220,153,3
221,153,5
222,153,1
223,153,3
224,153,4
225,153,3
226,153,2
227,153,2
228,153,4
229,153,1
230,153,2
231,153,5
232,153,2
233,153,4
234,153,2
235,153,1
236,153,1
237,153,1
238,153,5
239,153,1
240,153,5
241,153,2
242,153,3
243,153,5
244,153,3
245,153,2
246,153,3
247,153,2
248,153,2
249,153,1
250,153,2
1,154,4
2,154,2
3,154,5
4,154,4
5,154,4
6,154,5
7,154,4
8,154,2
9,154,3
10,154,4
11,154,5
12,154,3
13,154,4
14,154,2
15,154,5
16,154,2
17,154,4
18,154,1
19,154,5
20,154,3
21,154,5
22,154,4
23,154,5
24,154,3
25,154,3
26,154,4
27,154,3
28,154,4
29,154,4
30,154,5
31,154,4
32,154,2
33,154,4
34,154,3
35,154,5
36,154,5
37,154,1
38,154,4
39,154,3
40,154,4
41,154,3
42,154,4
43,154,2
44,154,4
45,154,2
46,154,3
47,154,4
48,154,3
49,154,4
50,154,2
51,154,2
52,154,5
53,154,4
54,154,2
55,154,3
56,154,5
57,154,5
58,154,5
59,154,5
60,154,5
61,154,5
62,154,1
63,154,4
64,154,5
65,154,3
66,154,2
67,154,4
68,154,5
69,154,4
70,154,5
71,154,3
72,154,5
73,154,5
74,154,4
75,154,2
76,154,5
77,154,5
78,154,5
79,154,2
80,154,5
81,154,4
82,154,5
83,154,2
84,154,3
85,154,3
86,154,5
87,154,5
88,154,3
89,154,3
90,154,4
91,154,2
92,154,4
93,154,3
94,154,3
95,154,4
96,154,1
97,154,2
98,154,2
99,154,1
100,154,1
101,154,5
102,154,5
103,154,4
104,154,2
105,154,5
106,154,4
107,154,2
108,154,1
109,154,5
110,154,4
111,154,3
112,154,4
113,154,4
114,154,4
115,154,4
116,154,4
117,154,4
118,154,4
119,154,5
120,154,4
121,154,3
122,154,3
123,154,3
124,154,2
125,154,3
126,154,5
127,154,3
128,154,3
129,154,4
130,154,1
131,154,3
132,154,4
133,154,1
134,154,3
135,154,4
136,154,5
137,154,5
138,154,3
139,154,5
140,154,2
141,154,4
142,154,2
143,154,4
144,154,3
145,154,5
146,154,3
147,154,3
148,154,1
149,154,2
150,154,5
151,154,4
152,154,3
153,154,3
154,154,2
155,154,4
156,154,2
157,154,5
158,154,2
159,154,1
160,154,1
161,154,5
162,154,3
163,154,5
164,154,4
165,154,4
166,154,2
167,154,3
168,154,4
169,154,2
170,154,3
171,154,3
172,154,1
173,154,3
174,154,5
175,154,3
176,154,2
177,154,3
178,154,5
179,154,3
180,154,5
181,154,3
182,154,3
183,154,1
184,154,5
185,154,4
186,154,2
187,154,2
188,154,5
189,154,2
190,154,5
191,154,4
192,154,4
193,154,4
194,154,1
195,154,2
196,154,4
197,154,1
198,154,5
199,154,2
200,154,1
201,154,2
202,154,3
203,154,3
204,154,1
205,154,3
206,154,3
207,154,2
208,154,3
209,154,2
210,154,5
211,154,4
212,154,4
213,154,5
214,154,5
215,154,2
216,154,4
217,154,1
218,154,2
219,154,2
220,154,5
221,154,2
222,154,2
223,154,4
224,154,3
225,154,4
226,154,3
227,154,3
228,154,1
229,154,3
230,154,2
231,154,4
232,154,4
233,154,3
234,154,5
235,154,3
236,154,2
237,154,2
238,154,1
239,154,3
240,154,3
241,154,4
242,154,4
243,154,1
244,154,5
245,154,5
246,154,5
247,154,3
248,154,4
249,154,3
250,154,2
1,155,4
2,155,1
3,155,5
4,155,4
5,155,4
6,155,5
7,155,5
8,155,4
9,155,3
10,155,2
11,155,5
12,155,3
13,155,4
14,155,3
15,155,5
16,155,4
17,155,5
18,155,3
19,155,5
20,155,4
21,155,4
22,155,4
23,155,5
24,155,1
25,155,2
26,155,4
27,155,4
28,155,4
29,155,4
30,155,4
31,155,3
32,155,2
33,155,3
34,155,3
35,155,5
36,155,4
37,155,2
38,155,4
39,155,3
40,155,4
41,155,4
42,155,2
43,155,2
44,155,5
45,155,4
46,155,4
47,155,3
48,155,1
49,155,4
50,155,4
51,155,2
52,155,4
53,155,5
54,155,2
55,155,2
56,155,4
57,155,5
58,155,5
59,155,5
60,155,5
61,155,4
62,155,2
63,155,2
64,155,5
65,155,1
66,155,3
67,155,3
68,155,4
69,155,5
70,155,3
71,155,1
72,155,4
73,155,4
74,155,4
75,155,2
76,155,4
77,155,5
78,155,4
79,155,3
80,155,4
81,155,2
82,155,5
83,155,1
84,155,2
85,155,3
86,155,5
87,155,4
88,155,3
89,155,2
90,155,5
91,155,3
92,155,5
93,155,1
94,155,5
95,155,4
96,155,1
97,155,1
98,155,3
99,155,2
100,155,4
101,155,4
102,155,5
103,155,2
104,155,4
105,155,5
106,155,5
107,155,3
108,155,3
109,155,5
110,155,5
111,155,3
112,155,2
113,155,4
114,155,3
115,155,5
116,155,4
117,155,3
118,155,5
119,155,5
120,155,5
121,155,3
122,155,2
123,155,3
124,155,3
125,155,3
126,155,5
127,155,4
128,155,3
129,155,4
130,155,3
131,155,3
132,155,5
133,155,2
134,155,1
135,155,5
136,155,5
137,155,5
138,155,4
139,155,5
140,155,2
141,155,3
142,155,5
143,155,5
144,155,3
145,155,5
146,155,4
147,155,3
148,155,1
149,155,1
150,155,4
151,155,4
152,155,3
153,155,2
154,155,3
155,155,5
156,155,3
157,155,5
158,155,2
159,155,4
160,155,1
161,155,5
162,155,3
163,155,4
164,155,2
165,155,5
166,155,5
167,155,3
168,155,2
169,155,3
170,155,2
171,155,3
172,155,4
173,155,3
174,155,5
175,155,3
176,155,1
177,155,2
178,155,4
179,155,2
180,155,5
181,155,3
182,155,2
183,155,2
184,155,4
185,155,4
186,155,1
187,155,3
188,155,5
189,155,1
190,155,5
191,155,4
192,155,5
193,155,5
194,155,3
195,155,3
196,155,2
197,155,1
198,155,4
199,155,3
200,155,4
201,155,2
202,155,3
203,155,2
204,155,3
205,155,2
206,155,4
207,155,2
208,155,3
209,155,3
210,155,5
211,155,4
212,155,4
213,155,4
214,155,5
215,155,3
216,155,4
217,155,2
218,155,1
219,155,2
220,155,5
221,155,2
222,155,3
223,155,5
224,155,3
225,155,4
226,155,1
227,155,1
228,155,4
229,155,3
230,155,2
231,155,4
232,155,5
233,155,3
234,155,4
235,155,3
236,155,2
237,155,3
238,155,4
239,155,3
240,155,2
241,155,5
242,155,4
243,155,4
244,155,4
245,155,5
246,155,5
247,155,3
248,155,5
249,155,2
250,155,3
1,156,5
2,156,3
3,156,5
4,156,2
5,156,3
6,156,4
7,156,5
8,156,5
9,156,4
10,156,3
11,156,5
12,156,3
13,156,5
14,156,3
15,156,5
16,156,3
17,156,4
18,156,2
19,156,4
20,156,2
21,156,5
22,156,2
23,156,5
24,156,2
25,156,5
26,156,4
27,156,3
28,156,2
29,156,4
30,156,4
31,156,2
32,156,4
33,156,4
34,156,3
35,156,4
36,156,4
37,156,3
38,156,5
39,156,3
40,156,5
41,156,3
42,156,1
43,156,3
44,156,5
45,156,3
46,156,4
47,156,3
48,156,2
49,156,4
50,156,3
51,156,3
52,156,3
53,156,5
54,156,4
55,156,3
56,156,4
57,156,4
58,156,5
59,156,5
60,156,5
61,156,4
62,156,3
63,156,4
64,156,5
65,156,3
66,156,1
67,156,4
68,156,5
69,156,5
70,156,2
71,156,2
72,156,4
73,156,4
74,156,4
75,156,3
76,156,4
77,156,4
78,156,5
79,156,3
80,156,4
81,156,4
82,156,4
83,156,3
84,156,4
85,156,3
86,156,5
87,156,4
88,156,3
89,156,3
90,156,5
91,156,3
92,156,4
93,156,3
94,156,5
95,156,3
96,156,3
97,156,1
98,156,4
99,156,2
100,156,3
101,156,5
102,156,4
103,156,2
104,156,4
105,156,5
106,156,5
107,156,3
108,156,3
109,156,5
110,156,5
111,156,4
112,156,5
113,156,4
114,156,4
115,156,5
116,156,1
117,156,3
118,156,4
119,156,4
120,156,5
121,156,3
122,156,3
123,156,1
124,156,4
125,156,3
126,156,5
127,156,3
128,156,2
129,156,4
130,156,3
131,156,3
132,156,5
133,156,4
134,156,3
135,156,4
136,156,4
137,156,5
138,156,2
139,156,4
140,156,3
141,156,3
142,156,3
143,156,5
144,156,1
145,156,4
146,156,3
147,156,2
148,156,4
149,156,3
150,156,5
151,156,4
152,156,3
153,156,3
154,156,3
155,156,4
156,156,3
157,156,4
158,156,1
159,156,1
160,156,3
161,156,5
162,156,3
163,156,4
164,156,5
165,156,4
166,156,2
167,156,2
168,156,1
169,156,3
170,156,2
171,156,2
172,156,4
173,156,2
174,156,4
175,156,3
176,156,4
177,156,3
178,156,5
179,156,3
180,156,5
181,156,1
182,156,3
183,156,1
184,156,4
185,156,3
186,156,2
187,156,3
188,156,4
189,156,2
190,156,5
191,156,4
192,156,5
193,156,5
194,156,4
195,156,2
196,156,4
197,156,3
198,156,5
199,156,3
200,156,3
201,156,3
202,156,3
203,156,3
204,156,2
205,156,3
206,156,5
207,156,3
208,156,2
209,156,3
210,156,4
211,156,4
212,156,5
213,156,5
214,156,4
215,156,2
216,156,4
217,156,1
218,156,2
219,156,2
220,156,5
221,156,4
222,156,2
223,156,4
224,156,3
225,156,4
226,156,1
227,156,3
228,156,4
229,156,3
230,156,3
231,156,4
232,156,4
233,156,1
234,156,4
235,156,2
236,156,2
237,156,3
238,156,4
239,156,3
240,156,3
241,156,5
242,156,5
243,156,2
244,156,5
245,156,4
246,156,5
247,156,1
248,156,5
249,156,2
250,156,2
1,157,5
2,157,3
3,157,4
4,157,2
5,157,3
6,157,4
7,157,5
8,157,4
9,157,2
10,157,3
11,157,4
12,157,2
13,157,4
14,157,3
15,157,4
16,157,3
17,157,5
18,157,3
19,157,4
20,157,3
21,157,5
22,157,2
23,157,4
24,157,4
25,157,3
26,157,2
27,157,2
28,157,3
29,157,4
30,157,4
31,157,3
32,157,4
33,157,3
34,157,2
35,157,4
36,157,4
37,157,4
38,157,4
39,157,2
40,157,4
41,157,2
42,157,4
43,157,3
44,157,4
45,157,2
46,157,4
47,157,1
48,157,3
49,157,5
50,157,4
51,157,3
52,157,2
53,157,5
54,157,4
55,157,3
56,157,5
57,157,5
58,157,4
59,157,5
60,157,5
61,157,4
62,157,4
63,157,4
64,157,5
65,157,2
66,157,1
67,157,4
68,157,5
69,157,5
70,157,3
71,157,3
72,157,4
73,157,5
74,157,2
75,157,2
76,157,5
77,157,4
78,157,3
79,157,3
80,157,4
81,157,3
82,157,4
83,157,3
84,157,2
85,157,3
86,157,4
87,157,5
88,157,2
89,157,2
90,157,5
91,157,1
92,157,5
93,157,2
94,157,4
95,157,3
96,157,4
97,157,2
98,157,4
99,157,3
100,157,2
101,157,4
102,157,4
103,157,4
104,157,5
105,157,4
106,157,5
107,157,1
108,157,3
109,157,5
110,157,5
111,157,1
112,157,4
113,157,3
114,157,2
115,157,5
116,157,3
117,157,2
118,157,4
119,157,4
120,157,5
121,157,3
122,157,5
123,157,1
124,157,5
125,157,2
126,157,4
127,157,4
128,157,3
129,157,5
130,157,5
131,157,2
132,157,5
133,157,4
134,157,3
135,157,4
136,157,4
137,157,5
138,157,3
139,157,5
140,157,5
141,157,3
142,157,1
143,157,4
144,157,3
145,157,5
146,157,2
147,157,3
148,157,3
149,157,1
150,157,4
151,157,5
152,157,2
153,157,4
154,157,2
155,157,5
156,157,3
157,157,4
158,157,4
159,157,4
160,157,3
161,157,5
162,157,1
163,157,5
164,157,1
165,157,4
166,157,4
167,157,2
168,157,3
169,157,2
170,157,1
171,157,1
172,157,2
173,157,2
174,157,5
175,157,3
176,157,3
177,157,3
178,157,5
179,157,3
180,157,5
181,157,3
182,157,3
183,157,4
184,157,5
185,157,2
186,157,3
187,157,1
188,157,4
189,157,3
190,157,4
191,157,5
192,157,5
193,157,4
194,157,2
195,157,3
196,157,2
197,157,2
198,157,5
199,157,2
200,157,4
201,157,3
202,157,2
203,157,1
204,157,3
205,157,2
206,157,5
207,157,1
208,157,1
209,157,3
210,157,5
211,157,2
212,157,5
213,157,5
214,157,5
215,157,2
216,157,5
217,157,4
218,157,3
219,157,3
220,157,4
221,157,1
222,157,3
223,157,4
224,157,3
225,157,4
226,157,2
227,157,3
228,157,2
229,157,2
230,157,3
231,157,3
232,157,5
233,157,4
234,157,4
235,157,2
236,157,1
237,157,2
238,157,4
239,157,2
240,157,1
241,157,5
242,157,5
243,157,1
244,157,5
245,157,4
246,157,4
247,157,2
248,157,5
249,157,3
250,157,2
1,158,4
2,158,4
3,158,4
4,158,1
5,158,1
6,158,1
7,158,2
8,158,1
9,158,5
10,158,2
11,158,3
12,158,2
13,158,4
14,158,5
15,158,3
16,158,1
17,158,5
18,158,5
19,158,2
20,158,3
21,158,5
22,158,4
23,158,1
24,158,4
25,158,2
26,158,1
27,158,3
28,158,3
29,158,5
30,158,3
31,158,2
32,158,1
33,158,3
34,158,4
35,158,1
36,158,1
37,158,3
38,158,4
39,158,5
40,158,4
41,158,4
42,158,1
43,158,3
44,158,5
45,158,2
46,158,5
47,158,5
48,158,5
49,158,3
50,158,5
51,158,5
52,158,1
53,158,3
54,158,5
55,158,1
56,158,2
57,158,3
58,158,1
59,158,1
60,158,5
61,158,3
62,158,5
63,158,5
64,158,1
65,158,1
66,158,1
67,158,3
68,158,5
69,158,3
70,158,3
71,158,2
72,158,1
73,158,1
74,158,2
75,158,5
76,158,5
77,158,5
78,158,1
79,158,5
80,158,1
81,158,4
82,158,1
83,158,5
84,158,4
85,158,3
86,158,1
87,158,5
88,158,4
89,158,5
90,158,5
91,158,2
92,158,1
93,158,1
94,158,1
95,158,5
96,158,3
97,158,5
98,158,5
99,158,4
100,158,1
101,158,1
102,158,4
103,158,5
104,158,1
105,158,4
106,158,3
107,158,5
108,158,2
109,158,3
110,158,4
111,158,1
112,158,5
113,158,2
114,158,2
115,158,4
116,158,5
117,158,3
118,158,3
119,158,2
120,158,3
121,158,4
122,158,5
123,158,3
124,158,1
125,158,2
126,158,1
127,158,5
128,158,1
129,158,2
130,158,1
131,158,5
132,158,3
133,158,5
134,158,2
135,158,3
136,158,4
137,158,4
138,158,4
139,158,4
140,158,1
141,158,3
142,158,2
143,158,1
144,158,1
145,158,5
146,158,5
147,158,2
148,158,1
149,158,1
150,158,1
151,158,1
152,158,2
153,158,3
154,158,2
155,158,2
156,158,5
157,158,5
158,158,5
159,158,5
160,158,2
161,158,4
162,158,5
163,158,1
164,158,5
165,158,1
166,158,5
167,158,4
168,158,2
169,158,5
170,158,3
171,158,5
172,158,3
173,158,4
174,158,5
175,158,5
176,158,1
177,158,1
178,158,5
179,158,1
180,158,4
181,158,3
182,158,5
183,158,5
184,158,3
185,158,1
186,158,5
187,158,3
188,158,3
189,158,3
190,158,2
191,158,4
192,158,3
193,158,4
194,158,1
195,158,5
196,158,4
197,158,5
198,158,2
199,158,4
200,158,3
201,158,4
202,158,3
203,158,2
204,158,1
205,158,5
206,158,4
207,158,3
208,158,1
209,158,5
210,158,4
211,158,1
212,158,5
213,158,3
214,158,2
215,158,1
216,158,1
217,158,5
218,158,4
219,158,1
220,158,4
221,158,3
222,158,2
223,158,1
224,158,3
225,158,3
226,158,1
227,158,2
228,158,1
229,158,4
230,158,2
231,158,1
232,158,1
233,158,1
234,158,4
235,158,1
236,158,1
237,158,3
238,158,3
239,158,5
240,158,1
241,158,5
242,158,4
243,158,3
244,158,1
245,158,1
246,158,3
247,158,1
248,158,1
249,158,4
250,158,4
1,159,5
2,159,4
3,159,1
4,159,5
5,159,1
6,159,4
7,159,3
8,159,4
9,159,5
10,159,3
11,159,5
12,159,1
13,159,4
14,159,4
15,159,1
16,159,1
17,159,1
18,159,3
19,159,2
20,159,4
21,159,4
22,159,5
23,159,5
24,159,2
25,159,2
26,159,4
27,159,1
28,159,5
29,159,5
30,159,3
31,159,2
32,159,2
33,159,1
34,159,3
35,159,4
36,159,1
37,159,1
38,159,4
39,159,3
40,159,5
41,159,4
42,159,4
43,159,1
44,159,4
45,159,3
46,159,5
47,159,4
48,159,4
49,159,1
50,159,2
51,159,4
52,159,4
53,159,2
54,159,2
55,159,1
56,159,1
57,159,1
58,159,1
59,159,2
60,159,5
61,159,1
62,159,3
63,159,3
64,159,1
65,159,1
66,159,1
67,159,2
68,159,4
69,159,2
70,159,3
71,159,3
72,159,4
73,159,1
74,159,3
75,159,4
76,159,5
77,159,1
78,159,3
79,159,4
80,159,1
81,159,3
82,159,4
83,159,1
84,159,5
85,159,1
86,159,3
87,159,2
88,159,4
89,159,5
90,159,3
91,159,1
92,159,5
93,159,1
94,159,1
95,159,2
96,159,1
97,159,2
98,159,1
99,159,3
100,159,1
101,159,5
102,159,4
103,159,3
104,159,1
105,159,2
106,159,1
107,159,2
108,159,1
109,159,3
110,159,5
111,159,1
112,159,5
113,159,4
114,159,3
115,159,3
116,159,4
117,159,5
118,159,1
119,159,1
120,159,5
121,159,4
122,159,2
123,159,5
124,159,3
125,159,3
126,159,4
127,159,5
128,159,3
129,159,1
130,159,2
131,159,2
132,159,5
133,159,1
134,159,5
135,159,3
136,159,1
137,159,2
138,159,4
139,159,1
140,159,5
141,159,5
142,159,3
143,159,1
144,159,2
145,159,3
146,159,1
147,159,4
148,159,5
149,159,1
150,159,2
151,159,5
152,159,1
153,159,1
154,159,5
155,159,5
156,159,1
157,159,2
158,159,5
159,159,1
160,159,2
161,159,5
162,159,3
163,159,3
164,159,3
165,159,2
166,159,5
167,159,3
168,159,3
169,159,3
170,159,4
171,159,4
172,159,2
173,159,3
174,159,1
175,159,1
176,159,5
177,159,3
178,159,2
179,159,3
180,159,2
181,159,1
182,159,1
183,159,5
184,159,1
185,159,2
186,159,5
187,159,1
188,159,5
189,159,1
190,159,5
191,159,2
192,159,5
193,159,4
194,159,3
195,159,5
196,159,4
197,159,3
198,159,5
199,159,1
200,159,4
201,159,4
202,159,1
203,159,3
204,159,2
205,159,3
206,159,4
207,159,5
208,159,5
209,159,1
210,159,1
211,159,3
212,159,1
213,159,1
214,159,1
215,159,1
216,159,3
217,159,1
218,159,1
219,159,1
220,159,1
221,159,2
222,159,4
223,159,5
224,159,4
225,159,5
226,159,1
227,159,2
228,159,3
229,159,5
230,159,1
231,159,1
232,159,4
233,159,5
234,159,4
235,159,1
236,159,5
237,159,4
238,159,2
239,159,4
240,159,3
241,159,2
242,159,4
243,159,1
244,159,2
245,159,3
246,159,1
247,159,5
248,159,4
249,159,3
250,159,5
1,160,5
2,160,5
3,160,4
4,160,2
5,160,1
6,160,2
7,160,1
8,160,5
9,160,3
10,160,5
11,160,2
12,160,1
13,160,4
14,160,4
15,160,5
16,160,1
17,160,1
18,160,4
19,160,5
20,160,5
21,160,5
22,160,5
23,160,5
24,160,1
25,160,3
26,160,4
27,160,1
28,160,2
29,160,2
30,160,4
31,160,5
32,160,4
33,160,1
34,160,5
35,160,1
36,160,4
37,160,5
38,160,2
39,160,3
40,160,3
41,160,5
42,160,5
43,160,5
44,160,1
45,160,1
46,160,2
47,160,2
48,160,3
49,160,4
50,160,5
51,160,3
52,160,1
53,160,2
54,160,2
55,160,5
56,160,1
57,160,1
58,160,5
59,160,1
60,160,5
61,160,1
62,160,3
63,160,5
64,160,1
65,160,1
66,160,1
67,160,2
68,160,4
69,160,3
70,160,5
71,160,1
72,160,1
73,160,4
74,160,3
75,160,2
76,160,2
77,160,1
78,160,1
79,160,5
80,160,4
81,160,4
82,160,5
83,160,4
84,160,1
85,160,4
86,160,1
87,160,3
88,160,2
89,160,1
90,160,5
91,160,2
92,160,3
93,160,1
94,160,3
95,160,1
96,160,4
97,160,5
98,160,5
99,160,4
100,160,5
101,160,3
102,160,5
103,160,4
104,160,1
105,160,5
106,160,1
107,160,5
108,160,1
109,160,4
110,160,4
111,160,5
112,160,3
113,160,1
114,160,5
115,160,3
116,160,3
117,160,3
118,160,5
119,160,5
120,160,1
121,160,1
122,160,1
123,160,2
124,160,2
125,160,3
126,160,3
127,160,1
128,160,1
129,160,3
130,160,1
131,160,1
132,160,5
133,160,1
134,160,1
135,160,2
136,160,3
137,160,1
138,160,1
139,160,5
140,160,3
141,160,4
142,160,3
143,160,3
144,160,4
145,160,1
146,160,3
147,160,5
148,160,5
149,160,5
150,160,1
151,160,1
152,160,1
153,160,3
154,160,5
155,160,5
156,160,1
157,160,4
158,160,2
159,160,5
160,160,5
161,160,5
162,160,4
163,160,2
164,160,4
165,160,1
166,160,2
167,160,3
168,160,2
169,160,5
170,160,3
171,160,1
172,160,5
173,160,5
174,160,1
175,160,5
176,160,1
177,160,1
178,160,4
179,160,5
180,160,3
181,160,1
182,160,3
183,160,4
184,160,2
185,160,1
186,160,1
187,160,3
188,160,4
189,160,4
190,160,3
191,160,5
192,160,1
193,160,5
194,160,2
195,160,1
196,160,4
197,160,3
198,160,2
199,160,3
200,160,4
201,160,5
202,160,4
203,160,5
204,160,1
205,160,4
206,160,3
207,160,1
208,160,3
209,160,4
210,160,2
211,160,1
212,160,1
213,160,2
214,160,4
215,160,3
216,160,1
217,160,2
218,160,1
219,160,5
220,160,1
221,160,4
222,160,1
223,160,1
224,160,5
225,160,1
226,160,3
227,160,4
228,160,3
229,160,2
230,160,3
231,160,1
232,160,5
233,160,5
234,160,5
235,160,5
236,160,4
237,160,1
238,160,4
239,160,5
240,160,1
241,160,5
242,160,3
243,160,4
244,160,3
245,160,5
246,160,4
247,160,2
248,160,3
249,160,1
250,160,1
1,161,2
2,161,5
3,161,5
4,161,1
5,161,5
6,161,3
7,161,1
8,161,3
9,161,3
10,161,1
11,161,1
12,161,1
13,161,1
14,161,3
15,161,1
16,161,5
17,161,4
18,161,2
19,161,3
20,161,1
21,161,3
22,161,4
23,161,3
24,161,1
25,161,5
26,161,4
27,161,3
28,161,5
29,161,3
30,161,1
31,161,1
32,161,5
33,161,3
34,161,5
35,161,2
36,161,3
37,161,1
38,161,1
39,161,1
40,161,1
41,161,2
42,161,5
43,161,5
44,161,3
45,161,2
46,161,5
47,161,5
48,161,1
49,161,5
50,161,4
51,161,2
52,161,3
53,161,3
54,161,1
55,161,4
56,161,4
57,161,1
58,161,2
59,161,1
60,161,2
61,161,2
62,161,1
63,161,1
64,161,2
65,161,1
66,161,4
67,161,2
68,161,3
69,161,3
70,161,1
71,161,3
72,161,4
73,161,3
74,161,3
75,161,3
76,161,1
77,161,2
78,161,5
79,161,1
80,161,5
81,161,2
82,161,1
83,161,4
84,161,1
85,161,2
86,161,3
87,161,2
88,161,5
89,161,4
90,161,1
91,161,1
92,161,5
93,161,1
94,161,1
95,161,1
96,161,4
97,161,1
98,161,1
99,161,1
100,161,3
101,161,5
102,161,1
103,161,2
104,161,2
105,161,1
106,161,3
107,161,5
108,161,2
109,161,2
110,161,1
111,161,5
112,161,3
113,161,1
114,161,5
115,161,1
116,161,5
117,161,1
118,161,1
119,161,2
120,161,4
121,161,4
122,161,1
123,161,5
124,161,2
125,161,3
126,161,3
127,161,5
128,161,2
129,161,1
130,161,3
131,161,2
132,161,2
133,161,3
134,161,3
135,161,3
136,161,2
137,161,2
138,161,5
139,161,2
140,161,4
141,161,5
142,161,2
143,161,5
144,161,1
145,161,5
146,161,3
147,161,3
148,161,4
149,161,3
150,161,4
151,161,1
152,161,1
153,161,1
154,161,5
155,161,1
156,161,5
157,161,4
158,161,3
159,161,5
160,161,1
161,161,3
162,161,3
163,161,1
164,161,1
165,161,1
166,161,4
167,161,5
168,161,2
169,161,5
170,161,1
171,161,5
172,161,1
173,161,1
174,161,1
175,161,5
176,161,3
177,161,1
178,161,2
179,161,5
180,161,3
181,161,5
182,161,4
183,161,3
184,161,3
185,161,4
186,161,1
187,161,3
188,161,1
189,161,2
190,161,1
191,161,5
192,161,1
193,161,4
194,161,1
195,161,4
196,161,2
197,161,1
198,161,3
199,161,1
200,161,1
201,161,5
202,161,2
203,161,3
204,161,1
205,161,5
206,161,5
207,161,3
208,161,2
209,161,4
210,161,3
211,161,4
212,161,5
213,161,5
214,161,1
215,161,5
216,161,3
217,161,5
218,161,1
219,161,4
220,161,1
221,161,1
222,161,3
223,161,3
224,161,3
225,161,3
226,161,3
227,161,1
228,161,3
229,161,3
230,161,2
231,161,5
232,161,2
233,161,5
234,161,4
235,161,5
236,161,2
237,161,3
238,161,1
239,161,3
240,161,5
241,161,1
242,161,1
243,161,5
244,161,2
245,161,4
246,161,3
247,161,5
248,161,2
249,161,2
250,161,1
1,162,5
2,162,4
3,162,5
4,162,5
5,162,2
6,162,2
7,162,4
8,162,1
9,162,3
10,162,1
11,162,4
12,162,4
13,162,1
14,162,3
15,162,3
16,162,5
17,162,4
18,162,5
19,162,1
20,162,3
21,162,1
22,162,4
23,162,1
24,162,3
25,162,3
26,162,5
27,162,2
28,162,2
29,162,3
30,162,4
31,162,2
32,162,5
33,162,2
34,162,3
35,162,3
36,162,3
37,162,3
38,162,5
39,162,3
40,162,5
41,162,4
42,162,5
43,162,1
44,162,3
45,162,3
46,162,2
47,162,4
48,162,2
49,162,5
50,162,4
51,162,5
52,162,5
53,162,4
54,162,1
55,162,3
56,162,4
57,162,1
58,162,5
59,162,1
60,162,2
61,162,1
62,162,3
63,162,4
64,162,1
65,162,3
66,162,5
67,162,2
68,162,1
69,162,1
70,162,1
71,162,5
72,162,3
73,162,5
74,162,1
75,162,1
76,162,3
77,162,5
78,162,1
79,162,5
80,162,4
81,162,5
82,162,5
83,162,5
84,162,1
85,162,1
86,162,5
87,162,5
88,162,3
89,162,4
90,162,3
91,162,5
92,162,4
93,162,3
94,162,1
95,162,5
96,162,1
97,162,3
98,162,3
99,162,3
100,162,1
101,162,3
102,162,5
103,162,5
104,162,3
105,162,3
106,162,4
107,162,4
108,162,5
109,162,3
110,162,3
111,162,3
112,162,1
113,162,5
114,162,2
115,162,1
116,162,3
117,162,4
118,162,4
119,162,2
120,162,1
121,162,5
122,162,4
123,162,4
124,162,4
125,162,4
126,162,4
127,162,3
128,162,5
129,162,1
130,162,5
131,162,4
132,162,5
133,162,5
134,162,4
135,162,2
136,162,1
137,162,3
138,162,5
139,162,2
140,162,5
141,162,3
142,162,1
143,162,3
144,162,1
145,162,3
146,162,5
147,162,1
148,162,1
149,162,5
150,162,3
151,162,1
152,162,1
153,162,5
154,162,2
155,162,5
156,162,5
157,162,5
158,162,5
159,162,5
160,162,1
161,162,4
162,162,1
163,162,5
164,162,2
165,162,4
166,162,1
167,162,3
168,162,3
169,162,4
170,162,3
171,162,2
172,162,1
173,162,5
174,162,1
175,162,4
176,162,3
177,162,4
178,162,1
179,162,5
180,162,4
181,162,2
182,162,4
183,162,5
184,162,3
185,162,1
186,162,3
187,162,5
188,162,3
189,162,4
190,162,1
191,162,1
192,162,3
193,162,1
194,162,5
195,162,3
196,162,1
197,162,1
198,162,5
199,162,3
200,162,1
201,162,5
202,162,2
203,162,2
204,162,5
205,162,5
206,162,4
207,162,5
208,162,1
209,162,1
210,162,1
211,162,5
212,162,1
213,162,2
214,162,1
215,162,4
216,162,1
217,162,5
218,162,1
219,162,3
220,162,4
221,162,3
222,162,2
223,162,5
224,162,2
225,162,3
226,162,1
227,162,3
228,162,4
229,162,1
230,162,5
231,162,3
232,162,1
233,162,1
234,162,1
235,162,4
236,162,3
237,162,4
238,162,3
239,162,3
240,162,5
241,162,4
242,162,2
243,162,3
244,162,1
245,162,3
246,162,3
247,162,2
248,162,2
249,162,1
250,162,1
1,163,5
2,163,5
3,163,5
4,163,3
5,163,3
6,163,1
7,163,4
8,163,5
9,163,1
10,163,4
11,163,5
12,163,4
13,163,1
14,163,1
15,163,2
16,163,4
17,163,4
18,163,3
19,163,1
20,163,1
21,163,2
22,163,3
23,163,1
24,163,1
25,163,1
26,163,3
27,163,4
28,163,5
29,163,5
30,163,3
31,163,5
32,163,3
33,163,5
34,163,5
35,163,2
36,163,5
37,163,4
38,163,1
39,163,1
40,163,4
41,163,2
42,163,4
43,163,5
44,163,3
45,163,5
46,163,5
47,163,1
48,163,3
49,163,4
50,163,4
51,163,1
52,163,1
53,163,3
54,163,2
55,163,1
56,163,3
57,163,2
58,163,4
59,163,5
60,163,1
61,163,1
62,163,4
63,163,5
64,163,2
65,163,1
66,163,3
67,163,4
68,163,3
69,163,5
70,163,1
71,163,4
72,163,4
73,163,2
74,163,1
75,163,2
76,163,5
77,163,1
78,163,4
79,163,4
80,163,1
81,163,4
82,163,2
83,163,3
84,163,3
85,163,5
86,163,5
87,163,2
88,163,3
89,163,1
90,163,4
91,163,4
92,163,2
93,163,3
94,163,4
95,163,2
96,163,4
97,163,5
98,163,2
99,163,5
100,163,3
101,163,1
102,163,4
103,163,2
104,163,5
105,163,3
106,163,4
107,163,2
108,163,1
109,163,3
110,163,3
111,163,5
112,163,4
113,163,1
114,163,3
115,163,3
116,163,1
117,163,3
118,163,1
119,163,4
120,163,3
121,163,5
122,163,5
123,163,1
124,163,1
125,163,5
126,163,1
127,163,5
128,163,1
129,163,3
130,163,5
131,163,4
132,163,1
133,163,5
134,163,4
135,163,4
136,163,5
137,163,1
138,163,1
139,163,1
140,163,2
141,163,4
142,163,3
143,163,5
144,163,5
145,163,5
146,163,5
147,163,5
148,163,2
149,163,5
150,163,3
151,163,5
152,163,2
153,163,1
154,163,3
155,163,1
156,163,3
157,163,4
158,163,3
159,163,1
160,163,1
161,163,1
162,163,4
163,163,2
164,163,2
165,163,1
166,163,3
167,163,3
168,163,5
169,163,3
170,163,1
171,163,5
172,163,1
173,163,1
174,163,3
175,163,4
176,163,3
177,163,3
178,163,2
179,163,2
180,163,4
181,163,1
182,163,2
183,163,5
184,163,2
185,163,4
186,163,1
187,163,3
188,163,1
189,163,4
190,163,2
191,163,4
192,163,4
193,163,3
194,163,1
195,163,3
196,163,4
197,163,5
198,163,2
199,163,5
200,163,1
201,163,5
202,163,2
203,163,4
204,163,3
205,163,1
206,163,4
207,163,2
208,163,5
209,163,5
210,163,5
211,163,5
212,163,1
213,163,5
214,163,2
215,163,3
216,163,5
217,163,4
218,163,1
219,163,1
220,163,5
221,163,1
222,163,5
223,163,1
224,163,5
225,163,5
226,163,4
227,163,1
228,163,5
229,163,1
230,163,2
231,163,5
232,163,1
233,163,1
234,163,5
235,163,2
236,163,4
237,163,3
238,163,5
239,163,2
240,163,4
241,163,5
242,163,3
243,163,3
244,163,1
245,163,3
246,163,2
247,163,4
248,163,2
249,163,5
250,163,5
1,164,2
2,164,3
3,164,1
4,164,1
5,164,1
6,164,5
7,164,5
8,164,3
9,164,5
10,164,1
11,164,3
12,164,4
13,164,2
14,164,1
15,164,3
16,164,2
17,164,2
18,164,1
19,164,1
20,164,5
21,164,1
22,164,4
23,164,4
24,164,5
25,164,4
26,164,5
27,164,4
28,164,1
29,164,3
30,164,3
31,164,2
32,164,3
33,164,2
34,164,3
35,164,1
36,164,3
37,164,1
38,164,3
39,164,5
40,164,5
41,164,1
42,164,3
43,164,1
44,164,2
45,164,4
46,164,3
47,164,3
48,164,5
49,164,5
50,164,1
51,164,4
52,164,3
53,164,4
54,164,1
55,164,3
56,164,2
57,164,1
58,164,4
59,164,4
60,164,3
61,164,3
62,164,2
63,164,4
64,164,1
65,164,4
66,164,5
67,164,4
68,164,5
69,164,1
70,164,2
71,164,3
72,164,4
73,164,4
74,164,1
75,164,4
76,164,5
77,164,5
78,164,1
79,164,3
80,164,2
81,164,5
82,164,3
83,164,2
84,164,1
85,164,4
86,164,3
87,164,3
88,164,5
89,164,1
90,164,5
91,164,5
92,164,3
93,164,3
94,164,2
95,164,2
96,164,5
97,164,1
98,164,1
99,164,4
100,164,1
101,164,4
102,164,1
103,164,5
104,164,4
105,164,5
106,164,3
107,164,2
108,164,2
109,164,5
110,164,3
111,164,4
112,164,4
113,164,3
114,164,4
115,164,5
116,164,2
117,164,1
118,164,5
119,164,1
120,164,4
121,164,5
122,164,5
123,164,3
124,164,2
125,164,2
126,164,3
127,164,1
128,164,1
129,164,2
130,164,2
131,164,5
132,164,2
133,164,3
134,164,3
135,164,5
136,164,1
137,164,1
138,164,3
139,164,3
140,164,1
141,164,3
142,164,1
143,164,5
144,164,1
145,164,3
146,164,5
147,164,1
148,164,5
149,164,5
150,164,1
151,164,3
152,164,1
153,164,1
154,164,1
155,164,3
156,164,5
157,164,3
158,164,1
159,164,1
160,164,5
161,164,4
162,164,5
163,164,4
164,164,2
165,164,1
166,164,3
167,164,3
168,164,3
169,164,2
170,164,3
171,164,5
172,164,3
173,164,4
174,164,5
175,164,4
176,164,5
177,164,5
178,164,5
179,164,3
180,164,2
181,164,4
182,164,1
183,164,1
184,164,5
185,164,4
186,164,3
187,164,2
188,164,3
189,164,5
190,164,2
191,164,3
192,164,3
193,164,5
194,164,5
195,164,3
196,164,1
197,164,4
198,164,5
199,164,4
200,164,2
201,164,3
202,164,2
203,164,5
204,164,1
205,164,2
206,164,4
207,164,1
208,164,5
209,164,2
210,164,1
211,164,1
212,164,5
213,164,1
214,164,3
215,164,5
216,164,1
217,164,4
218,164,3
219,164,2
220,164,1
221,164,5
222,164,3
223,164,3
224,164,5
225,164,3
226,164,5
227,164,2
228,164,4
229,164,1
230,164,2
231,164,1
232,164,2
233,164,5
234,164,4
235,164,1
236,164,2
237,164,2
238,164,1
239,164,5
240,164,4
241,164,1
242,164,1
243,164,3
244,164,1
245,164,1
246,164,4
247,164,1
248,164,2
249,164,5
250,164,4
1,165,1
2,165,5
3,165,5
4,165,5
5,165,4
6,165,4
7,165,5
8,165,2
9,165,5
10,165,1
11,165,1
12,165,1
13,165,2
14,165,2
15,165,5
16,165,2
17,165,4
18,165,5
19,165,2
20,165,4
21,165,3
22,165,4
23,165,4
24,165,3
25,165,4
26,165,4
27,165,5
28,165,1
29,165,3
30,165,5
31,165,5
32,165,4
33,165,5
34,165,5
35,165,1
36,165,3
37,165,4
38,165,1
39,165,2
40,165,2
41,165,5
42,165,3
43,165,3
44,165,1
45,165,2
46,165,3
47,165,1
48,165,4
49,165,1
50,165,1
51,165,1
52,165,4
53,165,3
54,165,1
55,165,2
56,165,1
57,165,5
58,165,4
59,165,4
60,165,5
61,165,3
62,165,5
63,165,4
64,165,2
65,165,4
66,165,1
67,165,3
68,165,3
69,165,2
70,165,1
71,165,1
72,165,5
73,165,1
74,165,5
75,165,1
76,165,4
77,165,5
78,165,1
79,165,2
80,165,5
81,165,2
82,165,4
83,165,5
84,165,1
85,165,3
86,165,5
87,165,2
88,165,5
89,165,3
90,165,1
91,165,5
92,165,5
93,165,4
94,165,4
95,165,4
96,165,3
97,165,4
98,165,4
99,165,1
100,165,3
101,165,1
102,165,1
103,165,2
104,165,2
105,165,4
106,165,3
107,165,1
108,165,1
109,165,5
110,165,3
111,165,3
112,165,1
113,165,1
114,165,3
115,165,3
116,165,1
117,165,5
118,165,1
119,165,3
120,165,1
121,165,4
122,165,1
123,165,3
124,165,3
125,165,5
126,165,5
127,165,1
128,165,3
129,165,5
130,165,1
131,165,5
132,165,1
133,165,2
134,165,1
135,165,3
136,165,1
137,165,1
138,165,5
139,165,5
140,165,4
141,165,1
142,165,5
143,165,3
144,165,5
145,165,3
146,165,4
147,165,5
148,165,4
149,165,1
150,165,2
151,165,2
152,165,3
153,165,4
154,165,1
155,165,4
156,165,5
157,165,5
158,165,4
159,165,1
160,165,3
161,165,3
162,165,5
163,165,2
164,165,3
165,165,4
166,165,1
167,165,4
168,165,3
169,165,3
170,165,1
171,165,5
172,165,1
173,165,5
174,165,1
175,165,1
176,165,3
177,165,1
178,165,1
179,165,5
180,165,2
181,165,2
182,165,1
183,165,5
184,165,5
185,165,5
186,165,5
187,165,1
188,165,5
189,165,3
190,165,3
191,165,1
192,165,3
193,165,5
194,165,2
195,165,3
196,165,5
197,165,1
198,165,4
199,165,5
200,165,5
201,165,3
202,165,5
203,165,5
204,165,2
205,165,5
206,165,4
207,165,3
208,165,1
209,165,1
210,165,3
211,165,4
212,165,5
213,165,5
214,165,1
215,165,3
216,165,3
217,165,1
218,165,5
219,165,3
220,165,3
221,165,5
222,165,2
223,165,5
224,165,5
225,165,2
226,165,2
227,165,1
228,165,5
229,165,1
230,165,4
231,165,4
232,165,2
233,165,4
234,165,1
235,165,3
236,165,1
237,165,5
238,165,1
239,165,3
240,165,5
241,165,1
242,165,1
243,165,1
244,165,1
245,165,3
246,165,4
247,165,3
248,165,5
249,165,1
250,165,3
1,166,5
2,166,5
3,166,4
4,166,4
5,166,1
6,166,3
7,166,5
8,166,5
9,166,1
10,166,1
11,166,3
12,166,4
13,166,1
14,166,3
15,166,3
16,166,5
17,166,4
18,166,1
19,166,1
20,166,1
21,166,2
22,166,3
23,166,5
24,166,3
25,166,3
26,166,5
27,166,4
28,166,1
29,166,5
30,166,4
31,166,1
32,166,5
33,166,3
34,166,4
35,166,1
36,166,5
37,166,3
38,166,3
39,166,1
40,166,5
41,166,3
42,166,5
43,166,1
44,166,1
45,166,2
46,166,3
47,166,2
48,166,2
49,166,1
50,166,5
51,166,3
52,166,3
53,166,2
54,166,4
55,166,2
56,166,3
57,166,2
58,166,5
59,166,5
60,166,5
61,166,1
62,166,5
63,166,1
64,166,3
65,166,3
66,166,1
67,166,4
68,166,5
69,166,5
70,166,3
71,166,3
72,166,4
73,166,5
74,166,4
75,166,2
76,166,5
77,166,4
78,166,3
79,166,5
80,166,5
81,166,2
82,166,5
83,166,1
84,166,1
85,166,1
86,166,1
87,166,3
88,166,4
89,166,3
90,166,3
91,166,1
92,166,4
93,166,5
94,166,3
95,166,2
96,166,5
97,166,4
98,166,2
99,166,1
100,166,2
101,166,5
102,166,4
103,166,1
104,166,2
105,166,1
106,166,3
107,166,1
108,166,5
109,166,4
110,166,2
111,166,5
112,166,3
113,166,5
114,166,2
115,166,1
116,166,1
117,166,3
118,166,3
119,166,4
120,166,1
121,166,1
122,166,1
123,166,2
124,166,1
125,166,5
126,166,1
127,166,5
128,166,4
129,166,3
130,166,4
131,166,4
132,166,1
133,166,4
134,166,1
135,166,3
136,166,4
137,166,3
138,166,5
139,166,5
140,166,1
141,166,5
142,166,3
143,166,3
144,166,3
145,166,1
146,166,1
147,166,5
148,166,1
149,166,1
150,166,3
151,166,5
152,166,1
153,166,3
154,166,3
155,166,2
156,166,4
157,166,5
158,166,3
159,166,3
160,166,5
161,166,2
162,166,1
163,166,5
164,166,5
165,166,1
166,166,4
167,166,3
168,166,2
169,166,2
170,166,1
171,166,1
172,166,1
173,166,1
174,166,2
175,166,3
176,166,1
177,166,1
178,166,1
179,166,3
180,166,4
181,166,5
182,166,3
183,166,2
184,166,4
185,166,3
186,166,5
187,166,1
188,166,3
189,166,4
190,166,4
191,166,2
192,166,1
193,166,1
194,166,4
195,166,4
196,166,2
197,166,1
198,166,5
199,166,3
200,166,5
201,166,3
202,166,2
203,166,1
204,166,3
205,166,5
206,166,5
207,166,3
208,166,5
209,166,2
210,166,2
211,166,4
212,166,3
213,166,5
214,166,4
215,166,4
216,166,2
217,166,4
218,166,4
219,166,3
220,166,1
221,166,1
222,166,4
223,166,5
224,166,1
225,166,3
226,166,5
227,166,3
228,166,2
229,166,2
230,166,5
231,166,3
232,166,4
233,166,3
234,166,1
235,166,5
236,166,1
237,166,4
238,166,4
239,166,5
240,166,4
241,166,3
242,166,4
243,166,4
244,166,5
245,166,2
246,166,3
247,166,1
248,166,3
249,166,5
250,166,3
1,167,5
2,167,5
3,167,3
4,167,2
5,167,5
6,167,1
7,167,5
8,167,1
9,167,5
10,167,5
11,167,5
12,167,5
13,167,3
14,167,5
15,167,4
16,167,5
17,167,2
18,167,3
19,167,4
20,167,5
21,167,4
22,167,4
23,167,3
24,167,5
25,167,5
26,167,1
27,167,1
28,167,1
29,167,2
30,167,2
31,167,5
32,167,5
33,167,1
34,167,5
35,167,2
36,167,4
37,167,1
38,167,2
39,167,5
40,167,3
41,167,5
42,167,5
43,167,5
44,167,3
45,167,1
46,167,5
47,167,4
48,167,4
49,167,1
50,167,1
51,167,5
52,167,1
53,167,3
54,167,1
55,167,3
56,167,5
57,167,5
58,167,4
59,167,5
60,167,5
61,167,1
62,167,4
63,167,5
64,167,4
65,167,4
66,167,5
67,167,3
68,167,4
69,167,5
70,167,5
71,167,5
72,167,4
73,167,5
74,167,2
75,167,4
76,167,3
77,167,4
78,167,5
79,167,5
80,167,5
81,167,5
82,167,5
83,167,4
84,167,5
85,167,1
86,167,3
87,167,5
88,167,5
89,167,5
90,167,5
91,167,5
92,167,2
93,167,4
94,167,3
95,167,5
96,167,4
97,167,3
98,167,5
99,167,1
100,167,3
101,167,2
102,167,4
103,167,5
104,167,5
105,167,4
106,167,3
107,167,3
108,167,5
109,167,3
110,167,3
111,167,1
112,167,4
113,167,5
114,167,5
115,167,5
116,167,1
117,167,4
118,167,4
119,167,5
120,167,4
121,167,4
122,167,3
123,167,1
124,167,3
125,167,5
126,167,5
127,167,3
128,167,5
129,167,1
130,167,1
131,167,1
132,167,2
133,167,5
134,167,5
135,167,5
136,167,2
137,167,4
138,167,4
139,167,2
140,167,5
141,167,1
142,167,5
143,167,5
144,167,5
145,167,5
146,167,5
147,167,5
148,167,3
149,167,5
150,167,5
151,167,4
152,167,3
153,167,5
154,167,2
155,167,5
156,167,1
157,167,2
158,167,3
159,167,5
160,167,5
161,167,4
162,167,5
163,167,5
164,167,4
165,167,2
166,167,4
167,167,4
168,167,1
169,167,4
170,167,5
171,167,5
172,167,5
173,167,5
174,167,4
175,167,1
176,167,5
177,167,3
178,167,4
179,167,4
180,167,3
181,167,5
182,167,2
183,167,1
184,167,5
185,167,2
186,167,4
187,167,5
188,167,2
189,167,4
190,167,5
191,167,4
192,167,4
193,167,5
194,167,2
195,167,3
196,167,4
197,167,3
198,167,3
199,167,5
200,167,2
201,167,4
202,167,5
203,167,5
204,167,5
205,167,5
206,167,4
207,167,5
208,167,3
209,167,5
210,167,3
211,167,4
212,167,1
213,167,5
214,167,5
215,167,3
216,167,4
217,167,4
218,167,3
219,167,3
220,167,3
221,167,4
222,167,5
223,167,4
224,167,4
225,167,3
226,167,2
227,167,4
228,167,5
229,167,5
230,167,2
231,167,1
232,167,5
233,167,4
234,167,1
235,167,3
236,167,5
237,167,3
238,167,5
239,167,1
240,167,1
241,167,3
242,167,5
243,167,5
244,167,3
245,167,3
246,167,5
247,167,3
248,167,1
249,167,3
250,167,5
1,168,5
2,168,5
3,168,3
4,168,2
5,168,5
6,168,1
7,168,5
8,168,1
9,168,5
10,168,5
11,168,5
12,168,5
13,168,3
14,168,5
15,168,4
16,168,5
17,168,2
18,168,3
19,168,4
20,168,5
21,168,4
22,168,5
23,168,3
24,168,5
25,168,5
26,168,2
27,168,1
28,168,1
29,168,1
30,168,2
31,168,5
32,168,5
33,168,2
34,168,5
35,168,2
36,168,4
37,168,1
38,168,2
39,168,5
40,168,3
41,168,5
42,168,5
43,168,5
44,168,3
45,168,1
46,168,5
47,168,4
48,168,5
49,168,1
50,168,1
51,168,5
52,168,1
53,168,3
54,168,2
55,168,3
56,168,5
57,168,5
58,168,4
59,168,5
60,168,5
61,168,2
62,168,4
63,168,5
64,168,5
65,168,4
66,168,5
67,168,3
68,168,4
69,168,5
70,168,5
71,168,4
72,168,4
73,168,5
74,168,2
75,168,4
76,168,3
77,168,4
78,168,5
79,168,5
80,168,5
81,168,5
82,168,5
83,168,4
84,168,5
85,168,1
86,168,3
87,168,5
88,168,5
89,168,5
90,168,5
91,168,5
92,168,2
93,168,4
94,168,3
95,168,5
96,168,4
97,168,3
98,168,5
99,168,1
100,168,3
101,168,1
102,168,4
103,168,5
104,168,5
105,168,4
106,168,3
107,168,3
108,168,5
109,168,3
110,168,3
111,168,1
112,168,4
113,168,5
114,168,5
115,168,5
116,168,2
117,168,4
118,168,5
119,168,5
120,168,4
121,168,4
122,168,3
123,168,1
124,168,3
125,168,5
126,168,5
127,168,3
128,168,5
129,168,1
130,168,2
131,168,1
132,168,2
133,168,5
134,168,5
135,168,5
136,168,2
137,168,4
138,168,4
139,168,2
140,168,4
141,168,1
142,168,5
143,168,5
144,168,5
145,168,5
146,168,5
147,168,4
148,168,3
149,168,5
150,168,5
151,168,4
152,168,3
153,168,5
154,168,2
155,168,5
156,168,1
157,168,2
158,168,3
159,168,5
160,168,5
161,168,5
162,168,5
163,168,5
164,168,4
165,168,2
166,168,4
167,168,4
168,168,1
169,168,5
170,168,5
171,168,5
172,168,5
173,168,5
174,168,4
175,168,1
176,168,5
177,168,3
178,168,4
179,168,4
180,168,3
181,168,5
182,168,2
183,168,1
184,168,5
185,168,1
186,168,4
187,168,5
188,168,1
189,168,5
190,168,5
191,168,4
192,168,4
193,168,5
194,168,1
195,168,3
196,168,5
197,168,3
198,168,3
199,168,5
200,168,1
201,168,4
202,168,5
203,168,5
204,168,5
205,168,5
206,168,4
207,168,5
208,168,3
209,168,4
210,168,3
211,168,4
212,168,1
213,168,5
214,168,5
215,168,3
216,168,4
217,168,4
218,168,3
219,168,3
220,168,3
221,168,4
222,168,5
223,168,4
224,168,5
225,168,3
226,168,2
227,168,4
228,168,5
229,168,5
230,168,2
231,168,1
232,168,5
233,168,4
234,168,1
235,168,3
236,168,5
237,168,3
238,168,4
239,168,1
240,168,1
241,168,3
242,168,5
243,168,5
244,168,3
245,168,3
246,168,5
247,168,3
248,168,1
249,168,3
250,168,5
1,169,5
2,169,5
3,169,3
4,169,2
5,169,5
6,169,1
7,169,5
8,169,1
9,169,5
10,169,5
11,169,5
12,169,5
13,169,3
14,169,5
15,169,5
16,169,5
17,169,1
18,169,3
19,169,4
20,169,5
21,169,4
22,169,4
23,169,3
24,169,5
25,169,5
26,169,1
27,169,1
28,169,1
29,169,1
30,169,1
31,169,5
32,169,5
33,169,2
34,169,5
35,169,2
36,169,5
37,169,1
38,169,1
39,169,5
40,169,3
41,169,5
42,169,5
43,169,5
44,169,3
45,169,1
46,169,5
47,169,4
48,169,5
49,169,1
50,169,1
51,169,5
52,169,1
53,169,3
54,169,2
55,169,3
56,169,5
57,169,5
58,169,4
59,169,5
60,169,5
61,169,2
62,169,4
63,169,5
64,169,4
65,169,5
66,169,5
67,169,3
68,169,4
69,169,5
70,169,5
71,169,4
72,169,4
73,169,5
74,169,2
75,169,4
76,169,3
77,169,4
78,169,5
79,169,5
80,169,5
81,169,5
82,169,5
83,169,4
84,169,5
85,169,1
86,169,3
87,169,5
88,169,5
89,169,5
90,169,5
91,169,5
92,169,2
93,169,4
94,169,3
95,169,5
96,169,4
97,169,3
98,169,5
99,169,1
100,169,3
101,169,1
102,169,4
103,169,5
104,169,5
105,169,5
106,169,3
107,169,3
108,169,5
109,169,3
110,169,3
111,169,1
112,169,4
113,169,5
114,169,5
115,169,5
116,169,2
117,169,4
118,169,4
119,169,5
120,169,4
121,169,4
122,169,3
123,169,1
124,169,3
125,169,5
126,169,5
127,169,3
128,169,5
129,169,1
130,169,1
131,169,1
132,169,2
133,169,5
134,169,5
135,169,5
136,169,2
137,169,4
138,169,4
139,169,1
140,169,4
141,169,1
142,169,5
143,169,5
144,169,5
145,169,5
146,169,5
147,169,4
148,169,3
149,169,5
150,169,5
151,169,4
152,169,3
153,169,5
154,169,2
155,169,5
156,169,1
157,169,1
158,169,3
159,169,5
160,169,5
161,169,4
162,169,5
163,169,5
164,169,4
165,169,2
166,169,4
167,169,4
168,169,2
169,169,5
170,169,5
171,169,5
172,169,5
173,169,5
174,169,5
175,169,1
176,169,5
177,169,3
178,169,4
179,169,4
180,169,3
181,169,5
182,169,2
183,169,1
184,169,5
185,169,1
186,169,4
187,169,5
188,169,1
189,169,4
190,169,5
191,169,4
192,169,4
193,169,5
194,169,2
195,169,3
196,169,4
197,169,3
198,169,3
199,169,5
200,169,2
201,169,4
202,169,5
203,169,5
204,169,5
205,169,5
206,169,4
207,169,5
208,169,3
209,169,4
210,169,3
211,169,4
212,169,1
213,169,5
214,169,5
215,169,3
216,169,4
217,169,4
218,169,3
219,169,3
220,169,3
221,169,4
222,169,5
223,169,4
224,169,4
225,169,3
226,169,2
227,169,5
228,169,5
229,169,5
230,169,2
231,169,1
232,169,5
233,169,4
234,169,2
235,169,3
236,169,5
237,169,3
238,169,4
239,169,1
240,169,1
241,169,3
242,169,5
243,169,5
244,169,3
245,169,3
246,169,5
247,169,3
248,169,1
249,169,3
250,169,5
1,170,5
2,170,5
3,170,3
4,170,1
5,170,5
6,170,1
7,170,5
8,170,1
9,170,5
10,170,5
11,170,5
12,170,5
13,170,3
14,170,5
15,170,5
16,170,5
17,170,2
18,170,3
19,170,4
20,170,5
21,170,4
22,170,4
23,170,3
24,170,5
25,170,5
26,170,2
27,170,1
28,170,1
29,170,2
30,170,2
31,170,4
32,170,5
33,170,1
34,170,5
35,170,2
36,170,5
37,170,1
38,170,1
39,170,5
40,170,3
41,170,5
42,170,5
43,170,5
44,170,3
45,170,1
46,170,5
47,170,4
48,170,4
49,170,1
50,170,1
51,170,5
52,170,1
53,170,3
54,170,2
55,170,3
56,170,5
57,170,5
58,170,4
59,170,5
60,170,5
61,170,2
62,170,5
63,170,5
64,170,4
65,170,4
66,170,5
67,170,3
68,170,4
69,170,5
70,170,5
71,170,5
72,170,4
73,170,5
74,170,1
75,170,4
76,170,3
77,170,4
78,170,5
79,170,5
80,170,5
81,170,5
82,170,5
83,170,4
84,170,5
85,170,1
86,170,3
87,170,5
88,170,5
89,170,5
90,170,5
91,170,5
92,170,2
93,170,4
94,170,3
95,170,5
96,170,5
97,170,3
98,170,5
99,170,1
100,170,3
101,170,1
102,170,4
103,170,5
104,170,5
105,170,4
106,170,3
107,170,3
108,170,5
109,170,3
110,170,3
111,170,1
112,170,4
113,170,5
114,170,5
115,170,5
116,170,2
117,170,5
118,170,4
119,170,5
120,170,4
121,170,4
122,170,3
123,170,1
124,170,3
125,170,5
126,170,5
127,170,3
128,170,5
129,170,1
130,170,1
131,170,1
132,170,1
133,170,5
134,170,5
135,170,5
136,170,2
137,170,4
138,170,4
139,170,2
140,170,4
141,170,1
142,170,5
143,170,5
144,170,5
145,170,5
146,170,5
147,170,4
148,170,3
149,170,5
150,170,5
151,170,4
152,170,3
153,170,5
154,170,2
155,170,5
156,170,1
157,170,2
158,170,3
159,170,5
160,170,5
161,170,4
162,170,5
163,170,5
164,170,4
165,170,2
166,170,4
167,170,4
168,170,1
169,170,4
170,170,5
171,170,5
172,170,5
173,170,5
174,170,4
175,170,1
176,170,5
177,170,3
178,170,4
179,170,4
180,170,3
181,170,5
182,170,2
183,170,1
184,170,5
185,170,2
186,170,4
187,170,5
188,170,1
189,170,4
190,170,5
191,170,4
192,170,4
193,170,5
194,170,1
195,170,3
196,170,4
197,170,3
198,170,3
199,170,5
200,170,2
201,170,4
202,170,5
203,170,5
204,170,5
205,170,5
206,170,4
207,170,5
208,170,3
209,170,4
210,170,3
211,170,4
212,170,1
213,170,5
214,170,5
215,170,3
216,170,4
217,170,5
218,170,3
219,170,3
220,170,3
221,170,5
222,170,5
223,170,4
224,170,4
225,170,3
226,170,2
227,170,4
228,170,5
229,170,5
230,170,2
231,170,1
232,170,5
233,170,4
234,170,2
235,170,3
236,170,5
237,170,3
238,170,4
239,170,1
240,170,1
241,170,3
242,170,5
243,170,5
244,170,3
245,170,3
246,170,5
247,170,3
248,170,1
249,170,3
250,170,5
1,171,5
2,171,5
3,171,3
4,171,2
5,171,5
6,171,1
7,171,5
8,171,1
9,171,5
10,171,5
11,171,5
12,171,5
13,171,3
14,171,5
15,171,5
16,171,5
17,171,1
18,171,3
19,171,5
20,171,5
21,171,4
22,171,5
23,171,3
24,171,5
25,171,5
26,171,1
27,171,1
28,171,1
29,171,2
30,171,2
31,171,4
32,171,5
33,171,2
34,171,5
35,171,1
36,171,4
37,171,1
38,171,2
39,171,5
40,171,3
41,171,5
42,171,5
43,171,5
44,171,3
45,171,1
46,171,5
47,171,4
48,171,5
49,171,1
50,171,1
51,171,5
52,171,1
53,171,3
54,171,2
55,171,3
56,171,5
57,171,5
58,171,4
59,171,5
60,171,5
61,171,2
62,171,5
63,171,5
64,171,5
65,171,5
66,171,5
67,171,3
68,171,5
69,171,5
70,171,5
71,171,4
72,171,4
73,171,5
74,171,2
75,171,4
76,171,3
77,171,4
78,171,5
79,171,5
80,171,5
81,171,5
82,171,5
83,171,5
84,171,5
85,171,1
86,171,3
87,171,5
88,171,5
89,171,5
90,171,5
91,171,5
92,171,2
93,171,4
94,171,3
95,171,5
96,171,4
97,171,3
98,171,5
99,171,1
100,171,3
101,171,2
102,171,5
103,171,5
104,171,5
105,171,4
106,171,3
107,171,3
108,171,5
109,171,3
110,171,3
111,171,1
112,171,4
113,171,5
114,171,5
115,171,5
116,171,1
117,171,4
118,171,5
119,171,5
120,171,4
121,171,5
122,171,3
123,171,1
124,171,3
125,171,5
126,171,5
127,171,3
128,171,5
129,171,1
130,171,1
131,171,1
132,171,1
133,171,5
134,171,5
135,171,5
136,171,1
137,171,4
138,171,4
139,171,2
140,171,5
141,171,1
142,171,5
143,171,5
144,171,5
145,171,5
146,171,5
147,171,4
148,171,3
149,171,5
150,171,5
151,171,4
152,171,3
153,171,5
154,171,1
155,171,5
156,171,1
157,171,2
158,171,3
159,171,5
160,171,5
161,171,4
162,171,5
163,171,5
164,171,4
165,171,2
166,171,5
167,171,4
168,171,2
169,171,4
170,171,5
171,171,5
172,171,5
173,171,5
174,171,4
175,171,1
176,171,5
177,171,3
178,171,4
179,171,4
180,171,3
181,171,5
182,171,2
183,171,1
184,171,5
185,171,1
186,171,4
187,171,5
188,171,1
189,171,5
190,171,5
191,171,4
192,171,4
193,171,5
194,171,2
195,171,3
196,171,4
197,171,3
198,171,3
199,171,5
200,171,2
201,171,5
202,171,5
203,171,5
204,171,5
205,171,5
206,171,4
207,171,5
208,171,3
209,171,4
210,171,3
211,171,4
212,171,1
213,171,5
214,171,5
215,171,3
216,171,5
217,171,4
218,171,3
219,171,3
220,171,3
221,171,5
222,171,5
223,171,4
224,171,4
225,171,3
226,171,2
227,171,4
228,171,5
229,171,5
230,171,2
231,171,1
232,171,5
233,171,4
234,171,2
235,171,3
236,171,5
237,171,3
238,171,5
239,171,1
240,171,1
241,171,3
242,171,5
243,171,5
244,171,3
245,171,3
246,171,5
247,171,3
248,171,2
249,171,3
250,171,5
1,172,5
2,172,5
3,172,3
4,172,1
5,172,5
6,172,1
7,172,5
8,172,1
9,172,5
10,172,5
11,172,5
12,172,5
13,172,3
14,172,5
15,172,4
16,172,5
17,172,1
18,172,3
19,172,4
20,172,5
21,172,4
22,172,4
23,172,3
24,172,5
25,172,5
26,172,1
27,172,1
28,172,1
29,172,1
30,172,1
31,172,4
32,172,5
33,172,2
34,172,5
35,172,2
36,172,5
37,172,1
38,172,2
39,172,5
40,172,3
41,172,5
42,172,5
43,172,5
44,172,3
45,172,1
46,172,5
47,172,4
48,172,4
49,172,1
50,172,1
51,172,5
52,172,1
53,172,3
54,172,2
55,172,3
56,172,5
57,172,5
58,172,4
59,172,5
60,172,5
61,172,2
62,172,5
63,172,5
64,172,4
65,172,4
66,172,5
67,172,3
68,172,4
69,172,5
70,172,5
71,172,4
72,172,4
73,172,5
74,172,2
75,172,4
76,172,3
77,172,5
78,172,5
79,172,5
80,172,5
81,172,5
82,172,5
83,172,4
84,172,5
85,172,1
86,172,3
87,172,5
88,172,5
89,172,5
90,172,5
91,172,5
92,172,1
93,172,5
94,172,3
95,172,5
96,172,4
97,172,3
98,172,5
99,172,1
100,172,3
101,172,2
102,172,4
103,172,5
104,172,5
105,172,4
106,172,3
107,172,3
108,172,5
109,172,3
110,172,3
111,172,1
112,172,4
113,172,5
114,172,5
115,172,5
116,172,1
117,172,4
118,172,4
119,172,5
120,172,4
121,172,4
122,172,3
123,172,1
124,172,3
125,172,5
126,172,5
127,172,3
128,172,5
129,172,1
130,172,2
131,172,1
132,172,2
133,172,5
134,172,5
135,172,5
136,172,1
137,172,4
138,172,4
139,172,1
140,172,4
141,172,1
142,172,5
143,172,5
144,172,5
145,172,5
146,172,5
147,172,4
148,172,3
149,172,5
150,172,5
151,172,4
152,172,3
153,172,5
154,172,2
155,172,5
156,172,1
157,172,2
158,172,3
159,172,5
160,172,5
161,172,4
162,172,5
163,172,5
164,172,4
165,172,2
166,172,4
167,172,4
168,172,2
169,172,5
170,172,5
171,172,5
172,172,5
173,172,5
174,172,4
175,172,1
176,172,5
177,172,3
178,172,4
179,172,4
180,172,3
181,172,5
182,172,1
183,172,1
184,172,5
185,172,2
186,172,4
187,172,5
188,172,2
189,172,4
190,172,5
191,172,4
192,172,4
193,172,5
194,172,2
195,172,3
196,172,4
197,172,3
198,172,3
199,172,5
200,172,2
201,172,4
202,172,5
203,172,5
204,172,5
205,172,5
206,172,4
207,172,5
208,172,3
209,172,4
210,172,3
211,172,4
212,172,1
213,172,5
214,172,5
215,172,3
216,172,4
217,172,4
218,172,3
219,172,3
220,172,3
221,172,4
222,172,5
223,172,4
224,172,4
225,172,3
226,172,1
227,172,4
228,172,5
229,172,5
230,172,1
231,172,1
232,172,5
233,172,4
234,172,2
235,172,3
236,172,5
237,172,3
238,172,4
239,172,1
240,172,1
241,172,3
242,172,5
243,172,5
244,172,3
245,172,3
246,172,5
247,172,3
248,172,2
249,172,3
250,172,5
1,173,5
2,173,5
3,173,3
4,173,2
5,173,5
6,173,1
7,173,5
8,173,1
9,173,5
10,173,5
11,173,5
12,173,5
13,173,3
14,173,5
15,173,5
16,173,5
17,173,2
18,173,3
19,173,5
20,173,5
21,173,4
22,173,4
23,173,3
24,173,5
25,173,5
26,173,2
27,173,1
28,173,1
29,173,1
30,173,1
31,173,4
32,173,5
33,173,2
34,173,5
35,173,1
36,173,4
37,173,1
38,173,2
39,173,5
40,173,3
41,173,5
42,173,5
43,173,5
44,173,3
45,173,1
46,173,5
47,173,4
48,173,4
49,173,1
50,173,1
51,173,5
52,173,1
53,173,3
54,173,2
55,173,3
56,173,5
57,173,5
58,173,5
59,173,5
60,173,5
61,173,2
62,173,4
63,173,5
64,173,4
65,173,5
66,173,5
67,173,3
68,173,4
69,173,5
70,173,5
71,173,4
72,173,4
73,173,5
74,173,1
75,173,5
76,173,3
77,173,4
78,173,5
79,173,5
80,173,5
81,173,5
82,173,5
83,173,4
84,173,5
85,173,1
86,173,3
87,173,5
88,173,5
89,173,5
90,173,5
91,173,5
92,173,2
93,173,4
94,173,3
95,173,5
96,173,4
97,173,3
98,173,5
99,173,1
100,173,3
101,173,2
102,173,5
103,173,5
104,173,5
105,173,5
106,173,3
107,173,3
108,173,5
109,173,3
110,173,3
111,173,1
112,173,4
113,173,5
114,173,5
115,173,5
116,173,2
117,173,4
118,173,5
119,173,5
120,173,4
121,173,5
122,173,3
123,173,1
124,173,3
125,173,5
126,173,5
127,173,3
128,173,5
129,173,1
130,173,2
131,173,1
132,173,2
133,173,5
134,173,5
135,173,5
136,173,2
137,173,4
138,173,4
139,173,2
140,173,4
141,173,1
142,173,5
143,173,5
144,173,5
145,173,5
146,173,5
147,173,5
148,173,3
149,173,5
150,173,5
151,173,5
152,173,3
153,173,5
154,173,2
155,173,5
156,173,1
157,173,1
158,173,3
159,173,5
160,173,5
161,173,4
162,173,5
163,173,5
164,173,4
165,173,2
166,173,4
167,173,4
168,173,2
169,173,4
170,173,5
171,173,5
172,173,5
173,173,5
174,173,4
175,173,1
176,173,5
177,173,3
178,173,4
179,173,4
180,173,3
181,173,5
182,173,2
183,173,1
184,173,5
185,173,2
186,173,4
187,173,5
188,173,1
189,173,4
190,173,5
191,173,4
192,173,5
193,173,5
194,173,2
195,173,3
196,173,4
197,173,3
198,173,3
199,173,5
200,173,2
201,173,4
202,173,5
203,173,5
204,173,5
205,173,5
206,173,4
207,173,5
208,173,3
209,173,4
210,173,3
211,173,4
212,173,1
213,173,5
214,173,5
215,173,3
216,173,4
217,173,4
218,173,3
219,173,3
220,173,3
221,173,4
222,173,5
223,173,4
224,173,4
225,173,3
226,173,1
227,173,4
228,173,5
229,173,5
230,173,2
231,173,1
232,173,5
233,173,4
234,173,1
235,173,3
236,173,5
237,173,3
238,173,4
239,173,1
240,173,1
241,173,3
242,173,5
243,173,5
244,173,3
245,173,3
246,173,5
247,173,3
248,173,2
249,173,3
250,173,5
1,174,4
2,174,1
3,174,5
4,174,3
5,174,3
6,174,5
7,174,4
8,174,3
9,174,4
10,174,2
11,174,5
12,174,3
13,174,4
14,174,3
15,174,5
16,174,4
17,174,4
18,174,4
19,174,4
20,174,4
21,174,4
22,174,1
23,174,4
24,174,3
25,174,3
26,174,2
27,174,4
28,174,1
29,174,4
30,174,5
31,174,3
32,174,2
33,174,1
34,174,2
35,174,5
36,174,5
37,174,3
38,174,4
39,174,4
40,174,5
41,174,3
42,174,3
43,174,3
44,174,4
45,174,4
46,174,2
47,174,3
48,174,3
49,174,5
50,174,3
51,174,3
52,174,1
53,174,5
54,174,4
55,174,3
56,174,4
57,174,4
58,174,5
59,174,5
60,174,5
61,174,5
62,174,3
63,174,4
64,174,4
65,174,3
66,174,2
67,174,4
68,174,5
69,174,4
70,174,1
71,174,3
72,174,5
73,174,4
74,174,2
75,174,3
76,174,5
77,174,5
78,174,2
79,174,3
80,174,4
81,174,1
82,174,5
83,174,2
84,174,3
85,174,2
86,174,5
87,174,5
88,174,1
89,174,3
90,174,4
91,174,3
92,174,5
93,174,2
94,174,3
95,174,2
96,174,3
97,174,3
98,174,3
99,174,2
100,174,1
101,174,4
102,174,5
103,174,4
104,174,4
105,174,4
106,174,5
107,174,3
108,174,3
109,174,4
110,174,5
111,174,4
112,174,4
113,174,2
114,174,3
115,174,4
116,174,3
117,174,2
118,174,4
119,174,5
120,174,4
121,174,2
122,174,4
123,174,2
124,174,1
125,174,4
126,174,5
127,174,1
128,174,2
129,174,5
130,174,3
131,174,1
132,174,5
133,174,1
134,174,3
135,174,5
136,174,5
137,174,5
138,174,3
139,174,4
140,174,4
141,174,4
142,174,3
143,174,4
144,174,1
145,174,5
146,174,2
147,174,3
148,174,4
149,174,5
150,174,4
151,174,4
152,174,2
153,174,4
154,174,3
155,174,4
156,174,3
157,174,5
158,174,1
159,174,3
160,174,3
161,174,5
162,174,1
163,174,5
164,174,3
165,174,4
166,174,2
167,174,2
168,174,4
169,174,2
170,174,1
171,174,3
172,174,3
173,174,1
174,174,4
175,174,3
176,174,4
177,174,3
178,174,5
179,174,1
180,174,5
181,174,1
182,174,2
183,174,4
184,174,4
185,174,3
186,174,1
187,174,2
188,174,4
189,174,1
190,174,4
191,174,2
192,174,5
193,174,5
194,174,2
195,174,3
196,174,4
197,174,3
198,174,5
199,174,1
200,174,2
201,174,3
202,174,5
203,174,3
204,174,1
205,174,3
206,174,4
207,174,3
208,174,2
209,174,3
210,174,5
211,174,2
212,174,5
213,174,4
214,174,5
215,174,1
216,174,5
217,174,2
218,174,2
219,174,3
220,174,4
221,174,1
222,174,3
223,174,5
224,174,3
225,174,5
226,174,3
227,174,3
228,174,3
229,174,2
230,174,3
231,174,1
232,174,5
233,174,3
234,174,5
235,174,2
236,174,3
237,174,2
238,174,3
239,174,3
240,174,1
241,174,4
242,174,5
243,174,2
244,174,5
245,174,5
246,174,4
247,174,3
248,174,5
249,174,3
250,174,1
1,175,3
2,175,2
3,175,2
4,175,5
5,175,5
6,175,3
7,175,3
8,175,5
9,175,5
10,175,5
11,175,1
12,175,1
13,175,3
14,175,2
15,175,1
16,175,5
17,175,3
18,175,5
19,175,3
20,175,5
21,175,2
22,175,5
23,175,2
24,175,4
25,175,4
26,175,5
27,175,4
28,175,5
29,175,3
30,175,1
31,175,5
32,175,5
33,175,5
34,175,2
35,175,1
36,175,3
37,175,5
38,175,1
39,175,4
40,175,2
41,175,5
42,175,5
43,175,2
44,175,3
45,175,5
46,175,5
47,175,5
48,175,1
49,175,3
50,175,5
51,175,5
52,175,5
53,175,3
54,175,5
55,175,2
56,175,3
57,175,2
58,175,2
59,175,3
60,175,3
61,175,2
62,175,5
63,175,5
64,175,3
65,175,1
66,175,2
67,175,4
68,175,2
69,175,2
70,175,4
71,175,1
72,175,2
73,175,3
74,175,4
75,175,2
76,175,3
77,175,3
78,175,5
79,175,1
80,175,1
81,175,5
82,175,3
83,175,5
84,175,5
85,175,1
86,175,3
87,175,1
88,175,1
89,175,2
90,175,3
91,175,1
92,175,3
93,175,2
94,175,4
95,175,5
96,175,5
97,175,1
98,175,5
99,175,2
100,175,4
101,175,2
102,175,2
103,175,4
104,175,5
105,175,2
106,175,3
107,175,1
108,175,2
109,175,3
110,175,3
111,175,5
112,175,4
113,175,5
114,175,5
115,175,2
116,175,5
117,175,4
118,175,2
119,175,1
120,175,3
121,175,2
122,175,4
123,175,1
124,175,5
125,175,5
126,175,1
127,175,4
128,175,2
129,175,3
130,175,5
131,175,1
132,175,3
133,175,5
134,175,1
135,175,1
136,175,3
137,175,1
138,175,5
139,175,3
140,175,5
141,175,4
142,175,5
143,175,3
144,175,1
145,175,3
146,175,5
147,175,1
148,175,5
149,175,5
150,175,2
151,175,2
152,175,1
153,175,5
154,175,1
155,175,3
156,175,1
157,175,3
158,175,4
159,175,5
160,175,4
161,175,2
162,175,1
163,175,3
164,175,5
165,175,2
166,175,4
167,175,1
168,175,5
169,175,1
170,175,2
171,175,1
172,175,5
173,175,1
174,175,2
175,175,2
176,175,4
177,175,1
178,175,3
179,175,2
180,175,3
181,175,5
182,175,1
183,175,5
184,175,3
185,175,5
186,175,1
187,175,5
188,175,3
189,175,2
190,175,2
191,175,4
192,175,3
193,175,3
194,175,4
195,175,1
196,175,5
197,175,1
198,175,3
199,175,2
200,175,5
201,175,2
202,175,5
203,175,1
204,175,4
205,175,4
206,175,4
207,175,1
208,175,1
209,175,1
210,175,2
211,175,5
212,175,3
213,175,3
214,175,1
215,175,2
216,175,2
217,175,5
218,175,1
219,175,1
220,175,3
221,175,5
222,175,2
223,175,3
224,175,5
225,175,1
226,175,2
227,175,1
228,175,5
229,175,1
230,175,1
231,175,5
232,175,2
233,175,5
234,175,2
235,175,1
236,175,1
237,175,2
238,175,5
239,175,1
240,175,5
241,175,2
242,175,3
243,175,5
244,175,2
245,175,2
246,175,2
247,175,1
248,175,1
249,175,1
250,175,1
1,176,1
2,176,1
3,176,3
4,176,4
5,176,4
6,176,2
7,176,3
8,176,5
9,176,4
10,176,5
11,176,2
12,176,1
13,176,3
14,176,1
15,176,3
16,176,5
17,176,3
18,176,4
19,176,2
20,176,5
21,176,1
22,176,5
23,176,3
24,176,5
25,176,4
26,176,5
27,176,5
28,176,5
29,176,2
30,176,3
31,176,5
32,176,5
33,176,5
34,176,1
35,176,3
36,176,3
37,176,5
38,176,2
39,176,4
40,176,3
41,176,4
42,176,5
43,176,1
44,176,1
45,176,4
46,176,5
47,176,5
48,176,1
49,176,3
50,176,4
51,176,5
52,176,4
53,176,3
54,176,4
55,176,1
56,176,3
57,176,1
58,176,1
59,176,2
60,176,3
61,176,3
62,176,4
63,176,5
64,176,2
65,176,1
66,176,1
67,176,4
68,176,3
69,176,1
70,176,5
71,176,2
72,176,3
73,176,3
74,176,4
75,176,1
76,176,3
77,176,3
78,176,4
79,176,2
80,176,2
81,176,5
82,176,3
83,176,5
84,176,5
85,176,2
86,176,1
87,176,3
88,176,2
89,176,1
90,176,3
91,176,2
92,176,3
93,176,2
94,176,4
95,176,4
96,176,5
97,176,1
98,176,4
99,176,1
100,176,5
101,176,2
102,176,3
103,176,5
104,176,4
105,176,2
106,176,3
107,176,1
108,176,1
109,176,3
110,176,3
111,176,4
112,176,4
113,176,4
114,176,5
115,176,3
116,176,4
117,176,5
118,176,1
119,176,2
120,176,2
121,176,1
122,176,5
123,176,1
124,176,4
125,176,5
126,176,1
127,176,5
128,176,1
129,176,1
130,176,5
131,176,2
132,176,3
133,176,4
134,176,1
135,176,3
136,176,3
137,176,3
138,176,4
139,176,2
140,176,4
141,176,5
142,176,5
143,176,1
144,176,1
145,176,2
146,176,4
147,176,1
148,176,4
149,176,5
150,176,3
151,176,3
152,176,2
153,176,5
154,176,2
155,176,1
156,176,1
157,176,3
158,176,5
159,176,5
160,176,4
161,176,3
162,176,1
163,176,3
164,176,5
165,176,2
166,176,5
167,176,1
168,176,4
169,176,2
170,176,1
171,176,1
172,176,4
173,176,1
174,176,2
175,176,1
176,176,5
177,176,1
178,176,3
179,176,1
180,176,3
181,176,5
182,176,1
183,176,5
184,176,2
185,176,5
186,176,1
187,176,4
188,176,2
189,176,1
190,176,2
191,176,4
192,176,3
193,176,2
194,176,4
195,176,1
196,176,5
197,176,1
198,176,3
199,176,1
200,176,5
201,176,1
202,176,5
203,176,2
204,176,4
205,176,4
206,176,5
207,176,2
208,176,2
209,176,1
210,176,1
211,176,4
212,176,3
213,176,1
214,176,2
215,176,1
216,176,2
217,176,5
218,176,2
219,176,1
220,176,2
221,176,5
222,176,1
223,176,2
224,176,5
225,176,3
226,176,2
227,176,1
228,176,5
229,176,1
230,176,2
231,176,5
232,176,2
233,176,4
234,176,3
235,176,2
236,176,2
237,176,1
238,176,5
239,176,1
240,176,5
241,176,2
242,176,2
243,176,5
244,176,2
245,176,3
246,176,1
247,176,2
248,176,2
249,176,2
250,176,2
1,177,4
2,177,2
3,177,5
4,177,2
5,177,4
6,177,5
7,177,4
8,177,3
9,177,4
10,177,3
11,177,5
12,177,3
13,177,5
14,177,3
15,177,4
16,177,3
17,177,4
18,177,2
19,177,5
20,177,1
21,177,4
22,177,2
23,177,4
24,177,2
25,177,3
26,177,2
27,177,1
28,177,4
29,177,5
30,177,4
31,177,3
32,177,1
33,177,2
34,177,2
35,177,5
36,177,4
37,177,2
38,177,5
39,177,4
40,177,5
41,177,2
42,177,2
43,177,3
44,177,5
45,177,4
46,177,2
47,177,3
48,177,3
49,177,5
50,177,3
51,177,3
52,177,2
53,177,5
54,177,4
55,177,2
56,177,4
57,177,4
58,177,4
59,177,4
60,177,4
61,177,5
62,177,4
63,177,3
64,177,4
65,177,3
66,177,3
67,177,4
68,177,4
69,177,5
70,177,3
71,177,3
72,177,5
73,177,4
74,177,1
75,177,3
76,177,5
77,177,4
78,177,4
79,177,2
80,177,5
81,177,2
82,177,5
83,177,4
84,177,4
85,177,3
86,177,4
87,177,5
88,177,3
89,177,2
90,177,5
91,177,2
92,177,5
93,177,2
94,177,3
95,177,4
96,177,2
97,177,3
98,177,4
99,177,2
100,177,1
101,177,5
102,177,5
103,177,2
104,177,2
105,177,4
106,177,5
107,177,2
108,177,1
109,177,4
110,177,5
111,177,4
112,177,3
113,177,2
114,177,3
115,177,5
116,177,3
117,177,2
118,177,4
119,177,5
120,177,4
121,177,3
122,177,4
123,177,1
124,177,4
125,177,3
126,177,5
127,177,4
128,177,1
129,177,5
130,177,2
131,177,3
132,177,4
133,177,2
134,177,2
135,177,5
136,177,5
137,177,5
138,177,3
139,177,4
140,177,1
141,177,2
142,177,4
143,177,5
144,177,3
145,177,4
146,177,4
147,177,1
148,177,1
149,177,4
150,177,4
151,177,5
152,177,1
153,177,1
154,177,3
155,177,5
156,177,3
157,177,5
158,177,4
159,177,2
160,177,3
161,177,4
162,177,2
163,177,5
164,177,4
165,177,5
166,177,2
167,177,3
168,177,3
169,177,2
170,177,3
171,177,3
172,177,4
173,177,3
174,177,5
175,177,1
176,177,1
177,177,3
178,177,5
179,177,3
180,177,5
181,177,4
182,177,1
183,177,2
184,177,5
185,177,4
186,177,2
187,177,5
188,177,5
189,177,3
190,177,5
191,177,3
192,177,5
193,177,5
194,177,3
195,177,1
196,177,4
197,177,1
198,177,5
199,177,2
200,177,3
201,177,3
202,177,2
203,177,2
204,177,2
205,177,1
206,177,3
207,177,3
208,177,2
209,177,2
210,177,5
211,177,3
212,177,5
213,177,5
214,177,4
215,177,3
216,177,5
217,177,2
218,177,2
219,177,3
220,177,4
221,177,5
222,177,3
223,177,4
224,177,2
225,177,4
226,177,3
227,177,2
228,177,2
229,177,1
230,177,3
231,177,2
232,177,5
233,177,2
234,177,5
235,177,3
236,177,2
237,177,3
238,177,3
239,177,2
240,177,4
241,177,5
242,177,5
243,177,4
244,177,4
245,177,4
246,177,5
247,177,3
248,177,5
249,177,2
250,177,2
1,178,5
2,178,2
3,178,5
4,178,4
5,178,2
6,178,4
7,178,4
8,178,4
9,178,2
10,178,1
11,178,4
12,178,2
13,178,5
14,178,2
15,178,4
16,178,2
17,178,5
18,178,3
19,178,4
20,178,3
21,178,5
22,178,2
23,178,4
24,178,4
25,178,2
26,178,4
27,178,1
28,178,4
29,178,4
30,178,5
31,178,4
32,178,4
33,178,3
34,178,3
35,178,4
36,178,5
37,178,2
38,178,4
39,178,3
40,178,4
41,178,3
42,178,3
43,178,2
44,178,4
45,178,3
46,178,2
47,178,3
48,178,3
49,178,4
50,178,3
51,178,3
52,178,2
53,178,5
54,178,3
55,178,2
56,178,5
57,178,5
58,178,4
59,178,4
60,178,5
61,178,5
62,178,2
63,178,4
64,178,5
65,178,2
66,178,3
67,178,3
68,178,5
69,178,5
70,178,3
71,178,3
72,178,5
73,178,5
74,178,4
75,178,1
76,178,4
77,178,5
78,178,4
79,178,1
80,178,5
81,178,2
82,178,5
83,178,3
84,178,4
85,178,2
86,178,5
87,178,4
88,178,3
89,178,3
90,178,5
91,178,3
92,178,5
93,178,3
94,178,4
95,178,3
96,178,4
97,178,2
98,178,1
99,178,1
100,178,3
101,178,4
102,178,4
103,178,3
104,178,2
105,178,5
106,178,4
107,178,3
108,178,3
109,178,4
110,178,5
111,178,5
112,178,1
113,178,4
114,178,4
115,178,4
116,178,3
117,178,2
118,178,5
119,178,4
120,178,5
121,178,3
122,178,3
123,178,3
124,178,2
125,178,3
126,178,4
127,178,3
128,178,3
129,178,5
130,178,3
131,178,2
132,178,4
133,178,4
134,178,3
135,178,5
136,178,4
137,178,5
138,178,3
139,178,5
140,178,2
141,178,1
142,178,2
143,178,4
144,178,1
145,178,5
146,178,2
147,178,3
148,178,4
149,178,4
150,178,4
151,178,5
152,178,2
153,178,3
154,178,1
155,178,4
156,178,3
157,178,4
158,178,4
159,178,2
160,178,1
161,178,4
162,178,2
163,178,4
164,178,4
165,178,4
166,178,5
167,178,3
168,178,4
169,178,2
170,178,2
171,178,3
172,178,4
173,178,2
174,178,4
175,178,1
176,178,4
177,178,2
178,178,4
179,178,2
180,178,5
181,178,3
182,178,1
183,178,4
184,178,4
185,178,4
186,178,2
187,178,2
188,178,4
189,178,3
190,178,5
191,178,2
192,178,4
193,178,5
194,178,4
195,178,2
196,178,3
197,178,2
198,178,5
199,178,2
200,178,2
201,178,2
202,178,3
203,178,2
204,178,1
205,178,5
206,178,4
207,178,2
208,178,2
209,178,1
210,178,4
211,178,3
212,178,4
213,178,5
214,178,5
215,178,2
216,178,4
217,178,1
218,178,3
219,178,1
220,178,4
221,178,2
222,178,3
223,178,4
224,178,3
225,178,4
226,178,1
227,178,2
228,178,2
229,178,2
230,178,3
231,178,3
232,178,5
233,178,3
234,178,4
235,178,3
236,178,2
237,178,2
238,178,2
239,178,3
240,178,4
241,178,5
242,178,5
243,178,5
244,178,5
245,178,5
246,178,4
247,178,3
248,178,4
249,178,3
250,178,2
1,179,1
2,179,2
3,179,3
4,179,5
5,179,5
6,179,3
7,179,3
8,179,4
9,179,4
10,179,4
11,179,1
12,179,1
13,179,2
14,179,1
15,179,2
16,179,5
17,179,1
18,179,4
19,179,3
20,179,5
21,179,3
22,179,5
23,179,2
24,179,4
25,179,4
26,179,5
27,179,5
28,179,5
29,179,3
30,179,3
31,179,5
32,179,5
33,179,5
34,179,2
35,179,2
36,179,1
37,179,5
38,179,3
39,179,4
40,179,3
41,179,5
42,179,5
43,179,2
44,179,1
45,179,5
46,179,5
47,179,4
48,179,2
49,179,1
50,179,4
51,179,4
52,179,4
53,179,3
54,179,4
55,179,1
56,179,3
57,179,2
58,179,2
59,179,3
60,179,1
61,179,2
62,179,4
63,179,4
64,179,3
65,179,1
66,179,1
67,179,4
68,179,3
69,179,3
70,179,5
71,179,2
72,179,3
73,179,3
74,179,4
75,179,1
76,179,3
77,179,1
78,179,5
79,179,1
80,179,3
81,179,4
82,179,3
83,179,5
84,179,5
85,179,2
86,179,3
87,179,3
88,179,2
89,179,2
90,179,2
91,179,1
92,179,3
93,179,2
94,179,5
95,179,5
96,179,5
97,179,1
98,179,4
99,179,2
100,179,5
101,179,3
102,179,2
103,179,5
104,179,5
105,179,3
106,179,3
107,179,2
108,179,1
109,179,1
110,179,3
111,179,4
112,179,4
113,179,5
114,179,5
115,179,3
116,179,5
117,179,4
118,179,3
119,179,3
120,179,3
121,179,1
122,179,5
123,179,2
124,179,5
125,179,5
126,179,3
127,179,5
128,179,2
129,179,1
130,179,5
131,179,2
132,179,3
133,179,4
134,179,2
135,179,3
136,179,2
137,179,3
138,179,4
139,179,1
140,179,4
141,179,4
142,179,5
143,179,1
144,179,2
145,179,3
146,179,5
147,179,1
148,179,5
149,179,5
150,179,3
151,179,1
152,179,1
153,179,5
154,179,1
155,179,1
156,179,1
157,179,2
158,179,5
159,179,5
160,179,4
161,179,3
162,179,1
163,179,2
164,179,4
165,179,1
166,179,4
167,179,2
168,179,4
169,179,2
170,179,1
171,179,1
172,179,4
173,179,1
174,179,1
175,179,1
176,179,5
177,179,2
178,179,3
179,179,1
180,179,2
181,179,4
182,179,2
183,179,4
184,179,3
185,179,5
186,179,1
187,179,5
188,179,2
189,179,1
190,179,3
191,179,5
192,179,3
193,179,2
194,179,5
195,179,2
196,179,4
197,179,1
198,179,1
199,179,2
200,179,5
201,179,1
202,179,5
203,179,2
204,179,5
205,179,4
206,179,5
207,179,2
208,179,1
209,179,1
210,179,3
211,179,4
212,179,1
213,179,1
214,179,1
215,179,1
216,179,1
217,179,5
218,179,1
219,179,2
220,179,3
221,179,4
222,179,2
223,179,2
224,179,5
225,179,2
226,179,1
227,179,1
228,179,5
229,179,1
230,179,1
231,179,5
232,179,3
233,179,5
234,179,3
235,179,1
236,179,1
237,179,1
238,179,4
239,179,1
240,179,5
241,179,3
242,179,3
243,179,4
244,179,3
245,179,3
246,179,3
247,179,2
248,179,1
249,179,1
250,179,1
1,180,5
2,180,1
3,180,5
4,180,2
5,180,3
6,180,5
7,180,4
8,180,4
9,180,3
10,180,1
11,180,5
12,180,2
13,180,5
14,180,3
15,180,4
16,180,2
17,180,5
18,180,2
19,180,5
20,180,1
21,180,5
22,180,3
23,180,4
24,180,3
25,180,4
26,180,4
27,180,2
28,180,2
29,180,5
30,180,5
31,180,2
32,180,4
33,180,2
34,180,3
35,180,4
36,180,4
37,180,4
38,180,4
39,180,4
40,180,4
41,180,5
42,180,4
43,180,2
44,180,4
45,180,3
46,180,2
47,180,3
48,180,2
49,180,4
50,180,2
51,180,1
52,180,3
53,180,5
54,180,5
55,180,1
56,180,4
57,180,4
58,180,4
59,180,5
60,180,4
61,180,4
62,180,2
63,180,3
64,180,4
65,180,2
66,180,1
67,180,3
68,180,4
69,180,5
70,180,3
71,180,1
72,180,4
73,180,5
74,180,2
75,180,1
76,180,4
77,180,5
78,180,3
79,180,3
80,180,4
81,180,3
82,180,5
83,180,4
84,180,5
85,180,3
86,180,4
87,180,5
88,180,3
89,180,2
90,180,4
91,180,2
92,180,4
93,180,3
94,180,2
95,180,2
96,180,4
97,180,3
98,180,3
99,180,2
100,180,4
101,180,4
102,180,5
103,180,2
104,180,4
105,180,4
106,180,4
107,180,2
108,180,3
109,180,4
110,180,5
111,180,3
112,180,1
113,180,1
114,180,3
115,180,5
116,180,2
117,180,2
118,180,5
119,180,4
120,180,5
121,180,3
122,180,3
123,180,2
124,180,3
125,180,2
126,180,5
127,180,2
128,180,2
129,180,5
130,180,3
131,180,3
132,180,4
133,180,3
134,180,1
135,180,5
136,180,5
137,180,5
138,180,2
139,180,5
140,180,5
141,180,1
142,180,2
143,180,5
144,180,1
145,180,4
146,180,4
147,180,3
148,180,5
149,180,3
150,180,5
151,180,5
152,180,3
153,180,3
154,180,3
155,180,5
156,180,2
157,180,5
158,180,4
159,180,4
160,180,4
161,180,5
162,180,3
163,180,4
164,180,4
165,180,4
166,180,1
167,180,2
168,180,2
169,180,3
170,180,3
171,180,3
172,180,3
173,180,2
174,180,5
175,180,3
176,180,1
177,180,3
178,180,4
179,180,2
180,180,5
181,180,2
182,180,3
183,180,3
184,180,5
185,180,3
186,180,3
187,180,3
188,180,5
189,180,2
190,180,5
191,180,2
192,180,5
193,180,5
194,180,5
195,180,3
196,180,1
197,180,2
198,180,4
199,180,3
200,180,3
201,180,3
202,180,2
203,180,3
204,180,4
205,180,2
206,180,3
207,180,3
208,180,1
209,180,2
210,180,5
211,180,1
212,180,5
213,180,5
214,180,5
215,180,3
216,180,4
217,180,1
218,180,3
219,180,1
220,180,4
221,180,2
222,180,2
223,180,4
224,180,3
225,180,4
226,180,1
227,180,1
228,180,3
229,180,3
230,180,3
231,180,3
232,180,5
233,180,4
234,180,5
235,180,2
236,180,2
237,180,3
238,180,1
239,180,2
240,180,2
241,180,5
242,180,4
243,180,3
244,180,4
245,180,4
246,180,4
247,180,3
248,180,5
249,180,1
250,180,2
1,181,5
2,181,3
3,181,4
4,181,4
5,181,4
6,181,4
7,181,5
8,181,2
9,181,4
10,181,3
11,181,4
12,181,2
13,181,4
14,181,1
15,181,4
16,181,1
17,181,5
18,181,3
19,181,5
20,181,3
21,181,5
22,181,4
23,181,5
24,181,3
25,181,3
26,181,4
27,181,2
28,181,3
29,181,4
30,181,5
31,181,1
32,181,4
33,181,2
34,181,3
35,181,5
36,181,5
37,181,4
38,181,4
39,181,4
40,181,5
41,181,4
42,181,3
43,181,2
44,181,5
45,181,2
46,181,4
47,181,1
48,181,2
49,181,4
50,181,2
51,181,4
52,181,2
53,181,4
54,181,2
55,181,2
56,181,5
57,181,5
58,181,4
59,181,4
60,181,4
61,181,5
62,181,4
63,181,2
64,181,5
65,181,3
66,181,3
67,181,3
68,181,5
69,181,5
70,181,2
71,181,3
72,181,5
73,181,5
74,181,4
75,181,1
76,181,5
77,181,5
78,181,3
79,181,3
80,181,4
81,181,4
82,181,4
83,181,4
84,181,4
85,181,2
86,181,5
87,181,4
88,181,3
89,181,3
90,181,4
91,181,3
92,181,5
93,181,3
94,181,4
95,181,4
96,181,3
97,181,3
98,181,3
99,181,3
100,181,4
101,181,4
102,181,5
103,181,3
104,181,3
105,181,5
106,181,5
107,181,1
108,181,3
109,181,5
110,181,4
111,181,3
112,181,3
113,181,4
114,181,4
115,181,4
116,181,3
117,181,4
118,181,5
119,181,5
120,181,4
121,181,3
122,181,1
123,181,3
124,181,3
125,181,5
126,181,4
127,181,5
128,181,3
129,181,4
130,181,3
131,181,2
132,181,5
133,181,1
134,181,3
135,181,5
136,181,5
137,181,4
138,181,2
139,181,4
140,181,3
141,181,5
142,181,3
143,181,4
144,181,2
145,181,5
146,181,4
147,181,3
148,181,2
149,181,4
150,181,4
151,181,5
152,181,3
153,181,3
154,181,2
155,181,4
156,181,3
157,181,5
158,181,3
159,181,4
160,181,4
161,181,5
162,181,3
163,181,5
164,181,4
165,181,5
166,181,4
167,181,2
168,181,2
169,181,3
170,181,2
171,181,1
172,181,4
173,181,1
174,181,4
175,181,3
176,181,2
177,181,3
178,181,5
179,181,2
180,181,5
181,181,3
182,181,2
183,181,3
184,181,5
185,181,5
186,181,3
187,181,1
188,181,4
189,181,3
190,181,5
191,181,4
192,181,4
193,181,5
194,181,3
195,181,1
196,181,2
197,181,2
198,181,4
199,181,1
200,181,3
201,181,3
202,181,5
203,181,2
204,181,4
205,181,4
206,181,2
207,181,1
208,181,2
209,181,3
210,181,5
211,181,1
212,181,5
213,181,5
214,181,4
215,181,3
216,181,5
217,181,2
218,181,3
219,181,1
220,181,4
221,181,3
222,181,3
223,181,5
224,181,1
225,181,4
226,181,1
227,181,3
228,181,4
229,181,3
230,181,3
231,181,3
232,181,5
233,181,3
234,181,5
235,181,1
236,181,3
237,181,1
238,181,2
239,181,2
240,181,3
241,181,4
242,181,4
243,181,3
244,181,4
245,181,5
246,181,4
247,181,3
248,181,5
249,181,2
250,181,2
1,182,5
2,182,2
3,182,5
4,182,1
5,182,2
6,182,5
7,182,4
8,182,3
9,182,4
10,182,4
11,182,4
12,182,3
13,182,5
14,182,2
15,182,5
16,182,4
17,182,4
18,182,1
19,182,4
20,182,4
21,182,5
22,182,2
23,182,4
24,182,5
25,182,1
26,182,4
27,182,2
28,182,3
29,182,5
30,182,5
31,182,4
32,182,4
33,182,1
34,182,2
35,182,4
36,182,4
37,182,4
38,182,4
39,182,5
40,182,4
41,182,1
42,182,5
43,182,2
44,182,4
45,182,4
46,182,2
47,182,4
48,182,2
49,182,4
50,182,4
51,182,2
52,182,3
53,182,4
54,182,4
55,182,2
56,182,4
57,182,4
58,182,5
59,182,5
60,182,5
61,182,4
62,182,3
63,182,3
64,182,5
65,182,1
66,182,1
67,182,3
68,182,5
69,182,4
70,182,4
71,182,3
72,182,4
73,182,4
74,182,2
75,182,2
76,182,4
77,182,5
78,182,3
79,182,3
80,182,5
81,182,3
82,182,5
83,182,2
84,182,5
85,182,3
86,182,5
87,182,5
88,182,1
89,182,1
90,182,5
91,182,1
92,182,5
93,182,2
94,182,3
95,182,4
96,182,4
97,182,2
98,182,4
99,182,2
100,182,2
101,182,5
102,182,4
103,182,2
104,182,3
105,182,5
106,182,4
107,182,2
108,182,3
109,182,5
110,182,4
111,182,4
112,182,3
113,182,3
114,182,2
115,182,5
116,182,4
117,182,3
118,182,4
119,182,5
120,182,4
121,182,2
122,182,2
123,182,3
124,182,4
125,182,4
126,182,5
127,182,1
128,182,3
129,182,5
130,182,3
131,182,3
132,182,4
133,182,4
134,182,1
135,182,5
136,182,5
137,182,5
138,182,3
139,182,5
140,182,3
141,182,1
142,182,1
143,182,5
144,182,2
145,182,5
146,182,1
147,182,3
148,182,5
149,182,3
150,182,5
151,182,5
152,182,3
153,182,4
154,182,3
155,182,5
156,182,3
157,182,4
158,182,1
159,182,4
160,182,3
161,182,5
162,182,2
163,182,5
164,182,3
165,182,4
166,182,3
167,182,3
168,182,4
169,182,3
170,182,3
171,182,2
172,182,3
173,182,2
174,182,5
175,182,2
176,182,3
177,182,3
178,182,4
179,182,2
180,182,5
181,182,2
182,182,2
183,182,3
184,182,5
185,182,3
186,182,3
187,182,3
188,182,4
189,182,3
190,182,4
191,182,3
192,182,5
193,182,5
194,182,3
195,182,3
196,182,4
197,182,3
198,182,5
199,182,1
200,182,2
201,182,3
202,182,3
203,182,2
204,182,3
205,182,2
206,182,1
207,182,3
208,182,3
209,182,1
210,182,5
211,182,3
212,182,5
213,182,4
214,182,4
215,182,3
216,182,5
217,182,2
218,182,1
219,182,3
220,182,4
221,182,3
222,182,3
223,182,5
224,182,2
225,182,4
226,182,2
227,182,2
228,182,3
229,182,2
230,182,3
231,182,4
232,182,5
233,182,3
234,182,4
235,182,3
236,182,2
237,182,3
238,182,2
239,182,3
240,182,3
241,182,5
242,182,5
243,182,4
244,182,4
245,182,5
246,182,4
247,182,3
248,182,4
249,182,3
250,182,2
1,183,1
2,183,1
3,183,2
4,183,5
5,183,5
6,183,1
7,183,2
8,183,4
9,183,4
10,183,5
11,183,2
12,183,2
13,183,1
14,183,1
15,183,3
16,183,4
17,183,3
18,183,4
19,183,2
20,183,5
21,183,3
22,183,5
23,183,3
24,183,5
25,183,4
26,183,5
27,183,5
28,183,5
29,183,2
30,183,1
31,183,4
32,183,4
33,183,4
34,183,1
35,183,3
36,183,3
37,183,4
38,183,3
39,183,5
40,183,3
41,183,4
42,183,4
43,183,2
44,183,3
45,183,4
46,183,4
47,183,4
48,183,1
49,183,3
50,183,5
51,183,5
52,183,5
53,183,2
54,183,4
55,183,1
56,183,3
57,183,1
58,183,1
59,183,1
60,183,3
61,183,1
62,183,4
63,183,4
64,183,3
65,183,1
66,183,1
67,183,5
68,183,3
69,183,1
70,183,4
71,183,1
72,183,3
73,183,3
74,183,4
75,183,2
76,183,1
77,183,3
78,183,5
79,183,1
80,183,3
81,183,5
82,183,3
83,183,5
84,183,5
85,183,1
86,183,3
87,183,1
88,183,1
89,183,1
90,183,3
91,183,2
92,183,2
93,183,2
94,183,4
95,183,4
96,183,4
97,183,1
98,183,5
99,183,1
100,183,5
101,183,3
102,183,3
103,183,4
104,183,5
105,183,3
106,183,3
107,183,2
108,183,2
109,183,2
110,183,1
111,183,4
112,183,4
113,183,5
114,183,5
115,183,3
116,183,4
117,183,5
118,183,1
119,183,3
120,183,3
121,183,1
122,183,4
123,183,1
124,183,4
125,183,5
126,183,3
127,183,5
128,183,1
129,183,2
130,183,5
131,183,1
132,183,2
133,183,5
134,183,1
135,183,2
136,183,3
137,183,3
138,183,4
139,183,1
140,183,5
141,183,5
142,183,5
143,183,3
144,183,2
145,183,3
146,183,5
147,183,1
148,183,4
149,183,4
150,183,2
151,183,3
152,183,1
153,183,4
154,183,1
155,183,3
156,183,1
157,183,3
158,183,5
159,183,4
160,183,5
161,183,2
162,183,2
163,183,3
164,183,4
165,183,2
166,183,5
167,183,2
168,183,5
169,183,2
170,183,2
171,183,2
172,183,5
173,183,1
174,183,2
175,183,2
176,183,4
177,183,1
178,183,3
179,183,1
180,183,1
181,183,5
182,183,2
183,183,4
184,183,1
185,183,5
186,183,1
187,183,5
188,183,3
189,183,1
190,183,2
191,183,4
192,183,2
193,183,2
194,183,4
195,183,1
196,183,5
197,183,2
198,183,2
199,183,1
200,183,4
201,183,1
202,183,5
203,183,1
204,183,5
205,183,5
206,183,4
207,183,2
208,183,1
209,183,2
210,183,1
211,183,5
212,183,1
213,183,3
214,183,3
215,183,2
216,183,3
217,183,5
218,183,1
219,183,1
220,183,2
221,183,5
222,183,1
223,183,3
224,183,5
225,183,2
226,183,2
227,183,1
228,183,5
229,183,1
230,183,2
231,183,5
232,183,2
233,183,4
234,183,3
235,183,1
236,183,2
237,183,1
238,183,5
239,183,1
240,183,5
241,183,2
242,183,2
243,183,5
244,183,2
245,183,3
246,183,2
247,183,2
248,183,3
249,183,1
250,183,2
1,185,3
2,185,1
3,185,1
4,185,5
5,185,4
6,185,1
7,185,3
8,185,5
9,185,4
10,185,5
11,185,3
12,185,1
13,185,3
14,185,2
15,185,3
16,185,5
17,185,1
18,185,5
19,185,1
20,185,4
21,185,3
22,185,4
23,185,1
24,185,5
25,185,5
26,185,4
27,185,5
28,185,5
29,185,3
30,185,1
31,185,5
32,185,4
33,185,4
34,185,1
35,185,2
36,185,3
37,185,4
38,185,3
39,185,4
40,185,3
41,185,4
42,185,4
43,185,1
44,185,3
45,185,4
46,185,5
47,185,5
48,185,2
49,185,3
50,185,4
51,185,5
52,185,5
53,185,3
54,185,4
55,185,2
56,185,1
57,185,3
58,185,2
59,185,3
60,185,1
61,185,3
62,185,5
63,185,5
64,185,3
65,185,2
66,185,2
67,185,5
68,185,3
69,185,3
70,185,5
71,185,1
72,185,1
73,185,3
74,185,5
75,185,1
76,185,3
77,185,3
78,185,4
79,185,1
80,185,3
81,185,5
82,185,2
83,185,5
84,185,4
85,185,2
86,185,3
87,185,3
88,185,2
89,185,1
90,185,2
91,185,1
92,185,3
93,185,2
94,185,5
95,185,5
96,185,5
97,185,2
98,185,4
99,185,1
100,185,5
101,185,3
102,185,3
103,185,4
104,185,5
105,185,2
106,185,1
107,185,1
108,185,1
109,185,2
110,185,3
111,185,4
112,185,5
113,185,5
114,185,4
115,185,3
116,185,5
117,185,5
118,185,2
119,185,1
120,185,3
121,185,1
122,185,5
123,185,1
124,185,5
125,185,5
126,185,3
127,185,5
128,185,2
129,185,2
130,185,5
131,185,1
132,185,2
133,185,5
134,185,2
135,185,1
136,185,1
137,185,3
138,185,4
139,185,3
140,185,5
141,185,5
142,185,4
143,185,2
144,185,2
145,185,3
146,185,5
147,185,1
148,185,5
149,185,5
150,185,3
151,185,3
152,185,1
153,185,5
154,185,1
155,185,3
156,185,1
157,185,3
158,185,5
159,185,5
160,185,4
161,185,1
162,185,1
163,185,2
164,185,4
165,185,3
166,185,5
167,185,1
168,185,4
169,185,1
170,185,1
171,185,1
172,185,4
173,185,1
174,185,3
175,185,1
176,185,5
177,185,1
178,185,1
179,185,1
180,185,1
181,185,5
182,185,1
183,185,5
184,185,3
185,185,5
186,185,2
187,185,4
188,185,3
189,185,1
190,185,2
191,185,5
192,185,3
193,185,2
194,185,5
195,185,1
196,185,5
197,185,1
198,185,3
199,185,2
200,185,4
201,185,2
202,185,4
203,185,1
204,185,4
205,185,5
206,185,4
207,185,1
208,185,2
209,185,1
210,185,3
211,185,5
212,185,2
213,185,3
214,185,1
215,185,1
216,185,3
217,185,4
218,185,1
219,185,1
220,185,1
221,185,5
222,185,1
223,185,2
224,185,5
225,185,2
226,185,1
227,185,1
228,185,4
229,185,2
230,185,1
231,185,4
232,185,3
233,185,5
234,185,3
235,185,2
236,185,1
237,185,1
238,185,5
239,185,1
240,185,5
241,185,2
242,185,3
243,185,5
244,185,3
245,185,2
246,185,2
247,185,2
248,185,2
249,185,1
250,185,2
1,186,2
2,186,1
3,186,3
4,186,5
5,186,4
6,186,2
7,186,1
8,186,5
9,186,5
10,186,4
11,186,3
12,186,1
13,186,2
14,186,1
15,186,1
16,186,5
17,186,1
18,186,5
19,186,2
20,186,4
21,186,2
22,186,5
23,186,3
24,186,5
25,186,5
26,186,5
27,186,4
28,186,5
29,186,3
30,186,3
31,186,4
32,186,5
33,186,4
34,186,2
35,186,1
36,186,3
37,186,5
38,186,2
39,186,5
40,186,2
41,186,5
42,186,5
43,186,2
44,186,2
45,186,5
46,186,5
47,186,4
48,186,1
49,186,3
50,186,4
51,186,4
52,186,5
53,186,3
54,186,5
55,186,1
56,186,1
57,186,3
58,186,3
59,186,2
60,186,2
61,186,3
62,186,4
63,186,5
64,186,3
65,186,2
66,186,1
67,186,5
68,186,3
69,186,3
70,186,5
71,186,1
72,186,2
73,186,3
74,186,4
75,186,2
76,186,3
77,186,2
78,186,5
79,186,1
80,186,3
81,186,4
82,186,2
83,186,5
84,186,4
85,186,1
86,186,2
87,186,3
88,186,1
89,186,2
90,186,2
91,186,1
92,186,2
93,186,1
94,186,5
95,186,4
96,186,5
97,186,1
98,186,5
99,186,2
100,186,4
101,186,3
102,186,1
103,186,4
104,186,4
105,186,3
106,186,3
107,186,1
108,186,1
109,186,3
110,186,3
111,186,4
112,186,5
113,186,4
114,186,4
115,186,1
116,186,4
117,186,4
118,186,2
119,186,2
120,186,3
121,186,1
122,186,5
123,186,1
124,186,5
125,186,5
126,186,3
127,186,4
128,186,1
129,186,2
130,186,4
131,186,1
132,186,1
133,186,5
134,186,2
135,186,1
136,186,3
137,186,2
138,186,5
139,186,3
140,186,5
141,186,4
142,186,5
143,186,2
144,186,1
145,186,3
146,186,4
147,186,1
148,186,5
149,186,4
150,186,2
151,186,3
152,186,1
153,186,5
154,186,1
155,186,3
156,186,1
157,186,1
158,186,4
159,186,5
160,186,5
161,186,3
162,186,1
163,186,3
164,186,4
165,186,3
166,186,4
167,186,1
168,186,4
169,186,2
170,186,1
171,186,1
172,186,5
173,186,2
174,186,1
175,186,2
176,186,5
177,186,1
178,186,2
179,186,1
180,186,2
181,186,4
182,186,2
183,186,4
184,186,3
185,186,5
186,186,1
187,186,5
188,186,1
189,186,2
190,186,3
191,186,5
192,186,3
193,186,2
194,186,5
195,186,1
196,186,4
197,186,1
198,186,3
199,186,1
200,186,5
201,186,2
202,186,5
203,186,2
204,186,5
205,186,4
206,186,5
207,186,2
208,186,2
209,186,1
210,186,3
211,186,4
212,186,1
213,186,1
214,186,2
215,186,2
216,186,1
217,186,4
218,186,1
219,186,1
220,186,3
221,186,5
222,186,2
223,186,3
224,186,5
225,186,1
226,186,1
227,186,1
228,186,5
229,186,2
230,186,1
231,186,5
232,186,2
233,186,5
234,186,3
235,186,1
236,186,2
237,186,2
238,186,4
239,186,2
240,186,5
241,186,1
242,186,1
243,186,5
244,186,2
245,186,2
246,186,1
247,186,2
248,186,3
249,186,1
250,186,1
1,187,2
2,187,1
3,187,2
4,187,4
5,187,5
6,187,2
7,187,3
8,187,5
9,187,5
10,187,5
11,187,1
12,187,1
13,187,2
14,187,1
15,187,2
16,187,5
17,187,3
18,187,4
19,187,3
20,187,4
21,187,2
22,187,4
23,187,3
24,187,5
25,187,5
26,187,4
27,187,5
28,187,4
29,187,3
30,187,2
31,187,5
32,187,5
33,187,4
34,187,1
35,187,3
36,187,2
37,187,4
38,187,3
39,187,5
40,187,3
41,187,5
42,187,4
43,187,1
44,187,2
45,187,4
46,187,5
47,187,4
48,187,2
49,187,1
50,187,4
51,187,5
52,187,5
53,187,3
54,187,5
55,187,1
56,187,3
57,187,2
58,187,2
59,187,3
60,187,3
61,187,3
62,187,4
63,187,4
64,187,3
65,187,1
66,187,2
67,187,5
68,187,1
69,187,3
70,187,5
71,187,2
72,187,3
73,187,2
74,187,4
75,187,1
76,187,3
77,187,1
78,187,5
79,187,1
80,187,3
81,187,5
82,187,3
83,187,5
84,187,5
85,187,1
86,187,2
87,187,3
88,187,1
89,187,1
90,187,1
91,187,2
92,187,3
93,187,1
94,187,5
95,187,5
96,187,5
97,187,1
98,187,4
99,187,1
100,187,5
101,187,3
102,187,2
103,187,4
104,187,4
105,187,3
106,187,3
107,187,1
108,187,1
109,187,3
110,187,2
111,187,5
112,187,5
113,187,5
114,187,5
115,187,3
116,187,5
117,187,5
118,187,2
119,187,2
120,187,1
121,187,1
122,187,4
123,187,2
124,187,4
125,187,4
126,187,3
127,187,4
128,187,1
129,187,2
130,187,4
131,187,1
132,187,3
133,187,5
134,187,1
135,187,3
136,187,3
137,187,3
138,187,5
139,187,2
140,187,5
141,187,4
142,187,4
143,187,1
144,187,2
145,187,2
146,187,4
147,187,1
148,187,5
149,187,5
150,187,2
151,187,2
152,187,2
153,187,4
154,187,1
155,187,3
156,187,2
157,187,3
158,187,4
159,187,4
160,187,5
161,187,2
162,187,1
163,187,2
164,187,4
165,187,3
166,187,5
167,187,1
168,187,4
169,187,1
170,187,2
171,187,2
172,187,5
173,187,1
174,187,3
175,187,1
176,187,4
177,187,1
178,187,1
179,187,1
180,187,1
181,187,5
182,187,1
183,187,4
184,187,2
185,187,5
186,187,1
187,187,5
188,187,3
189,187,1
190,187,1
191,187,4
192,187,3
193,187,3
194,187,5
195,187,2
196,187,4
197,187,2
198,187,2
199,187,1
200,187,4
201,187,2
202,187,4
203,187,1
204,187,5
205,187,4
206,187,5
207,187,1
208,187,2
209,187,1
210,187,3
211,187,4
212,187,2
213,187,2
214,187,3
215,187,2
216,187,2
217,187,4
218,187,2
219,187,1
220,187,2
221,187,5
222,187,2
223,187,2
224,187,5
225,187,3
226,187,2
227,187,1
228,187,5
229,187,1
230,187,2
231,187,5
232,187,3
233,187,5
234,187,3
235,187,1
236,187,2
237,187,1
238,187,5
239,187,2
240,187,5
241,187,2
242,187,2
243,187,5
244,187,3
245,187,2
246,187,3
247,187,1
248,187,3
249,187,2
250,187,2
1,188,2
2,188,1
3,188,1
4,188,4
5,188,4
6,188,3
7,188,2
8,188,5
9,188,4
10,188,5
11,188,3
12,188,2
13,188,2
14,188,1
15,188,3
16,188,5
17,188,3
18,188,4
19,188,2
20,188,4
21,188,2
22,188,5
23,188,1
24,188,5
25,188,5
26,188,4
27,188,5
28,188,5
29,188,3
30,188,3
31,188,5
32,188,4
33,188,4
34,188,1
35,188,3
36,188,3
37,188,5
38,188,3
39,188,4
40,188,2
41,188,4
42,188,4
43,188,1
44,188,3
45,188,5
46,188,5
47,188,5
48,188,1
49,188,2
50,188,5
51,188,4
52,188,5
53,188,1
54,188,4
55,188,1
56,188,1
57,188,1
58,188,2
59,188,3
60,188,3
61,188,3
62,188,5
63,188,5
64,188,2
65,188,1
66,188,1
67,188,4
68,188,2
69,188,3
70,188,4
71,188,1
72,188,3
73,188,3
74,188,4
75,188,1
76,188,3
77,188,3
78,188,5
79,188,1
80,188,2
81,188,4
82,188,3
83,188,5
84,188,5
85,188,1
86,188,3
87,188,2
88,188,2
89,188,1
90,188,1
91,188,1
92,188,3
93,188,1
94,188,5
95,188,5
96,188,5
97,188,1
98,188,4
99,188,2
100,188,4
101,188,1
102,188,2
103,188,5
104,188,5
105,188,2
106,188,2
107,188,1
108,188,1
109,188,1
110,188,3
111,188,5
112,188,5
113,188,5
114,188,4
115,188,2
116,188,4
117,188,5
118,188,3
119,188,2
120,188,2
121,188,1
122,188,5
123,188,1
124,188,4
125,188,4
126,188,3
127,188,5
128,188,1
129,188,2
130,188,5
131,188,1
132,188,3
133,188,4
134,188,1
135,188,2
136,188,2
137,188,3
138,188,5
139,188,2
140,188,5
141,188,4
142,188,4
143,188,2
144,188,1
145,188,3
146,188,4
147,188,2
148,188,4
149,188,4
150,188,2
151,188,2
152,188,2
153,188,4
154,188,2
155,188,1
156,188,1
157,188,1
158,188,4
159,188,4
160,188,4
161,188,2
162,188,1
163,188,2
164,188,4
165,188,3
166,188,5
167,188,2
168,188,5
169,188,2
170,188,1
171,188,1
172,188,5
173,188,1
174,188,1
175,188,1
176,188,4
177,188,1
178,188,2
179,188,1
180,188,2
181,188,5
182,188,1
183,188,5
184,188,2
185,188,4
186,188,1
187,188,5
188,188,1
189,188,1
190,188,1
191,188,4
192,188,1
193,188,2
194,188,5
195,188,2
196,188,4
197,188,1
198,188,2
199,188,1
200,188,5
201,188,1
202,188,5
203,188,2
204,188,5
205,188,5
206,188,5
207,188,1
208,188,1
209,188,2
210,188,3
211,188,5
212,188,3
213,188,3
214,188,1
215,188,1
216,188,3
217,188,4
218,188,1
219,188,1
220,188,3
221,188,4
222,188,1
223,188,3
224,188,5
225,188,1
226,188,1
227,188,1
228,188,4
229,188,1
230,188,2
231,188,4
232,188,2
233,188,4
234,188,3
235,188,1
236,188,2
237,188,2
238,188,5
239,188,2
240,188,5
241,188,3
242,188,2
243,188,5
244,188,2
245,188,3
246,188,2
247,188,1
248,188,3
249,188,1
250,188,1
1,189,3
2,189,2
3,189,3
4,189,4
5,189,5
6,189,3
7,189,3
8,189,5
9,189,5
10,189,5
11,189,3
12,189,2
13,189,3
14,189,1
15,189,3
16,189,4
17,189,2
18,189,4
19,189,3
20,189,5
21,189,3
22,189,4
23,189,1
24,189,5
25,189,4
26,189,5
27,189,5
28,189,5
29,189,2
30,189,3
31,189,5
32,189,4
33,189,5
34,189,2
35,189,3
36,189,2
37,189,5
38,189,2
39,189,5
40,189,3
41,189,5
42,189,5
43,189,2
44,189,1
45,189,4
46,189,4
47,189,5
48,189,2
49,189,1
50,189,4
51,189,5
52,189,5
53,189,3
54,189,5
55,189,1
56,189,2
57,189,2
58,189,1
59,189,3
60,189,3
61,189,3
62,189,4
63,189,5
64,189,2
65,189,2
66,189,2
67,189,5
68,189,2
69,189,3
70,189,5
71,189,1
72,189,3
73,189,2
74,189,5
75,189,1
76,189,3
77,189,2
78,189,4
79,189,2
80,189,1
81,189,4
82,189,2
83,189,5
84,189,5
85,189,1
86,189,3
87,189,3
88,189,2
89,189,1
90,189,3
91,189,2
92,189,2
93,189,1
94,189,4
95,189,5
96,189,5
97,189,1
98,189,5
99,189,1
100,189,5
101,189,3
102,189,3
103,189,5
104,189,5
105,189,1
106,189,3
107,189,1
108,189,1
109,189,2
110,189,3
111,189,5
112,189,5
113,189,4
114,189,5
115,189,2
116,189,5
117,189,5
118,189,2
119,189,2
120,189,3
121,189,1
122,189,4
123,189,2
124,189,5
125,189,5
126,189,3
127,189,4
128,189,2
129,189,1
130,189,4
131,189,1
132,189,1
133,189,4
134,189,1
135,189,2
136,189,1
137,189,3
138,189,5
139,189,1
140,189,4
141,189,5
142,189,5
143,189,3
144,189,1
145,189,3
146,189,4
147,189,2
148,189,4
149,189,5
150,189,2
151,189,3
152,189,2
153,189,5
154,189,1
155,189,2
156,189,1
157,189,2
158,189,5
159,189,4
160,189,5
161,189,2
162,189,1
163,189,2
164,189,5
165,189,3
166,189,5
167,189,1
168,189,5
169,189,1
170,189,1
171,189,2
172,189,4
173,189,1
174,189,2
175,189,2
176,189,5
177,189,1
178,189,2
179,189,2
180,189,1
181,189,5
182,189,2
183,189,5
184,189,2
185,189,5
186,189,2
187,189,5
188,189,3
189,189,2
190,189,3
191,189,5
192,189,1
193,189,3
194,189,5
195,189,1
196,189,5
197,189,1
198,189,2
199,189,2
200,189,5
201,189,1
202,189,4
203,189,1
204,189,5
205,189,5
206,189,5
207,189,1
208,189,1
209,189,2
210,189,3
211,189,5
212,189,2
213,189,2
214,189,3
215,189,2
216,189,3
217,189,5
218,189,2
219,189,2
220,189,2
221,189,4
222,189,1
223,189,1
224,189,4
225,189,3
226,189,2
227,189,1
228,189,5
229,189,1
230,189,1
231,189,4
232,189,2
233,189,5
234,189,3
235,189,2
236,189,2
237,189,1
238,189,5
239,189,2
240,189,4
241,189,3
242,189,3
243,189,5
244,189,3
245,189,3
246,189,3
247,189,1
248,189,3
249,189,2
250,189,1
1,190,4
2,190,3
3,190,5
4,190,1
5,190,1
6,190,4
7,190,5
8,190,3
9,190,1
10,190,1
11,190,4
12,190,1
13,190,5
14,190,2
15,190,4
16,190,4
17,190,5
18,190,4
19,190,5
20,190,5
21,190,5
22,190,2
23,190,4
24,190,2
25,190,4
26,190,3
27,190,2
28,190,4
29,190,5
30,190,4
31,190,3
32,190,3
33,190,2
34,190,3
35,190,5
36,190,5
37,190,3
38,190,4
39,190,3
40,190,4
41,190,2
42,190,4
43,190,3
44,190,4
45,190,1
46,190,1
47,190,4
48,190,3
49,190,5
50,190,3
51,190,2
52,190,2
53,190,5
54,190,1
55,190,2
56,190,5
57,190,4
58,190,5
59,190,5
60,190,5
61,190,5
62,190,2
63,190,3
64,190,4
65,190,2
66,190,2
67,190,2
68,190,5
69,190,5
70,190,2
71,190,3
72,190,5
73,190,5
74,190,3
75,190,1
76,190,5
77,190,5
78,190,5
79,190,2
80,190,5
81,190,3
82,190,5
83,190,3
84,190,3
85,190,1
86,190,5
87,190,4
88,190,3
89,190,3
90,190,5
91,190,2
92,190,5
93,190,2
94,190,5
95,190,3
96,190,2
97,190,3
98,190,1
99,190,2
100,190,3
101,190,4
102,190,4
103,190,4
104,190,2
105,190,5
106,190,5
107,190,3
108,190,3
109,190,5
110,190,4
111,190,2
112,190,2
113,190,3
114,190,4
115,190,5
116,190,3
117,190,4
118,190,5
119,190,5
120,190,5
121,190,2
122,190,4
123,190,2
124,190,2
125,190,3
126,190,5
127,190,5
128,190,3
129,190,4
130,190,1
131,190,3
132,190,4
133,190,3
134,190,3
135,190,4
136,190,5
137,190,4
138,190,4
139,190,5
140,190,4
141,190,4
142,190,3
143,190,5
144,190,3
145,190,5
146,190,3
147,190,3
148,190,4
149,190,4
150,190,5
151,190,5
152,190,3
153,190,4
154,190,2
155,190,4
156,190,3
157,190,5
158,190,3
159,190,4
160,190,3
161,190,5
162,190,2
163,190,5
164,190,1
165,190,5
166,190,2
167,190,3
168,190,5
169,190,1
170,190,1
171,190,3
172,190,2
173,190,1
174,190,4
175,190,2
176,190,2
177,190,1
178,190,5
179,190,2
180,190,5
181,190,1
182,190,2
183,190,3
184,190,5
185,190,4
186,190,2
187,190,3
188,190,5
189,190,2
190,190,5
191,190,2
192,190,5
193,190,5
194,190,4
195,190,3
196,190,4
197,190,2
198,190,5
199,190,3
200,190,2
201,190,2
202,190,5
203,190,3
204,190,4
205,190,2
206,190,3
207,190,3
208,190,3
209,190,3
210,190,5
211,190,4
212,190,5
213,190,5
214,190,5
215,190,1
216,190,4
217,190,3
218,190,2
219,190,2
220,190,5
221,190,4
222,190,2
223,190,4
224,190,4
225,190,5
226,190,2
227,190,3
228,190,3
229,190,2
230,190,2
231,190,1
232,190,5
233,190,4
234,190,5
235,190,2
236,190,2
237,190,1
238,190,4
239,190,2
240,190,5
241,190,5
242,190,5
243,190,2
244,190,4
245,190,5
246,190,5
247,190,2
248,190,4
249,190,2
250,190,2
1,191,5
2,191,1
3,191,5
4,191,4
5,191,3
6,191,4
7,191,4
8,191,2
9,191,4
10,191,3
11,191,4
12,191,3
13,191,5
14,191,2
15,191,4
16,191,4
17,191,4
18,191,3
19,191,5
20,191,3
21,191,4
22,191,2
23,191,4
24,191,1
25,191,1
26,191,4
27,191,3
28,191,4
29,191,5
30,191,4
31,191,4
32,191,2
33,191,2
34,191,3
35,191,5
36,191,5
37,191,3
38,191,5
39,191,2
40,191,5
41,191,3
42,191,4
43,191,2
44,191,5
45,191,3
46,191,4
47,191,2
48,191,2
49,191,5
50,191,4
51,191,3
52,191,3
53,191,5
54,191,4
55,191,1
56,191,4
57,191,4
58,191,5
59,191,4
60,191,5
61,191,5
62,191,2
63,191,2
64,191,5
65,191,2
66,191,3
67,191,2
68,191,5
69,191,5
70,191,4
71,191,2
72,191,4
73,191,4
74,191,3
75,191,2
76,191,5
77,191,5
78,191,3
79,191,3
80,191,5
81,191,3
82,191,4
83,191,4
84,191,4
85,191,2
86,191,5
87,191,5
88,191,3
89,191,2
90,191,5
91,191,3
92,191,4
93,191,2
94,191,3
95,191,2
96,191,4
97,191,3
98,191,3
99,191,2
100,191,3
101,191,5
102,191,4
103,191,2
104,191,2
105,191,5
106,191,5
107,191,1
108,191,3
109,191,5
110,191,4
111,191,5
112,191,4
113,191,4
114,191,2
115,191,4
116,191,4
117,191,1
118,191,5
119,191,4
120,191,5
121,191,3
122,191,3
123,191,2
124,191,4
125,191,1
126,191,4
127,191,3
128,191,3
129,191,4
130,191,5
131,191,1
132,191,4
133,191,2
134,191,3
135,191,5
136,191,4
137,191,4
138,191,3
139,191,4
140,191,3
141,191,3
142,191,4
143,191,4
144,191,2
145,191,5
146,191,4
147,191,1
148,191,4
149,191,4
150,191,5
151,191,5
152,191,1
153,191,2
154,191,2
155,191,4
156,191,2
157,191,4
158,191,4
159,191,2
160,191,2
161,191,4
162,191,3
163,191,5
164,191,4
165,191,5
166,191,3
167,191,3
168,191,2
169,191,3
170,191,2
171,191,3
172,191,2
173,191,3
174,191,4
175,191,2
176,191,4
177,191,3
178,191,5
179,191,2
180,191,5
181,191,1
182,191,2
183,191,4
184,191,4
185,191,3
186,191,1
187,191,1
188,191,5
189,191,3
190,191,5
191,191,4
192,191,4
193,191,5
194,191,1
195,191,1
196,191,3
197,191,2
198,191,5
199,191,1
200,191,1
201,191,2
202,191,1
203,191,2
204,191,2
205,191,3
206,191,4
207,191,2
208,191,2
209,191,1
210,191,5
211,191,5
212,191,5
213,191,5
214,191,5
215,191,2
216,191,4
217,191,3
218,191,3
219,191,3
220,191,5
221,191,5
222,191,3
223,191,4
224,191,2
225,191,4
226,191,3
227,191,3
228,191,1
229,191,2
230,191,2
231,191,4
232,191,4
233,191,2
234,191,4
235,191,3
236,191,2
237,191,1
238,191,2
239,191,1
240,191,2
241,191,5
242,191,5
243,191,3
244,191,4
245,191,4
246,191,4
247,191,2
248,191,5
249,191,3
250,191,3
1,192,2
2,192,1
3,192,3
4,192,5
5,192,4
6,192,3
7,192,3
8,192,5
9,192,5
10,192,5
11,192,2
12,192,2
13,192,2
14,192,1
15,192,2
16,192,5
17,192,2
18,192,4
19,192,1
20,192,4
21,192,3
22,192,4
23,192,2
24,192,5
25,192,5
26,192,4
27,192,4
28,192,4
29,192,1
30,192,2
31,192,4
32,192,5
33,192,4
34,192,2
35,192,2
36,192,2
37,192,5
38,192,2
39,192,4
40,192,1
41,192,4
42,192,4
43,192,1
44,192,2
45,192,5
46,192,5
47,192,5
48,192,2
49,192,1
50,192,5
51,192,5
52,192,4
53,192,3
54,192,4
55,192,1
56,192,2
57,192,2
58,192,3
59,192,1
60,192,1
61,192,3
62,192,5
63,192,5
64,192,3
65,192,1
66,192,1
67,192,5
68,192,3
69,192,3
70,192,5
71,192,2
72,192,3
73,192,2
74,192,5
75,192,1
76,192,3
77,192,2
78,192,5
79,192,2
80,192,1
81,192,5
82,192,2
83,192,5
84,192,4
85,192,1
86,192,3
87,192,3
88,192,1
89,192,1
90,192,3
91,192,1
92,192,3
93,192,1
94,192,5
95,192,5
96,192,5
97,192,1
98,192,4
99,192,2
100,192,4
101,192,3
102,192,3
103,192,5
104,192,5
105,192,3
106,192,3
107,192,1
108,192,1
109,192,2
110,192,3
111,192,5
112,192,5
113,192,4
114,192,5
115,192,3
116,192,4
117,192,4
118,192,3
119,192,3
120,192,1
121,192,1
122,192,5
123,192,1
124,192,5
125,192,5
126,192,3
127,192,5
128,192,1
129,192,3
130,192,5
131,192,1
132,192,1
133,192,5
134,192,1
135,192,2
136,192,2
137,192,1
138,192,5
139,192,3
140,192,5
141,192,4
142,192,5
143,192,2
144,192,1
145,192,2
146,192,4
147,192,1
148,192,4
149,192,5
150,192,2
151,192,3
152,192,1
153,192,4
154,192,1
155,192,2
156,192,1
157,192,3
158,192,5
159,192,5
160,192,4
161,192,2
162,192,1
163,192,2
164,192,5
165,192,3
166,192,5
167,192,2
168,192,5
169,192,1
170,192,1
171,192,2
172,192,4
173,192,2
174,192,3
175,192,2
176,192,5
177,192,2
178,192,2
179,192,1
180,192,3
181,192,5
182,192,1
183,192,4
184,192,3
185,192,5
186,192,1
187,192,5
188,192,3
189,192,2
190,192,3
191,192,4
192,192,2
193,192,1
194,192,5
195,192,1
196,192,5
197,192,1
198,192,1
199,192,1
200,192,4
201,192,1
202,192,5
203,192,1
204,192,5
205,192,5
206,192,5
207,192,1
208,192,1
209,192,1
210,192,3
211,192,5
212,192,3
213,192,3
214,192,2
215,192,2
216,192,3
217,192,5
218,192,1
219,192,1
220,192,1
221,192,5
222,192,2
223,192,3
224,192,5
225,192,3
226,192,1
227,192,2
228,192,4
229,192,1
230,192,2
231,192,4
232,192,2
233,192,4
234,192,2
235,192,2
236,192,1
237,192,1
238,192,4
239,192,1
240,192,4
241,192,2
242,192,1
243,192,5
244,192,3
245,192,2
246,192,2
247,192,2
248,192,1
249,192,1
250,192,1
1,193,3
2,193,1
3,193,3
4,193,4
5,193,5
6,193,2
7,193,3
8,193,5
9,193,5
10,193,5
11,193,2
12,193,1
13,193,3
14,193,2
15,193,2
16,193,4
17,193,3
18,193,4
19,193,1
20,193,5
21,193,3
22,193,5
23,193,2
24,193,5
25,193,5
26,193,4
27,193,4
28,193,4
29,193,2
30,193,3
31,193,4
32,193,5
33,193,5
34,193,1
35,193,3
36,193,3
37,193,5
38,193,3
39,193,4
40,193,1
41,193,4
42,193,5
43,193,1
44,193,3
45,193,4
46,193,5
47,193,5
48,193,2
49,193,3
50,193,4
51,193,5
52,193,5
53,193,1
54,193,5
55,193,1
56,193,3
57,193,2
58,193,3
59,193,3
60,193,2
61,193,2
62,193,5
63,193,4
64,193,3
65,193,1
66,193,1
67,193,5
68,193,3
69,193,2
70,193,5
71,193,1
72,193,2
73,193,1
74,193,5
75,193,2
76,193,1
77,193,1
78,193,5
79,193,1
80,193,3
81,193,5
82,193,2
83,193,5
84,193,4
85,193,1
86,193,3
87,193,3
88,193,2
89,193,2
90,193,3
91,193,1
92,193,3
93,193,2
94,193,4
95,193,4
96,193,4
97,193,1
98,193,5
99,193,2
100,193,5
101,193,2
102,193,2
103,193,5
104,193,5
105,193,3
106,193,3
107,193,1
108,193,1
109,193,3
110,193,3
111,193,5
112,193,4
113,193,5
114,193,5
115,193,2
116,193,5
117,193,5
118,193,1
119,193,3
120,193,1
121,193,1
122,193,4
123,193,2
124,193,4
125,193,5
126,193,3
127,193,5
128,193,1
129,193,3
130,193,4
131,193,2
132,193,1
133,193,4
134,193,1
135,193,3
136,193,2
137,193,3
138,193,5
139,193,3
140,193,5
141,193,5
142,193,5
143,193,3
144,193,2
145,193,2
146,193,5
147,193,2
148,193,5
149,193,5
150,193,3
151,193,3
152,193,1
153,193,4
154,193,1
155,193,3
156,193,2
157,193,1
158,193,5
159,193,5
160,193,5
161,193,3
162,193,1
163,193,2
164,193,4
165,193,3
166,193,5
167,193,1
168,193,5
169,193,1
170,193,1
171,193,1
172,193,5
173,193,1
174,193,3
175,193,1
176,193,4
177,193,1
178,193,3
179,193,1
180,193,3
181,193,5
182,193,1
183,193,5
184,193,2
185,193,5
186,193,2
187,193,4
188,193,2
189,193,2
190,193,2
191,193,4
192,193,3
193,193,2
194,193,5
195,193,2
196,193,5
197,193,1
198,193,2
199,193,1
200,193,5
201,193,1
202,193,5
203,193,1
204,193,5
205,193,5
206,193,5
207,193,2
208,193,1
209,193,2
210,193,3
211,193,4
212,193,2
213,193,1
214,193,3
215,193,2
216,193,2
217,193,4
218,193,1
219,193,2
220,193,2
221,193,5
222,193,1
223,193,2
224,193,5
225,193,2
226,193,1
227,193,2
228,193,4
229,193,2
230,193,1
231,193,5
232,193,3
233,193,4
234,193,3
235,193,1
236,193,2
237,193,1
238,193,5
239,193,1
240,193,5
241,193,3
242,193,3
243,193,4
244,193,2
245,193,3
246,193,3
247,193,2
248,193,1
249,193,1
250,193,1
1,194,3
2,194,1
3,194,3
4,194,5
5,194,5
6,194,3
7,194,1
8,194,5
9,194,4
10,194,5
11,194,3
12,194,1
13,194,1
14,194,2
15,194,3
16,194,5
17,194,3
18,194,5
19,194,3
20,194,4
21,194,3
22,194,5
23,194,3
24,194,5
25,194,5
26,194,5
27,194,4
28,194,4
29,194,3
30,194,3
31,194,5
32,194,5
33,194,5
34,194,1
35,194,3
36,194,3
37,194,5
38,194,1
39,194,4
40,194,2
41,194,4
42,194,5
43,194,1
44,194,3
45,194,5
46,194,5
47,194,5
48,194,1
49,194,3
50,194,5
51,194,5
52,194,5
53,194,2
54,194,4
55,194,1
56,194,3
57,194,2
58,194,2
59,194,2
60,194,2
61,194,3
62,194,5
63,194,5
64,194,3
65,194,2
66,194,1
67,194,5
68,194,3
69,194,2
70,194,5
71,194,1
72,194,3
73,194,3
74,194,4
75,194,2
76,194,3
77,194,3
78,194,4
79,194,2
80,194,2
81,194,5
82,194,1
83,194,5
84,194,5
85,194,2
86,194,2
87,194,3
88,194,1
89,194,2
90,194,2
91,194,1
92,194,1
93,194,1
94,194,4
95,194,4
96,194,4
97,194,2
98,194,5
99,194,2
100,194,4
101,194,2
102,194,3
103,194,5
104,194,4
105,194,3
106,194,3
107,194,2
108,194,1
109,194,1
110,194,2
111,194,5
112,194,5
113,194,4
114,194,5
115,194,1
116,194,5
117,194,4
118,194,2
119,194,1
120,194,3
121,194,1
122,194,5
123,194,1
124,194,5
125,194,5
126,194,1
127,194,5
128,194,2
129,194,3
130,194,4
131,194,1
132,194,1
133,194,4
134,194,1
135,194,1
136,194,1
137,194,3
138,194,4
139,194,3
140,194,4
141,194,5
142,194,4
143,194,2
144,194,1
145,194,1
146,194,5
147,194,1
148,194,5
149,194,4
150,194,3
151,194,3
152,194,2
153,194,5
154,194,1
155,194,2
156,194,2
157,194,3
158,194,4
159,194,5
160,194,5
161,194,2
162,194,1
163,194,2
164,194,5
165,194,3
166,194,5
167,194,1
168,194,4
169,194,2
170,194,1
171,194,1
172,194,4
173,194,2
174,194,1
175,194,2
176,194,5
177,194,1
178,194,3
179,194,1
180,194,3
181,194,5
182,194,1
183,194,5
184,194,3
185,194,5
186,194,1
187,194,5
188,194,1
189,194,2
190,194,3
191,194,5
192,194,2
193,194,3
194,194,5
195,194,2
196,194,5
197,194,1
198,194,2
199,194,2
200,194,5
201,194,2
202,194,5
203,194,1
204,194,5
205,194,5
206,194,5
207,194,1
208,194,1
209,194,2
210,194,2
211,194,5
212,194,2
213,194,3
214,194,3
215,194,1
216,194,2
217,194,5
218,194,2
219,194,1
220,194,2
221,194,5
222,194,2
223,194,3
224,194,5
225,194,3
226,194,1
227,194,1
228,194,5
229,194,1
230,194,1
231,194,5
232,194,2
233,194,4
234,194,2
235,194,2
236,194,1
237,194,1
238,194,4
239,194,1
240,194,4
241,194,3
242,194,3
243,194,4
244,194,2
245,194,3
246,194,3
247,194,2
248,194,1
249,194,1
250,194,1
1,196,3
2,196,1
3,196,1
4,196,4
5,196,5
6,196,2
7,196,3
8,196,4
9,196,4
10,196,4
11,196,3
12,196,1
13,196,3
14,196,1
15,196,2
16,196,4
17,196,3
18,196,4
19,196,3
20,196,5
21,196,3
22,196,5
23,196,2
24,196,5
25,196,4
26,196,5
27,196,5
28,196,4
29,196,3
30,196,1
31,196,5
32,196,5
33,196,4
34,196,2
35,196,3
36,196,1
37,196,4
38,196,3
39,196,5
40,196,2
41,196,5
42,196,5
43,196,2
44,196,2
45,196,5
46,196,4
47,196,5
48,196,1
49,196,3
50,196,5
51,196,5
52,196,4
53,196,1
54,196,5
55,196,1
56,196,2
57,196,1
58,196,3
59,196,2
60,196,1
61,196,2
62,196,4
63,196,4
64,196,3
65,196,1
66,196,2
67,196,4
68,196,3
69,196,2
70,196,4
71,196,1
72,196,3
73,196,2
74,196,4
75,196,2
76,196,3
77,196,1
78,196,5
79,196,1
80,196,1
81,196,4
82,196,3
83,196,5
84,196,4
85,196,2
86,196,3
87,196,2
88,196,1
89,196,1
90,196,2
91,196,1
92,196,1
93,196,2
94,196,4
95,196,5
96,196,4
97,196,1
98,196,4
99,196,1
100,196,5
101,196,1
102,196,1
103,196,5
104,196,4
105,196,3
106,196,2
107,196,1
108,196,2
109,196,1
110,196,3
111,196,5
112,196,5
113,196,4
114,196,5
115,196,3
116,196,5
117,196,4
118,196,3
119,196,3
120,196,2
121,196,1
122,196,4
123,196,1
124,196,4
125,196,4
126,196,1
127,196,5
128,196,1
129,196,2
130,196,4
131,196,1
132,196,1
133,196,5
134,196,1
135,196,3
136,196,2
137,196,3
138,196,4
139,196,2
140,196,4
141,196,5
142,196,4
143,196,3
144,196,2
145,196,2
146,196,5
147,196,2
148,196,5
149,196,5
150,196,3
151,196,2
152,196,2
153,196,5
154,196,2
155,196,3
156,196,2
157,196,1
158,196,4
159,196,4
160,196,5
161,196,1
162,196,1
163,196,2
164,196,5
165,196,3
166,196,5
167,196,2
168,196,4
169,196,2
170,196,1
171,196,2
172,196,5
173,196,2
174,196,2
175,196,2
176,196,5
177,196,2
178,196,1
179,196,1
180,196,3
181,196,5
182,196,1
183,196,4
184,196,2
185,196,5
186,196,1
187,196,4
188,196,2
189,196,1
190,196,2
191,196,4
192,196,2
193,196,2
194,196,5
195,196,2
196,196,5
197,196,1
198,196,3
199,196,2
200,196,5
201,196,1
202,196,4
203,196,2
204,196,4
205,196,5
206,196,4
207,196,2
208,196,2
209,196,1
210,196,3
211,196,5
212,196,3
213,196,1
214,196,2
215,196,1
216,196,3
217,196,5
218,196,2
219,196,2
220,196,3
221,196,5
222,196,1
223,196,2
224,196,4
225,196,1
226,196,2
227,196,1
228,196,4
229,196,1
230,196,1
231,196,5
232,196,2
233,196,4
234,196,3
235,196,1
236,196,1
237,196,1
238,196,5
239,196,1
240,196,5
241,196,3
242,196,3
243,196,5
244,196,2
245,196,3
246,196,3
247,196,2
248,196,2
249,196,2
250,196,1
1,197,1
2,197,1
3,197,3
4,197,5
5,197,5
6,197,3
7,197,3
8,197,4
9,197,5
10,197,4
11,197,2
12,197,1
13,197,3
14,197,1
15,197,2
16,197,4
17,197,2
18,197,4
19,197,3
20,197,4
21,197,2
22,197,5
23,197,2
24,197,5
25,197,4
26,197,5
27,197,5
28,197,5
29,197,3
30,197,1
31,197,5
32,197,5
33,197,4
34,197,2
35,197,2
36,197,3
37,197,5
38,197,3
39,197,5
40,197,2
41,197,5
42,197,5
43,197,1
44,197,3
45,197,5
46,197,4
47,197,5
48,197,2
49,197,3
50,197,5
51,197,4
52,197,4
53,197,3
54,197,4
55,197,1
56,197,3
57,197,3
58,197,2
59,197,3
60,197,1
61,197,3
62,197,5
63,197,4
64,197,1
65,197,1
66,197,2
67,197,4
68,197,1
69,197,3
70,197,4
71,197,1
72,197,2
73,197,3
74,197,5
75,197,1
76,197,3
77,197,3
78,197,5
79,197,2
80,197,3
81,197,5
82,197,3
83,197,4
84,197,5
85,197,1
86,197,3
87,197,1
88,197,1
89,197,1
90,197,3
91,197,2
92,197,1
93,197,2
94,197,4
95,197,5
96,197,5
97,197,1
98,197,5
99,197,2
100,197,5
101,197,3
102,197,2
103,197,5
104,197,4
105,197,3
106,197,3
107,197,2
108,197,2
109,197,3
110,197,2
111,197,5
112,197,4
113,197,5
114,197,4
115,197,3
116,197,5
117,197,5
118,197,3
119,197,2
120,197,2
121,197,1
122,197,5
123,197,1
124,197,4
125,197,4
126,197,3
127,197,5
128,197,1
129,197,1
130,197,5
131,197,1
132,197,3
133,197,5
134,197,1
135,197,3
136,197,3
137,197,3
138,197,5
139,197,3
140,197,5
141,197,5
142,197,5
143,197,3
144,197,1
145,197,1
146,197,5
147,197,2
148,197,5
149,197,4
150,197,3
151,197,3
152,197,1
153,197,5
154,197,2
155,197,3
156,197,1
157,197,2
158,197,4
159,197,4
160,197,5
161,197,3
162,197,1
163,197,2
164,197,4
165,197,1
166,197,4
167,197,1
168,197,5
169,197,1
170,197,1
171,197,1
172,197,4
173,197,2
174,197,1
175,197,1
176,197,5
177,197,1
178,197,2
179,197,1
180,197,1
181,197,4
182,197,1
183,197,4
184,197,2
185,197,4
186,197,1
187,197,4
188,197,3
189,197,2
190,197,1
191,197,4
192,197,3
193,197,3
194,197,5
195,197,1
196,197,5
197,197,1
198,197,1
199,197,1
200,197,5
201,197,2
202,197,4
203,197,2
204,197,4
205,197,4
206,197,4
207,197,1
208,197,2
209,197,1
210,197,1
211,197,5
212,197,3
213,197,1
214,197,3
215,197,1
216,197,3
217,197,4
218,197,2
219,197,1
220,197,3
221,197,5
222,197,2
223,197,3
224,197,4
225,197,1
226,197,1
227,197,1
228,197,5
229,197,2
230,197,1
231,197,4
232,197,3
233,197,4
234,197,3
235,197,1
236,197,2
237,197,1
238,197,4
239,197,1
240,197,4
241,197,2
242,197,3
243,197,5
244,197,2
245,197,2
246,197,3
247,197,2
248,197,2
249,197,1
250,197,1
1,198,3
2,198,2
3,198,3
4,198,4
5,198,5
6,198,3
7,198,2
8,198,5
9,198,5
10,198,5
11,198,3
12,198,1
13,198,3
14,198,2
15,198,3
16,198,5
17,198,3
18,198,4
19,198,3
20,198,4
21,198,2
22,198,5
23,198,2
24,198,4
25,198,4
26,198,4
27,198,4
28,198,5
29,198,3
30,198,3
31,198,5
32,198,4
33,198,4
34,198,1
35,198,1
36,198,2
37,198,5
38,198,2
39,198,5
40,198,2
41,198,5
42,198,5
43,198,1
44,198,3
45,198,5
46,198,4
47,198,4
48,198,1
49,198,3
50,198,4
51,198,5
52,198,5
53,198,3
54,198,5
55,198,1
56,198,2
57,198,2
58,198,2
59,198,3
60,198,3
61,198,3
62,198,5
63,198,5
64,198,3
65,198,1
66,198,2
67,198,4
68,198,1
69,198,2
70,198,5
71,198,1
72,198,2
73,198,3
74,198,4
75,198,2
76,198,2
77,198,3
78,198,4
79,198,1
80,198,2
81,198,5
82,198,3
83,198,5
84,198,4
85,198,1
86,198,3
87,198,1
88,198,2
89,198,1
90,198,3
91,198,1
92,198,3
93,198,1
94,198,5
95,198,4
96,198,4
97,198,1
98,198,5
99,198,1
100,198,5
101,198,2
102,198,1
103,198,4
104,198,5
105,198,1
106,198,1
107,198,1
108,198,2
109,198,3
110,198,2
111,198,5
112,198,5
113,198,5
114,198,5
115,198,3
116,198,4
117,198,4
118,198,3
119,198,2
120,198,3
121,198,1
122,198,4
123,198,2
124,198,5
125,198,5
126,198,3
127,198,5
128,198,2
129,198,1
130,198,4
131,198,1
132,198,2
133,198,5
134,198,2
135,198,1
136,198,3
137,198,2
138,198,5
139,198,1
140,198,5
141,198,4
142,198,5
143,198,3
144,198,1
145,198,3
146,198,4
147,198,1
148,198,5
149,198,4
150,198,3
151,198,3
152,198,1
153,198,5
154,198,1
155,198,3
156,198,2
157,198,1
158,198,4
159,198,5
160,198,5
161,198,2
162,198,1
163,198,3
164,198,4
165,198,3
166,198,5
167,198,1
168,198,4
169,198,1
170,198,1
171,198,1
172,198,4
173,198,2
174,198,2
175,198,2
176,198,4
177,198,1
178,198,2
179,198,2
180,198,1
181,198,4
182,198,1
183,198,5
184,198,3
185,198,5
186,198,1
187,198,5
188,198,2
189,198,2
190,198,2
191,198,5
192,198,2
193,198,3
194,198,4
195,198,2
196,198,4
197,198,1
198,198,2
199,198,1
200,198,4
201,198,1
202,198,5
203,198,1
204,198,5
205,198,4
206,198,5
207,198,1
208,198,1
209,198,1
210,198,1
211,198,4
212,198,2
213,198,3
214,198,1
215,198,1
216,198,2
217,198,5
218,198,2
219,198,1
220,198,1
221,198,5
222,198,1
223,198,3
224,198,5
225,198,1
226,198,1
227,198,2
228,198,4
229,198,1
230,198,2
231,198,4
232,198,2
233,198,5
234,198,1
235,198,2
236,198,1
237,198,1
238,198,4
239,198,1
240,198,5
241,198,3
242,198,3
243,198,5
244,198,2
245,198,3
246,198,3
247,198,2
248,198,3
249,198,2
250,198,1
1,199,3
2,199,2
3,199,1
4,199,4
5,199,5
6,199,3
7,199,2
8,199,5
9,199,5
10,199,4
11,199,1
12,199,1
13,199,1
14,199,1
15,199,3
16,199,5
17,199,3
18,199,5
19,199,3
20,199,5
21,199,3
22,199,4
23,199,1
24,199,4
25,199,5
26,199,5
27,199,5
28,199,5
29,199,3
30,199,3
31,199,4
32,199,4
33,199,4
34,199,1
35,199,3
36,199,2
37,199,5
38,199,2
39,199,4
40,199,2
41,199,4
42,199,5
43,199,1
44,199,3
45,199,5
46,199,5
47,199,4
48,199,2
49,199,3
50,199,5
51,199,5
52,199,5
53,199,3
54,199,5
55,199,1
56,199,2
57,199,1
58,199,3
59,199,2
60,199,2
61,199,2
62,199,4
63,199,5
64,199,3
65,199,1
66,199,1
67,199,5
68,199,3
69,199,3
70,199,5
71,199,1
72,199,3
73,199,3
74,199,4
75,199,1
76,199,2
77,199,3
78,199,5
79,199,1
80,199,2
81,199,5
82,199,3
83,199,5
84,199,5
85,199,1
86,199,3
87,199,3
88,199,2
89,199,1
90,199,3
91,199,1
92,199,1
93,199,1
94,199,4
95,199,5
96,199,5
97,199,1
98,199,4
99,199,1
100,199,4
101,199,1
102,199,3
103,199,4
104,199,5
105,199,3
106,199,2
107,199,1
108,199,1
109,199,2
110,199,2
111,199,4
112,199,5
113,199,5
114,199,4
115,199,3
116,199,4
117,199,5
118,199,2
119,199,2
120,199,3
121,199,1
122,199,4
123,199,2
124,199,4
125,199,5
126,199,3
127,199,5
128,199,1
129,199,1
130,199,4
131,199,2
132,199,3
133,199,5
134,199,1
135,199,3
136,199,3
137,199,3
138,199,4
139,199,3
140,199,5
141,199,5
142,199,5
143,199,2
144,199,2
145,199,3
146,199,5
147,199,1
148,199,4
149,199,4
150,199,2
151,199,3
152,199,1
153,199,5
154,199,1
155,199,2
156,199,1
157,199,2
158,199,5
159,199,4
160,199,5
161,199,3
162,199,2
163,199,3
164,199,5
165,199,3
166,199,5
167,199,2
168,199,5
169,199,1
170,199,1
171,199,1
172,199,5
173,199,1
174,199,3
175,199,1
176,199,5
177,199,1
178,199,3
179,199,1
180,199,3
181,199,4
182,199,1
183,199,4
184,199,3
185,199,5
186,199,1
187,199,5
188,199,3
189,199,1
190,199,2
191,199,5
192,199,3
193,199,1
194,199,5
195,199,1
196,199,5
197,199,1
198,199,3
199,199,2
200,199,4
201,199,1
202,199,4
203,199,1
204,199,5
205,199,5
206,199,5
207,199,2
208,199,2
209,199,1
210,199,3
211,199,4
212,199,3
213,199,1
214,199,2
215,199,1
216,199,3
217,199,4
218,199,1
219,199,1
220,199,3
221,199,5
222,199,1
223,199,3
224,199,5
225,199,2
226,199,1
227,199,1
228,199,5
229,199,1
230,199,1
231,199,5
232,199,2
233,199,5
234,199,2
235,199,1
236,199,1
237,199,1
238,199,5
239,199,1
240,199,5
241,199,3
242,199,3
243,199,5
244,199,2
245,199,1
246,199,2
247,199,1
248,199,2
249,199,1
250,199,1
1,200,2
2,200,1
3,200,3
4,200,4
5,200,4
6,200,2
7,200,1
8,200,5
9,200,4
10,200,5
11,200,1
12,200,1
13,200,1
14,200,1
15,200,2
16,200,5
17,200,3
18,200,5
19,200,2
20,200,4
21,200,2
22,200,4
23,200,3
24,200,5
25,200,4
26,200,5
27,200,4
28,200,5
29,200,3
30,200,3
31,200,4
32,200,5
33,200,5
34,200,2
35,200,3
36,200,3
37,200,5
38,200,1
39,200,5
40,200,2
41,200,5
42,200,4
43,200,2
44,200,3
45,200,5
46,200,5
47,200,5
48,200,2
49,200,1
50,200,4
51,200,5
52,200,4
53,200,2
54,200,5
55,200,1
56,200,3
57,200,2
58,200,2
59,200,3
60,200,3
61,200,3
62,200,4
63,200,5
64,200,3
65,200,1
66,200,1
67,200,5
68,200,3
69,200,2
70,200,4
71,200,1
72,200,1
73,200,1
74,200,4
75,200,1
76,200,2
77,200,2
78,200,5
79,200,2
80,200,3
81,200,5
82,200,2
83,200,4
84,200,4
85,200,1
86,200,3
87,200,3
88,200,2
89,200,1
90,200,1
91,200,1
92,200,3
93,200,2
94,200,4
95,200,5
96,200,5
97,200,1
98,200,5
99,200,2
100,200,5
101,200,3
102,200,2
103,200,5
104,200,5
105,200,3
106,200,1
107,200,1
108,200,2
109,200,2
110,200,1
111,200,5
112,200,5
113,200,4
114,200,5
115,200,2
116,200,4
117,200,5
118,200,3
119,200,2
120,200,2
121,200,2
122,200,5
123,200,2
124,200,4
125,200,5
126,200,2
127,200,5
128,200,1
129,200,2
130,200,5
131,200,1
132,200,3
133,200,4
134,200,2
135,200,3
136,200,3
137,200,2
138,200,5
139,200,3
140,200,5
141,200,5
142,200,5
143,200,3
144,200,2
145,200,3
146,200,5
147,200,1
148,200,4
149,200,4
150,200,2
151,200,1
152,200,2
153,200,4
154,200,1
155,200,3
156,200,1
157,200,3
158,200,5
159,200,5
160,200,5
161,200,3
162,200,1
163,200,2
164,200,5
165,200,3
166,200,5
167,200,2
168,200,4
169,200,1
170,200,1
171,200,2
172,200,4
173,200,1
174,200,3
175,200,2
176,200,5
177,200,2
178,200,3
179,200,1
180,200,2
181,200,4
182,200,1
183,200,4
184,200,1
185,200,4
186,200,2
187,200,5
188,200,3
189,200,1
190,200,2
191,200,4
192,200,2
193,200,3
194,200,5
195,200,1
196,200,5
197,200,1
198,200,3
199,200,1
200,200,4
201,200,1
202,200,4
203,200,1
204,200,5
205,200,5
206,200,4
207,200,1
208,200,1
209,200,2
210,200,2
211,200,5
212,200,2
213,200,2
214,200,3
215,200,2
216,200,3
217,200,5
218,200,1
219,200,1
220,200,3
221,200,4
222,200,2
223,200,3
224,200,4
225,200,1
226,200,1
227,200,1
228,200,4
229,200,2
230,200,1
231,200,5
232,200,1
233,200,5
234,200,1
235,200,1
236,200,1
237,200,1
238,200,5
239,200,2
240,200,4
241,200,3
242,200,3
243,200,4
244,200,3
245,200,3
246,200,3
247,200,2
248,200,3
249,200,1
250,200,1
1,201,3
2,201,1
3,201,2
4,201,5
5,201,4
6,201,2
7,201,3
8,201,5
9,201,5
10,201,5
11,201,3
12,201,2
13,201,3
14,201,1
15,201,3
16,201,4
17,201,1
18,201,5
19,201,2
20,201,5
21,201,3
22,201,4
23,201,1
24,201,4
25,201,5
26,201,5
27,201,5
28,201,5
29,201,2
30,201,3
31,201,5
32,201,4
33,201,4
34,201,2
35,201,2
36,201,3
37,201,4
38,201,1
39,201,4
40,201,2
41,201,5
42,201,4
43,201,1
44,201,3
45,201,4
46,201,5
47,201,5
48,201,1
49,201,2
50,201,4
51,201,5
52,201,5
53,201,3
54,201,4
55,201,1
56,201,3
57,201,2
58,201,3
59,201,3
60,201,3
61,201,3
62,201,5
63,201,5
64,201,3
65,201,1
66,201,1
67,201,5
68,201,3
69,201,2
70,201,4
71,201,1
72,201,3
73,201,3
74,201,4
75,201,2
76,201,3
77,201,3
78,201,4
79,201,1
80,201,1
81,201,5
82,201,3
83,201,5
84,201,4
85,201,2
86,201,2
87,201,1
88,201,2
89,201,1
90,201,3
91,201,1
92,201,1
93,201,1
94,201,5
95,201,4
96,201,4
97,201,1
98,201,4
99,201,1
100,201,4
101,201,3
102,201,3
103,201,4
104,201,5
105,201,2
106,201,3
107,201,1
108,201,1
109,201,3
110,201,3
111,201,4
112,201,4
113,201,5
114,201,5
115,201,3
116,201,5
117,201,4
118,201,3
119,201,1
120,201,3
121,201,1
122,201,4
123,201,2
124,201,4
125,201,5
126,201,1
127,201,5
128,201,2
129,201,3
130,201,5
131,201,1
132,201,1
133,201,5
134,201,1
135,201,2
136,201,2
137,201,2
138,201,4
139,201,2
140,201,5
141,201,5
142,201,5
143,201,3
144,201,1
145,201,2
146,201,5
147,201,1
148,201,5
149,201,4
150,201,2
151,201,3
152,201,2
153,201,5
154,201,2
155,201,1
156,201,1
157,201,2
158,201,4
159,201,4
160,201,5
161,201,3
162,201,1
163,201,2
164,201,4
165,201,2
166,201,5
167,201,1
168,201,4
169,201,1
170,201,2
171,201,1
172,201,4
173,201,1
174,201,2
175,201,1
176,201,5
177,201,1
178,201,3
179,201,1
180,201,3
181,201,5
182,201,2
183,201,5
184,201,1
185,201,4
186,201,1
187,201,5
188,201,2
189,201,1
190,201,2
191,201,5
192,201,1
193,201,2
194,201,4
195,201,2
196,201,5
197,201,1
198,201,3
199,201,1
200,201,4
201,201,2
202,201,4
203,201,2
204,201,5
205,201,5
206,201,4
207,201,2
208,201,1
209,201,1
210,201,2
211,201,4
212,201,2
213,201,2
214,201,1
215,201,1
216,201,2
217,201,4
218,201,1
219,201,2
220,201,2
221,201,4
222,201,2
223,201,2
224,201,5
225,201,2
226,201,1
227,201,1
228,201,5
229,201,1
230,201,1
231,201,4
232,201,3
233,201,5
234,201,3
235,201,2
236,201,1
237,201,2
238,201,5
239,201,2
240,201,5
241,201,2
242,201,2
243,201,4
244,201,1
245,201,1
246,201,3
247,201,1
248,201,2
249,201,1
250,201,1
1,202,1
2,202,1
3,202,3
4,202,5
5,202,5
6,202,3
7,202,1
8,202,5
9,202,5
10,202,4
11,202,3
12,202,1
13,202,2
14,202,1
15,202,2
16,202,4
17,202,3
18,202,4
19,202,2
20,202,4
21,202,1
22,202,4
23,202,1
24,202,4
25,202,5
26,202,5
27,202,4
28,202,4
29,202,1
30,202,3
31,202,5
32,202,5
33,202,5
34,202,1
35,202,3
36,202,1
37,202,4
38,202,2
39,202,5
40,202,1
41,202,4
42,202,5
43,202,1
44,202,2
45,202,4
46,202,5
47,202,5
48,202,2
49,202,3
50,202,5
51,202,5
52,202,5
53,202,1
54,202,5
55,202,2
56,202,2
57,202,1
58,202,1
59,202,1
60,202,2
61,202,2
62,202,4
63,202,5
64,202,3
65,202,1
66,202,1
67,202,4
68,202,3
69,202,3
70,202,4
71,202,1
72,202,3
73,202,3
74,202,5
75,202,2
76,202,3
77,202,2
78,202,4
79,202,2
80,202,2
81,202,5
82,202,3
83,202,4
84,202,5
85,202,1
86,202,3
87,202,2
88,202,1
89,202,1
90,202,3
91,202,1
92,202,1
93,202,2
94,202,5
95,202,5
96,202,4
97,202,2
98,202,4
99,202,1
100,202,4
101,202,2
102,202,2
103,202,5
104,202,4
105,202,3
106,202,2
107,202,1
108,202,2
109,202,2
110,202,1
111,202,4
112,202,4
113,202,5
114,202,4
115,202,1
116,202,5
117,202,5
118,202,3
119,202,1
120,202,2
121,202,1
122,202,4
123,202,2
124,202,5
125,202,4
126,202,3
127,202,4
128,202,2
129,202,2
130,202,5
131,202,2
132,202,1
133,202,5
134,202,1
135,202,3
136,202,3
137,202,3
138,202,5
139,202,3
140,202,4
141,202,4
142,202,5
143,202,3
144,202,1
145,202,2
146,202,5
147,202,1
148,202,5
149,202,4
150,202,2
151,202,2
152,202,1
153,202,5
154,202,2
155,202,3
156,202,2
157,202,2
158,202,4
159,202,5
160,202,5
161,202,3
162,202,2
163,202,3
164,202,4
165,202,3
166,202,5
167,202,2
168,202,4
169,202,1
170,202,1
171,202,2
172,202,5
173,202,1
174,202,1
175,202,2
176,202,5
177,202,2
178,202,3
179,202,1
180,202,3
181,202,4
182,202,1
183,202,5
184,202,2
185,202,4
186,202,1
187,202,5
188,202,1
189,202,1
190,202,3
191,202,5
192,202,3
193,202,3
194,202,4
195,202,2
196,202,5
197,202,2
198,202,3
199,202,1
200,202,5
201,202,2
202,202,4
203,202,1
204,202,4
205,202,4
206,202,4
207,202,2
208,202,2
209,202,2
210,202,2
211,202,4
212,202,3
213,202,2
214,202,3
215,202,1
216,202,3
217,202,5
218,202,2
219,202,2
220,202,3
221,202,4
222,202,1
223,202,3
224,202,5
225,202,2
226,202,1
227,202,1
228,202,4
229,202,1
230,202,1
231,202,4
232,202,3
233,202,4
234,202,3
235,202,2
236,202,1
237,202,2
238,202,4
239,202,1
240,202,4
241,202,3
242,202,3
243,202,4
244,202,2
245,202,3
246,202,1
247,202,1
248,202,1
249,202,2
250,202,2
1,203,3
2,203,1
3,203,3
4,203,5
5,203,4
6,203,1
7,203,1
8,203,5
9,203,5
10,203,5
11,203,3
12,203,1
13,203,3
14,203,1
15,203,3
16,203,4
17,203,3
18,203,5
19,203,3
20,203,5
21,203,3
22,203,5
23,203,3
24,203,5
25,203,5
26,203,5
27,203,5
28,203,5
29,203,2
30,203,2
31,203,5
32,203,4
33,203,4
34,203,1
35,203,3
36,203,2
37,203,4
38,203,3
39,203,5
40,203,1
41,203,5
42,203,5
43,203,1
44,203,3
45,203,4
46,203,5
47,203,4
48,203,2
49,203,3
50,203,4
51,203,4
52,203,4
53,203,1
54,203,5
55,203,1
56,203,2
57,203,2
58,203,3
59,203,3
60,203,3
61,203,3
62,203,4
63,203,5
64,203,3
65,203,1
66,203,1
67,203,4
68,203,3
69,203,1
70,203,4
71,203,2
72,203,3
73,203,3
74,203,5
75,203,2
76,203,2
77,203,3
78,203,4
79,203,1
80,203,3
81,203,5
82,203,2
83,203,4
84,203,4
85,203,1
86,203,2
87,203,3
88,203,1
89,203,1
90,203,2
91,203,1
92,203,3
93,203,1
94,203,5
95,203,5
96,203,5
97,203,1
98,203,5
99,203,1
100,203,4
101,203,3
102,203,3
103,203,5
104,203,5
105,203,3
106,203,3
107,203,1
108,203,1
109,203,3
110,203,3
111,203,5
112,203,5
113,203,5
114,203,5
115,203,3
116,203,5
117,203,5
118,203,3
119,203,3
120,203,2
121,203,1
122,203,5
123,203,1
124,203,4
125,203,5
126,203,3
127,203,5
128,203,1
129,203,3
130,203,4
131,203,1
132,203,2
133,203,4
134,203,1
135,203,3
136,203,2
137,203,3
138,203,4
139,203,2
140,203,5
141,203,4
142,203,4
143,203,1
144,203,1
145,203,3
146,203,4
147,203,1
148,203,4
149,203,4
150,203,2
151,203,3
152,203,1
153,203,5
154,203,1
155,203,2
156,203,1
157,203,3
158,203,4
159,203,5
160,203,5
161,203,3
162,203,1
163,203,2
164,203,4
165,203,2
166,203,5
167,203,2
168,203,5
169,203,1
170,203,2
171,203,2
172,203,4
173,203,2
174,203,2
175,203,2
176,203,5
177,203,1
178,203,3
179,203,2
180,203,2
181,203,5
182,203,1
183,203,4
184,203,2
185,203,4
186,203,1
187,203,5
188,203,3
189,203,1
190,203,3
191,203,5
192,203,2
193,203,1
194,203,4
195,203,2
196,203,4
197,203,1
198,203,1
199,203,1
200,203,5
201,203,2
202,203,4
203,203,1
204,203,5
205,203,4
206,203,5
207,203,1
208,203,2
209,203,1
210,203,2
211,203,4
212,203,1
213,203,3
214,203,2
215,203,2
216,203,2
217,203,4
218,203,1
219,203,2
220,203,3
221,203,4
222,203,2
223,203,3
224,203,4
225,203,1
226,203,1
227,203,1
228,203,5
229,203,2
230,203,2
231,203,4
232,203,1
233,203,4
234,203,3
235,203,1
236,203,2
237,203,1
238,203,5
239,203,2
240,203,4
241,203,2
242,203,3
243,203,5
244,203,1
245,203,2
246,203,2
247,203,1
248,203,3
249,203,1
250,203,1
1,204,1
2,204,1
3,204,3
4,204,4
5,204,4
6,204,2
7,204,1
8,204,4
9,204,4
10,204,5
11,204,3
12,204,2
13,204,3
14,204,2
15,204,2
16,204,4
17,204,3
18,204,4
19,204,2
20,204,5
21,204,2
22,204,5
23,204,1
24,204,4
25,204,5
26,204,5
27,204,5
28,204,4
29,204,3
30,204,3
31,204,5
32,204,5
33,204,4
34,204,1
35,204,2
36,204,1
37,204,4
38,204,2
39,204,4
40,204,3
41,204,4
42,204,5
43,204,2
44,204,3
45,204,4
46,204,5
47,204,4
48,204,1
49,204,2
50,204,4
51,204,4
52,204,5
53,204,3
54,204,5
55,204,2
56,204,2
57,204,2
58,204,3
59,204,3
60,204,3
61,204,1
62,204,4
63,204,4
64,204,3
65,204,1
66,204,2
67,204,4
68,204,2
69,204,3
70,204,5
71,204,1
72,204,2
73,204,1
74,204,5
75,204,1
76,204,3
77,204,3
78,204,5
79,204,1
80,204,2
81,204,4
82,204,3
83,204,5
84,204,4
85,204,2
86,204,3
87,204,3
88,204,2
89,204,1
90,204,3
91,204,2
92,204,1
93,204,1
94,204,5
95,204,4
96,204,5
97,204,1
98,204,4
99,204,2
100,204,5
101,204,3
102,204,2
103,204,4
104,204,5
105,204,3
106,204,3
107,204,2
108,204,1
109,204,3
110,204,1
111,204,5
112,204,4
113,204,5
114,204,5
115,204,3
116,204,4
117,204,5
118,204,1
119,204,3
120,204,3
121,204,1
122,204,5
123,204,2
124,204,5
125,204,5
126,204,1
127,204,4
128,204,1
129,204,2
130,204,4
131,204,1
132,204,2
133,204,5
134,204,2
135,204,1
136,204,3
137,204,3
138,204,5
139,204,3
140,204,5
141,204,4
142,204,5
143,204,3
144,204,1
145,204,3
146,204,4
147,204,2
148,204,4
149,204,5
150,204,3
151,204,2
152,204,1
153,204,4
154,204,1
155,204,2
156,204,1
157,204,2
158,204,5
159,204,5
160,204,4
161,204,2
162,204,1
163,204,2
164,204,5
165,204,3
166,204,4
167,204,2
168,204,4
169,204,2
170,204,1
171,204,2
172,204,5
173,204,1
174,204,2
175,204,1
176,204,4
177,204,1
178,204,2
179,204,1
180,204,3
181,204,4
182,204,1
183,204,4
184,204,2
185,204,4
186,204,1
187,204,4
188,204,2
189,204,2
190,204,1
191,204,4
192,204,3
193,204,2
194,204,5
195,204,1
196,204,5
197,204,2
198,204,3
199,204,1
200,204,5
201,204,1
202,204,5
203,204,2
204,204,5
205,204,5
206,204,5
207,204,1
208,204,1
209,204,1
210,204,3
211,204,5
212,204,3
213,204,2
214,204,3
215,204,1
216,204,3
217,204,5
218,204,1
219,204,1
220,204,2
221,204,4
222,204,2
223,204,2
224,204,5
225,204,2
226,204,1
227,204,1
228,204,5
229,204,1
230,204,1
231,204,5
232,204,2
233,204,4
234,204,3
235,204,2
236,204,1
237,204,1
238,204,4
239,204,1
240,204,5
241,204,3
242,204,2
243,204,4
244,204,3
245,204,2
246,204,3
247,204,1
248,204,1
249,204,2
250,204,1
1,205,3
2,205,1
3,205,1
4,205,5
5,205,4
6,205,2
7,205,3
8,205,5
9,205,4
10,205,5
11,205,3
12,205,2
13,205,3
14,205,1
15,205,3
16,205,4
17,205,3
18,205,5
19,205,3
20,205,5
21,205,3
22,205,4
23,205,2
24,205,5
25,205,5
26,205,4
27,205,5
28,205,5
29,205,2
30,205,1
31,205,5
32,205,5
33,205,5
34,205,2
35,205,2
36,205,2
37,205,4
38,205,3
39,205,5
40,205,2
41,205,4
42,205,4
43,205,1
44,205,3
45,205,5
46,205,4
47,205,4
48,205,1
49,205,3
50,205,5
51,205,5
52,205,5
53,205,2
54,205,4
55,205,1
56,205,3
57,205,1
58,205,3
59,205,3
60,205,2
61,205,2
62,205,4
63,205,5
64,205,2
65,205,1
66,205,1
67,205,5
68,205,3
69,205,3
70,205,4
71,205,1
72,205,2
73,205,3
74,205,5
75,205,1
76,205,3
77,205,3
78,205,5
79,205,2
80,205,3
81,205,4
82,205,3
83,205,5
84,205,5
85,205,1
86,205,2
87,205,2
88,205,1
89,205,2
90,205,3
91,205,2
92,205,3
93,205,1
94,205,5
95,205,5
96,205,5
97,205,1
98,205,5
99,205,1
100,205,4
101,205,3
102,205,1
103,205,5
104,205,5
105,205,3
106,205,3
107,205,2
108,205,2
109,205,1
110,205,2
111,205,4
112,205,4
113,205,4
114,205,5
115,205,1
116,205,5
117,205,4
118,205,1
119,205,3
120,205,3
121,205,1
122,205,5
123,205,2
124,205,5
125,205,5
126,205,3
127,205,4
128,205,1
129,205,2
130,205,4
131,205,1
132,205,3
133,205,5
134,205,1
135,205,3
136,205,2
137,205,1
138,205,5
139,205,3
140,205,5
141,205,5
142,205,4
143,205,1
144,205,1
145,205,3
146,205,5
147,205,2
148,205,5
149,205,5
150,205,3
151,205,3
152,205,1
153,205,5
154,205,1
155,205,2
156,205,2
157,205,3
158,205,5
159,205,5
160,205,4
161,205,1
162,205,1
163,205,1
164,205,5
165,205,3
166,205,5
167,205,2
168,205,5
169,205,2
170,205,1
171,205,2
172,205,5
173,205,1
174,205,2
175,205,2
176,205,5
177,205,1
178,205,1
179,205,1
180,205,3
181,205,4
182,205,1
183,205,5
184,205,3
185,205,5
186,205,1
187,205,5
188,205,2
189,205,1
190,205,3
191,205,5
192,205,2
193,205,3
194,205,4
195,205,2
196,205,5
197,205,1
198,205,2
199,205,2
200,205,4
201,205,2
202,205,5
203,205,1
204,205,4
205,205,5
206,205,5
207,205,1
208,205,2
209,205,1
210,205,2
211,205,4
212,205,3
213,205,1
214,205,3
215,205,1
216,205,1
217,205,5
218,205,1
219,205,1
220,205,3
221,205,5
222,205,2
223,205,1
224,205,4
225,205,1
226,205,1
227,205,1
228,205,5
229,205,1
230,205,2
231,205,5
232,205,1
233,205,5
234,205,3
235,205,1
236,205,1
237,205,1
238,205,4
239,205,1
240,205,5
241,205,3
242,205,3
243,205,5
244,205,3
245,205,3
246,205,3
247,205,2
248,205,2
249,205,2
250,205,1
1,206,3
2,206,1
3,206,2
4,206,5
5,206,4
6,206,3
7,206,2
8,206,5
9,206,4
10,206,4
11,206,3
12,206,1
13,206,3
14,206,1
15,206,2
16,206,4
17,206,1
18,206,5
19,206,2
20,206,4
21,206,2
22,206,4
23,206,3
24,206,4
25,206,5
26,206,5
27,206,5
28,206,5
29,206,1
30,206,3
31,206,5
32,206,5
33,206,4
34,206,1
35,206,2
36,206,2
37,206,5
38,206,3
39,206,4
40,206,1
41,206,5
42,206,5
43,206,1
44,206,3
45,206,5
46,206,4
47,206,5
48,206,1
49,206,3
50,206,4
51,206,4
52,206,4
53,206,2
54,206,5
55,206,1
56,206,3
57,206,3
58,206,3
59,206,1
60,206,2
61,206,1
62,206,5
63,206,4
64,206,3
65,206,2
66,206,2
67,206,5
68,206,3
69,206,3
70,206,4
71,206,1
72,206,3
73,206,3
74,206,4
75,206,1
76,206,1
77,206,2
78,206,5
79,206,2
80,206,2
81,206,4
82,206,3
83,206,5
84,206,5
85,206,2
86,206,3
87,206,3
88,206,2
89,206,2
90,206,3
91,206,2
92,206,2
93,206,1
94,206,4
95,206,5
96,206,4
97,206,2
98,206,5
99,206,2
100,206,4
101,206,2
102,206,3
103,206,4
104,206,5
105,206,1
106,206,3
107,206,1
108,206,2
109,206,3
110,206,3
111,206,5
112,206,5
113,206,4
114,206,5
115,206,3
116,206,4
117,206,5
118,206,2
119,206,3
120,206,2
121,206,2
122,206,5
123,206,2
124,206,4
125,206,5
126,206,3
127,206,5
128,206,2
129,206,3
130,206,5
131,206,1
132,206,3
133,206,4
134,206,1
135,206,3
136,206,2
137,206,3
138,206,4
139,206,2
140,206,5
141,206,4
142,206,5
143,206,2
144,206,1
145,206,3
146,206,4
147,206,2
148,206,4
149,206,5
150,206,3
151,206,2
152,206,2
153,206,5
154,206,1
155,206,3
156,206,1
157,206,3
158,206,4
159,206,5
160,206,4
161,206,2
162,206,1
163,206,3
164,206,4
165,206,3
166,206,5
167,206,2
168,206,4
169,206,1
170,206,1
171,206,1
172,206,5
173,206,1
174,206,2
175,206,1
176,206,4
177,206,1
178,206,3
179,206,1
180,206,3
181,206,5
182,206,1
183,206,4
184,206,1
185,206,5
186,206,1
187,206,5
188,206,3
189,206,2
190,206,2
191,206,5
192,206,2
193,206,3
194,206,5
195,206,2
196,206,4
197,206,2
198,206,2
199,206,1
200,206,5
201,206,1
202,206,5
203,206,2
204,206,4
205,206,5
206,206,5
207,206,2
208,206,2
209,206,1
210,206,2
211,206,5
212,206,2
213,206,1
214,206,1
215,206,2
216,206,1
217,206,5
218,206,1
219,206,1
220,206,1
221,206,5
222,206,1
223,206,3
224,206,5
225,206,3
226,206,1
227,206,1
228,206,5
229,206,1
230,206,2
231,206,4
232,206,3
233,206,4
234,206,1
235,206,1
236,206,2
237,206,1
238,206,5
239,206,1
240,206,4
241,206,1
242,206,1
243,206,5
244,206,3
245,206,3
246,206,2
247,206,2
248,206,1
249,206,1
250,206,1
1,207,1
2,207,2
3,207,3
4,207,5
5,207,5
6,207,2
7,207,2
8,207,5
9,207,5
10,207,4
11,207,3
12,207,1
13,207,3
14,207,2
15,207,3
16,207,4
17,207,2
18,207,4
19,207,2
20,207,4
21,207,1
22,207,4
23,207,3
24,207,4
25,207,5
26,207,5
27,207,5
28,207,5
29,207,3
30,207,3
31,207,5
32,207,5
33,207,4
34,207,1
35,207,1
36,207,3
37,207,4
38,207,3
39,207,5
40,207,3
41,207,4
42,207,5
43,207,1
44,207,3
45,207,5
46,207,5
47,207,5
48,207,2
49,207,2
50,207,5
51,207,5
52,207,5
53,207,3
54,207,5
55,207,2
56,207,3
57,207,2
58,207,3
59,207,3
60,207,3
61,207,1
62,207,5
63,207,4
64,207,1
65,207,1
66,207,2
67,207,5
68,207,3
69,207,3
70,207,5
71,207,1
72,207,3
73,207,3
74,207,5
75,207,2
76,207,2
77,207,1
78,207,5
79,207,1
80,207,3
81,207,5
82,207,3
83,207,5
84,207,4
85,207,1
86,207,1
87,207,3
88,207,2
89,207,1
90,207,3
91,207,1
92,207,3
93,207,1
94,207,4
95,207,5
96,207,4
97,207,1
98,207,5
99,207,1
100,207,5
101,207,2
102,207,2
103,207,4
104,207,4
105,207,3
106,207,3
107,207,1
108,207,2
109,207,1
110,207,3
111,207,5
112,207,4
113,207,4
114,207,5
115,207,3
116,207,5
117,207,5
118,207,3
119,207,2
120,207,3
121,207,1
122,207,5
123,207,1
124,207,5
125,207,4
126,207,2
127,207,5
128,207,1
129,207,2
130,207,5
131,207,1
132,207,3
133,207,4
134,207,2
135,207,1
136,207,1
137,207,3
138,207,5
139,207,3
140,207,4
141,207,5
142,207,5
143,207,3
144,207,1
145,207,3
146,207,5
147,207,1
148,207,5
149,207,4
150,207,1
151,207,2
152,207,1
153,207,5
154,207,2
155,207,3
156,207,1
157,207,3
158,207,5
159,207,4
160,207,4
161,207,2
162,207,1
163,207,2
164,207,4
165,207,3
166,207,5
167,207,1
168,207,5
169,207,1
170,207,2
171,207,1
172,207,4
173,207,2
174,207,2
175,207,2
176,207,4
177,207,1
178,207,2
179,207,1
180,207,3
181,207,5
182,207,1
183,207,4
184,207,1
185,207,4
186,207,1
187,207,5
188,207,3
189,207,1
190,207,2
191,207,5
192,207,3
193,207,3
194,207,5
195,207,1
196,207,5
197,207,1
198,207,2
199,207,2
200,207,4
201,207,1
202,207,5
203,207,1
204,207,5
205,207,5
206,207,5
207,207,1
208,207,2
209,207,1
210,207,1
211,207,5
212,207,3
213,207,2
214,207,1
215,207,1
216,207,3
217,207,5
218,207,2
219,207,2
220,207,1
221,207,5
222,207,1
223,207,2
224,207,5
225,207,3
226,207,2
227,207,1
228,207,5
229,207,2
230,207,1
231,207,5
232,207,2
233,207,4
234,207,3
235,207,1
236,207,2
237,207,1
238,207,5
239,207,2
240,207,5
241,207,3
242,207,2
243,207,5
244,207,3
245,207,3
246,207,2
247,207,1
248,207,3
249,207,2
250,207,2
1,208,2
2,208,2
3,208,3
4,208,4
5,208,5
6,208,3
7,208,3
8,208,4
9,208,5
10,208,5
11,208,3
12,208,1
13,208,3
14,208,2
15,208,3
16,208,5
17,208,3
18,208,5
19,208,3
20,208,5
21,208,3
22,208,5
23,208,3
24,208,4
25,208,5
26,208,4
27,208,5
28,208,5
29,208,1
30,208,2
31,208,4
32,208,5
33,208,5
34,208,1
35,208,3
36,208,2
37,208,4
38,208,2
39,208,5
40,208,3
41,208,5
42,208,5
43,208,1
44,208,1
45,208,5
46,208,4
47,208,5
48,208,2
49,208,1
50,208,4
51,208,5
52,208,5
53,208,1
54,208,4
55,208,2
56,208,3
57,208,1
58,208,3
59,208,3
60,208,3
61,208,2
62,208,5
63,208,4
64,208,2
65,208,1
66,208,1
67,208,4
68,208,2
69,208,2
70,208,5
71,208,2
72,208,3
73,208,2
74,208,5
75,208,1
76,208,3
77,208,3
78,208,5
79,208,2
80,208,3
81,208,4
82,208,3
83,208,5
84,208,5
85,208,1
86,208,1
87,208,1
88,208,1
89,208,2
90,208,2
91,208,1
92,208,3
93,208,1
94,208,4
95,208,5
96,208,5
97,208,1
98,208,5
99,208,2
100,208,4
101,208,2
102,208,3
103,208,4
104,208,5
105,208,3
106,208,2
107,208,1
108,208,1
109,208,3
110,208,2
111,208,5
112,208,5
113,208,5
114,208,5
115,208,3
116,208,5
117,208,4
118,208,3
119,208,3
120,208,3
121,208,2
122,208,5
123,208,2
124,208,5
125,208,4
126,208,3
127,208,4
128,208,1
129,208,2
130,208,4
131,208,1
132,208,2
133,208,5
134,208,1
135,208,2
136,208,2
137,208,3
138,208,5
139,208,3
140,208,5
141,208,4
142,208,5
143,208,2
144,208,1
145,208,2
146,208,5
147,208,2
148,208,4
149,208,4
150,208,3
151,208,3
152,208,1
153,208,5
154,208,1
155,208,2
156,208,1
157,208,3
158,208,4
159,208,4
160,208,4
161,208,1
162,208,1
163,208,1
164,208,4
165,208,3
166,208,5
167,208,2
168,208,5
169,208,2
170,208,1
171,208,1
172,208,5
173,208,1
174,208,2
175,208,1
176,208,4
177,208,2
178,208,2
179,208,2
180,208,2
181,208,4
182,208,1
183,208,4
184,208,2
185,208,5
186,208,1
187,208,4
188,208,3
189,208,1
190,208,3
191,208,5
192,208,2
193,208,2
194,208,5
195,208,1
196,208,4
197,208,2
198,208,3
199,208,1
200,208,5
201,208,1
202,208,5
203,208,1
204,208,4
205,208,5
206,208,4
207,208,1
208,208,1
209,208,2
210,208,1
211,208,4
212,208,1
213,208,3
214,208,3
215,208,1
216,208,3
217,208,5
218,208,2
219,208,1
220,208,2
221,208,4
222,208,2
223,208,2
224,208,4
225,208,3
226,208,2
227,208,1
228,208,4
229,208,1
230,208,2
231,208,5
232,208,2
233,208,5
234,208,3
235,208,2
236,208,1
237,208,2
238,208,5
239,208,2
240,208,4
241,208,3
242,208,3
243,208,5
244,208,3
245,208,2
246,208,2
247,208,1
248,208,3
249,208,1
250,208,1
1,209,3
2,209,1
3,209,2
4,209,4
5,209,5
6,209,2
7,209,2
8,209,4
9,209,5
10,209,5
11,209,3
12,209,1
13,209,2
14,209,2
15,209,3
16,209,5
17,209,3
18,209,5
19,209,1
20,209,5
21,209,3
22,209,4
23,209,3
24,209,5
25,209,4
26,209,4
27,209,4
28,209,5
29,209,2
30,209,3
31,209,5
32,209,5
33,209,5
34,209,1
35,209,1
36,209,3
37,209,4
38,209,2
39,209,5
40,209,2
41,209,5
42,209,4
43,209,1
44,209,3
45,209,5
46,209,5
47,209,4
48,209,2
49,209,2
50,209,5
51,209,5
52,209,4
53,209,3
54,209,4
55,209,1
56,209,2
57,209,3
58,209,3
59,209,2
60,209,1
61,209,3
62,209,5
63,209,5
64,209,3
65,209,2
66,209,2
67,209,4
68,209,3
69,209,3
70,209,4
71,209,2
72,209,2
73,209,2
74,209,4
75,209,1
76,209,3
77,209,1
78,209,5
79,209,1
80,209,2
81,209,5
82,209,3
83,209,5
84,209,4
85,209,1
86,209,2
87,209,3
88,209,2
89,209,1
90,209,1
91,209,2
92,209,2
93,209,2
94,209,4
95,209,5
96,209,5
97,209,2
98,209,4
99,209,1
100,209,4
101,209,3
102,209,2
103,209,4
104,209,5
105,209,3
106,209,2
107,209,1
108,209,1
109,209,3
110,209,3
111,209,4
112,209,4
113,209,4
114,209,5
115,209,3
116,209,4
117,209,4
118,209,3
119,209,3
120,209,2
121,209,1
122,209,4
123,209,1
124,209,4
125,209,4
126,209,3
127,209,5
128,209,2
129,209,3
130,209,5
131,209,1
132,209,3
133,209,4
134,209,2
135,209,3
136,209,3
137,209,2
138,209,5
139,209,2
140,209,4
141,209,5
142,209,4
143,209,1
144,209,1
145,209,1
146,209,4
147,209,1
148,209,4
149,209,4
150,209,1
151,209,1
152,209,1
153,209,4
154,209,1
155,209,3
156,209,2
157,209,1
158,209,5
159,209,5
160,209,5
161,209,2
162,209,2
163,209,2
164,209,5
165,209,3
166,209,5
167,209,2
168,209,5
169,209,1
170,209,1
171,209,1
172,209,5
173,209,2
174,209,3
175,209,2
176,209,5
177,209,1
178,209,3
179,209,2
180,209,2
181,209,4
182,209,1
183,209,5
184,209,2
185,209,4
186,209,2
187,209,4
188,209,3
189,209,2
190,209,1
191,209,5
192,209,2
193,209,1
194,209,5
195,209,2
196,209,4
197,209,2
198,209,3
199,209,1
200,209,4
201,209,1
202,209,5
203,209,2
204,209,4
205,209,4
206,209,5
207,209,2
208,209,2
209,209,1
210,209,2
211,209,4
212,209,3
213,209,3
214,209,3
215,209,1
216,209,1
217,209,5
218,209,2
219,209,2
220,209,3
221,209,4
222,209,2
223,209,2
224,209,5
225,209,3
226,209,2
227,209,2
228,209,5
229,209,1
230,209,1
231,209,5
232,209,3
233,209,5
234,209,3
235,209,1
236,209,1
237,209,1
238,209,4
239,209,1
240,209,5
241,209,3
242,209,3
243,209,4
244,209,3
245,209,3
246,209,2
247,209,1
248,209,3
249,209,1
250,209,1
1,210,2
2,210,1
3,210,3
4,210,5
5,210,4
6,210,3
7,210,3
8,210,5
9,210,5
10,210,5
11,210,3
12,210,1
13,210,2
14,210,1
15,210,3
16,210,5
17,210,3
18,210,5
19,210,2
20,210,5
21,210,2
22,210,5
23,210,3
24,210,4
25,210,4
26,210,4
27,210,4
28,210,5
29,210,2
30,210,2
31,210,5
32,210,4
33,210,5
34,210,1
35,210,2
36,210,3
37,210,5
38,210,3
39,210,5
40,210,1
41,210,5
42,210,5
43,210,1
44,210,3
45,210,5
46,210,5
47,210,5
48,210,2
49,210,3
50,210,5
51,210,5
52,210,5
53,210,2
54,210,5
55,210,1
56,210,2
57,210,3
58,210,3
59,210,2
60,210,2
61,210,3
62,210,4
63,210,5
64,210,2
65,210,2
66,210,2
67,210,5
68,210,3
69,210,3
70,210,5
71,210,2
72,210,2
73,210,3
74,210,5
75,210,1
76,210,2
77,210,1
78,210,5
79,210,1
80,210,1
81,210,5
82,210,3
83,210,5
84,210,5
85,210,2
86,210,3
87,210,3
88,210,1
89,210,1
90,210,2
91,210,1
92,210,3
93,210,1
94,210,5
95,210,5
96,210,4
97,210,1
98,210,5
99,210,1
100,210,5
101,210,1
102,210,3
103,210,5
104,210,5
105,210,3
106,210,2
107,210,1
108,210,1
109,210,1
110,210,2
111,210,5
112,210,5
113,210,5
114,210,5
115,210,3
116,210,4
117,210,5
118,210,3
119,210,1
120,210,2
121,210,2
122,210,5
123,210,2
124,210,4
125,210,5
126,210,3
127,210,4
128,210,2
129,210,2
130,210,4
131,210,1
132,210,3
133,210,5
134,210,1
135,210,1
136,210,3
137,210,3
138,210,4
139,210,2
140,210,5
141,210,5
142,210,5
143,210,3
144,210,2
145,210,1
146,210,5
147,210,2
148,210,5
149,210,4
150,210,2
151,210,3
152,210,1
153,210,4
154,210,1
155,210,2
156,210,1
157,210,1
158,210,5
159,210,4
160,210,5
161,210,3
162,210,1
163,210,3
164,210,4
165,210,2
166,210,4
167,210,1
168,210,4
169,210,1
170,210,2
171,210,1
172,210,5
173,210,2
174,210,2
175,210,1
176,210,4
177,210,1
178,210,3
179,210,1
180,210,2
181,210,4
182,210,1
183,210,4
184,210,2
185,210,4
186,210,1
187,210,5
188,210,3
189,210,2
190,210,3
191,210,4
192,210,3
193,210,1
194,210,4
195,210,2
196,210,5
197,210,2
198,210,3
199,210,1
200,210,4
201,210,2
202,210,5
203,210,1
204,210,4
205,210,5
206,210,4
207,210,1
208,210,2
209,210,2
210,210,3
211,210,5
212,210,3
213,210,3
214,210,1
215,210,1
216,210,3
217,210,5
218,210,2
219,210,1
220,210,1
221,210,4
222,210,1
223,210,3
224,210,5
225,210,3
226,210,1
227,210,1
228,210,5
229,210,2
230,210,1
231,210,5
232,210,3
233,210,5
234,210,3
235,210,1
236,210,1
237,210,1
238,210,4
239,210,1
240,210,4
241,210,3
242,210,2
243,210,5
244,210,2
245,210,2
246,210,3
247,210,1
248,210,1
249,210,2
250,210,1
1,211,2
2,211,1
3,211,2
4,211,4
5,211,4
6,211,2
7,211,2
8,211,4
9,211,4
10,211,4
11,211,1
12,211,1
13,211,1
14,211,1
15,211,3
16,211,5
17,211,3
18,211,5
19,211,3
20,211,5
21,211,3
22,211,4
23,211,3
24,211,5
25,211,4
26,211,5
27,211,4
28,211,4
29,211,2
30,211,3
31,211,5
32,211,5
33,211,5
34,211,2
35,211,2
36,211,3
37,211,4
38,211,3
39,211,5
40,211,2
41,211,5
42,211,5
43,211,1
44,211,3
45,211,5
46,211,4
47,211,5
48,211,1
49,211,2
50,211,4
51,211,4
52,211,5
53,211,3
54,211,5
55,211,1
56,211,2
57,211,3
58,211,3
59,211,1
60,211,3
61,211,3
62,211,5
63,211,5
64,211,2
65,211,2
66,211,1
67,211,5
68,211,2
69,211,3
70,211,4
71,211,1
72,211,2
73,211,2
74,211,4
75,211,1
76,211,2
77,211,3
78,211,4
79,211,1
80,211,1
81,211,4
82,211,2
83,211,4
84,211,5
85,211,1
86,211,2
87,211,3
88,211,2
89,211,2
90,211,2
91,211,1
92,211,2
93,211,1
94,211,4
95,211,5
96,211,4
97,211,2
98,211,5
99,211,1
100,211,4
101,211,1
102,211,3
103,211,5
104,211,5
105,211,1
106,211,3
107,211,2
108,211,1
109,211,3
110,211,1
111,211,5
112,211,5
113,211,4
114,211,5
115,211,3
116,211,4
117,211,4
118,211,2
119,211,2
120,211,2
121,211,1
122,211,4
123,211,1
124,211,5
125,211,5
126,211,3
127,211,5
128,211,1
129,211,3
130,211,4
131,211,2
132,211,3
133,211,5
134,211,2
135,211,2
136,211,1
137,211,3
138,211,5
139,211,3
140,211,5
141,211,5
142,211,4
143,211,3
144,211,2
145,211,3
146,211,5
147,211,2
148,211,4
149,211,4
150,211,3
151,211,3
152,211,2
153,211,5
154,211,2
155,211,2
156,211,1
157,211,3
158,211,4
159,211,5
160,211,4
161,211,3
162,211,2
163,211,2
164,211,4
165,211,3
166,211,5
167,211,1
168,211,4
169,211,1
170,211,1
171,211,2
172,211,5
173,211,2
174,211,2
175,211,1
176,211,5
177,211,1
178,211,3
179,211,1
180,211,2
181,211,4
182,211,1
183,211,5
184,211,2
185,211,5
186,211,1
187,211,5
188,211,3
189,211,2
190,211,3
191,211,5
192,211,3
193,211,2
194,211,5
195,211,1
196,211,4
197,211,2
198,211,3
199,211,1
200,211,4
201,211,1
202,211,5
203,211,1
204,211,5
205,211,5
206,211,5
207,211,2
208,211,1
209,211,1
210,211,2
211,211,5
212,211,3
213,211,2
214,211,2
215,211,2
216,211,3
217,211,4
218,211,1
219,211,1
220,211,3
221,211,4
222,211,1
223,211,3
224,211,5
225,211,3
226,211,2
227,211,1
228,211,5
229,211,1
230,211,1
231,211,5
232,211,3
233,211,4
234,211,1
235,211,2
236,211,2
237,211,1
238,211,5
239,211,1
240,211,4
241,211,3
242,211,2
243,211,5
244,211,3
245,211,3
246,211,2
247,211,1
248,211,3
249,211,1
250,211,1
1,212,1
2,212,1
3,212,3
4,212,5
5,212,4
6,212,1
7,212,3
8,212,5
9,212,5
10,212,5
11,212,3
12,212,2
13,212,2
14,212,1
15,212,3
16,212,5
17,212,3
18,212,5
19,212,2
20,212,4
21,212,3
22,212,4
23,212,3
24,212,5
25,212,5
26,212,4
27,212,5
28,212,4
29,212,2
30,212,3
31,212,5
32,212,5
33,212,4
34,212,1
35,212,3
36,212,3
37,212,4
38,212,1
39,212,4
40,212,3
41,212,5
42,212,5
43,212,1
44,212,2
45,212,4
46,212,4
47,212,4
48,212,2
49,212,3
50,212,5
51,212,5
52,212,4
53,212,3
54,212,5
55,212,1
56,212,3
57,212,3
58,212,2
59,212,1
60,212,2
61,212,2
62,212,5
63,212,5
64,212,2
65,212,1
66,212,2
67,212,5
68,212,3
69,212,2
70,212,5
71,212,1
72,212,3
73,212,3
74,212,4
75,212,2
76,212,3
77,212,3
78,212,4
79,212,1
80,212,3
81,212,5
82,212,2
83,212,5
84,212,5
85,212,1
86,212,3
87,212,3
88,212,1
89,212,1
90,212,3
91,212,1
92,212,2
93,212,2
94,212,5
95,212,5
96,212,4
97,212,1
98,212,5
99,212,1
100,212,5
101,212,3
102,212,3
103,212,5
104,212,4
105,212,3
106,212,3
107,212,1
108,212,1
109,212,1
110,212,2
111,212,4
112,212,4
113,212,5
114,212,5
115,212,3
116,212,5
117,212,5
118,212,1
119,212,3
120,212,3
121,212,2
122,212,5
123,212,1
124,212,4
125,212,5
126,212,2
127,212,4
128,212,1
129,212,3
130,212,4
131,212,1
132,212,3
133,212,4
134,212,2
135,212,3
136,212,1
137,212,1
138,212,4
139,212,3
140,212,4
141,212,5
142,212,4
143,212,1
144,212,2
145,212,3
146,212,5
147,212,2
148,212,5
149,212,5
150,212,3
151,212,2
152,212,1
153,212,5
154,212,2
155,212,1
156,212,1
157,212,2
158,212,5
159,212,5
160,212,5
161,212,2
162,212,1
163,212,3
164,212,5
165,212,1
166,212,4
167,212,1
168,212,5
169,212,1
170,212,1
171,212,2
172,212,4
173,212,1
174,212,2
175,212,1
176,212,5
177,212,1
178,212,1
179,212,1
180,212,3
181,212,4
182,212,1
183,212,5
184,212,2
185,212,5
186,212,1
187,212,5
188,212,3
189,212,1
190,212,3
191,212,4
192,212,3
193,212,1
194,212,4
195,212,2
196,212,5
197,212,1
198,212,3
199,212,1
200,212,4
201,212,2
202,212,5
203,212,1
204,212,4
205,212,5
206,212,5
207,212,1
208,212,2
209,212,2
210,212,3
211,212,5
212,212,1
213,212,3
214,212,3
215,212,1
216,212,2
217,212,5
218,212,1
219,212,2
220,212,3
221,212,5
222,212,1
223,212,1
224,212,4
225,212,2
226,212,1
227,212,1
228,212,5
229,212,1
230,212,2
231,212,5
232,212,2
233,212,5
234,212,3
235,212,1
236,212,1
237,212,2
238,212,4
239,212,2
240,212,4
241,212,2
242,212,2
243,212,5
244,212,1
245,212,2
246,212,3
247,212,1
248,212,3
249,212,2
250,212,1
1,213,2
2,213,1
3,213,1
4,213,5
5,213,4
6,213,3
7,213,3
8,213,5
9,213,5
10,213,5
11,213,3
12,213,1
13,213,2
14,213,2
15,213,3
16,213,4
17,213,3
18,213,5
19,213,1
20,213,4
21,213,3
22,213,4
23,213,2
24,213,4
25,213,4
26,213,5
27,213,5
28,213,5
29,213,3
30,213,2
31,213,5
32,213,4
33,213,5
34,213,2
35,213,3
36,213,1
37,213,5
38,213,3
39,213,5
40,213,3
41,213,5
42,213,5
43,213,1
44,213,1
45,213,4
46,213,5
47,213,5
48,213,2
49,213,3
50,213,4
51,213,5
52,213,4
53,213,3
54,213,5
55,213,1
56,213,3
57,213,3
58,213,2
59,213,3
60,213,3
61,213,3
62,213,5
63,213,5
64,213,2
65,213,2
66,213,1
67,213,5
68,213,2
69,213,1
70,213,5
71,213,2
72,213,1
73,213,3
74,213,5
75,213,1
76,213,3
77,213,3
78,213,4
79,213,1
80,213,2
81,213,4
82,213,1
83,213,4
84,213,5
85,213,2
86,213,2
87,213,1
88,213,2
89,213,1
90,213,3
91,213,2
92,213,1
93,213,1
94,213,4
95,213,4
96,213,5
97,213,1
98,213,4
99,213,2
100,213,5
101,213,3
102,213,3
103,213,5
104,213,4
105,213,1
106,213,3
107,213,2
108,213,2
109,213,3
110,213,3
111,213,4
112,213,4
113,213,5
114,213,5
115,213,2
116,213,4
117,213,5
118,213,3
119,213,2
120,213,2
121,213,1
122,213,5
123,213,1
124,213,4
125,213,5
126,213,3
127,213,4
128,213,1
129,213,2
130,213,4
131,213,1
132,213,3
133,213,5
134,213,1
135,213,1
136,213,3
137,213,3
138,213,5
139,213,3
140,213,4
141,213,5
142,213,5
143,213,2
144,213,2
145,213,2
146,213,5
147,213,1
148,213,4
149,213,5
150,213,2
151,213,1
152,213,2
153,213,4
154,213,1
155,213,1
156,213,1
157,213,2
158,213,4
159,213,5
160,213,4
161,213,1
162,213,1
163,213,2
164,213,4
165,213,3
166,213,4
167,213,1
168,213,5
169,213,1
170,213,2
171,213,1
172,213,5
173,213,1
174,213,3
175,213,1
176,213,4
177,213,1
178,213,3
179,213,2
180,213,3
181,213,4
182,213,1
183,213,4
184,213,2
185,213,4
186,213,1
187,213,4
188,213,1
189,213,2
190,213,3
191,213,5
192,213,3
193,213,1
194,213,4
195,213,2
196,213,4
197,213,1
198,213,3
199,213,1
200,213,5
201,213,1
202,213,4
203,213,2
204,213,4
205,213,4
206,213,5
207,213,1
208,213,2
209,213,1
210,213,2
211,213,5
212,213,1
213,213,3
214,213,3
215,213,1
216,213,3
217,213,4
218,213,1
219,213,2
220,213,2
221,213,5
222,213,1
223,213,3
224,213,5
225,213,1
226,213,1
227,213,1
228,213,5
229,213,2
230,213,1
231,213,5
232,213,1
233,213,5
234,213,3
235,213,1
236,213,2
237,213,1
238,213,4
239,213,2
240,213,4
241,213,2
242,213,3
243,213,5
244,213,3
245,213,3
246,213,2
247,213,1
248,213,2
249,213,1
250,213,1
1,214,3
2,214,1
3,214,3
4,214,4
5,214,4
6,214,3
7,214,2
8,214,4
9,214,4
10,214,4
11,214,2
12,214,2
13,214,3
14,214,2
15,214,3
16,214,5
17,214,3
18,214,4
19,214,2
20,214,5
21,214,3
22,214,5
23,214,3
24,214,5
25,214,5
26,214,4
27,214,5
28,214,5
29,214,2
30,214,1
31,214,5
32,214,5
33,214,4
34,214,2
35,214,2
36,214,2
37,214,4
38,214,2
39,214,5
40,214,2
41,214,5
42,214,4
43,214,1
44,214,2
45,214,5
46,214,5
47,214,5
48,214,1
49,214,3
50,214,4
51,214,5
52,214,5
53,214,3
54,214,5
55,214,2
56,214,3
57,214,3
58,214,3
59,214,2
60,214,3
61,214,3
62,214,5
63,214,4
64,214,3
65,214,1
66,214,1
67,214,5
68,214,2
69,214,1
70,214,5
71,214,1
72,214,3
73,214,2
74,214,5
75,214,1
76,214,1
77,214,2
78,214,4
79,214,2
80,214,1
81,214,5
82,214,1
83,214,5
84,214,4
85,214,1
86,214,3
87,214,2
88,214,1
89,214,2
90,214,2
91,214,2
92,214,1
93,214,2
94,214,4
95,214,5
96,214,5
97,214,2
98,214,5
99,214,1
100,214,4
101,214,3
102,214,3
103,214,5
104,214,5
105,214,3
106,214,3
107,214,2
108,214,1
109,214,3
110,214,3
111,214,4
112,214,5
113,214,5
114,214,4
115,214,1
116,214,5
117,214,5
118,214,2
119,214,1
120,214,2
121,214,2
122,214,5
123,214,2
124,214,5
125,214,4
126,214,1
127,214,4
128,214,1
129,214,3
130,214,4
131,214,2
132,214,1
133,214,4
134,214,1
135,214,3
136,214,1
137,214,3
138,214,5
139,214,3
140,214,5
141,214,5
142,214,5
143,214,1
144,214,1
145,214,1
146,214,4
147,214,1
148,214,4
149,214,4
150,214,1
151,214,3
152,214,1
153,214,5
154,214,1
155,214,1
156,214,2
157,214,2
158,214,5
159,214,5
160,214,4
161,214,1
162,214,1
163,214,3
164,214,5
165,214,1
166,214,5
167,214,2
168,214,4
169,214,1
170,214,2
171,214,1
172,214,5
173,214,1
174,214,3
175,214,2
176,214,4
177,214,2
178,214,3
179,214,1
180,214,1
181,214,5
182,214,2
183,214,5
184,214,1
185,214,5
186,214,1
187,214,5
188,214,2
189,214,1
190,214,3
191,214,5
192,214,2
193,214,3
194,214,4
195,214,1
196,214,5
197,214,2
198,214,3
199,214,1
200,214,4
201,214,2
202,214,5
203,214,1
204,214,5
205,214,4
206,214,5
207,214,1
208,214,2
209,214,2
210,214,2
211,214,5
212,214,3
213,214,3
214,214,1
215,214,1
216,214,2
217,214,4
218,214,2
219,214,1
220,214,3
221,214,5
222,214,1
223,214,2
224,214,5
225,214,2
226,214,1
227,214,1
228,214,5
229,214,1
230,214,1
231,214,5
232,214,2
233,214,4
234,214,2
235,214,1
236,214,2
237,214,1
238,214,4
239,214,2
240,214,4
241,214,2
242,214,2
243,214,5
244,214,2
245,214,1
246,214,3
247,214,1
248,214,2
249,214,1
250,214,1
1,215,3
2,215,1
3,215,3
4,215,5
5,215,4
6,215,2
7,215,3
8,215,5
9,215,5
10,215,5
11,215,3
12,215,1
13,215,1
14,215,2
15,215,1
16,215,5
17,215,2
18,215,5
19,215,2
20,215,4
21,215,3
22,215,4
23,215,1
24,215,5
25,215,5
26,215,5
27,215,4
28,215,4
29,215,3
30,215,3
31,215,5
32,215,5
33,215,4
34,215,1
35,215,2
36,215,3
37,215,5
38,215,3
39,215,5
40,215,3
41,215,4
42,215,5
43,215,1
44,215,3
45,215,5
46,215,4
47,215,5
48,215,1
49,215,3
50,215,4
51,215,4
52,215,5
53,215,3
54,215,4
55,215,1
56,215,2
57,215,3
58,215,3
59,215,3
60,215,3
61,215,2
62,215,4
63,215,5
64,215,3
65,215,1
66,215,1
67,215,4
68,215,1
69,215,2
70,215,5
71,215,1
72,215,3
73,215,2
74,215,5
75,215,1
76,215,3
77,215,3
78,215,5
79,215,1
80,215,3
81,215,4
82,215,3
83,215,5
84,215,5
85,215,2
86,215,3
87,215,3
88,215,2
89,215,1
90,215,3
91,215,1
92,215,2
93,215,2
94,215,5
95,215,5
96,215,4
97,215,1
98,215,5
99,215,1
100,215,5
101,215,3
102,215,2
103,215,5
104,215,4
105,215,2
106,215,1
107,215,1
108,215,2
109,215,2
110,215,2
111,215,5
112,215,4
113,215,5
114,215,4
115,215,3
116,215,5
117,215,4
118,215,3
119,215,2
120,215,2
121,215,2
122,215,5
123,215,2
124,215,5
125,215,5
126,215,2
127,215,4
128,215,2
129,215,1
130,215,4
131,215,1
132,215,1
133,215,4
134,215,1
135,215,2
136,215,3
137,215,3
138,215,5
139,215,2
140,215,5
141,215,5
142,215,4
143,215,3
144,215,2
145,215,3
146,215,5
147,215,1
148,215,5
149,215,5
150,215,2
151,215,2
152,215,1
153,215,4
154,215,1
155,215,1
156,215,1
157,215,2
158,215,5
159,215,4
160,215,5
161,215,2
162,215,2
163,215,1
164,215,5
165,215,2
166,215,5
167,215,1
168,215,4
169,215,1
170,215,1
171,215,2
172,215,5
173,215,2
174,215,3
175,215,1
176,215,5
177,215,1
178,215,2
179,215,1
180,215,3
181,215,5
182,215,1
183,215,4
184,215,2
185,215,4
186,215,2
187,215,4
188,215,2
189,215,1
190,215,1
191,215,5
192,215,2
193,215,1
194,215,5
195,215,1
196,215,4
197,215,2
198,215,2
199,215,2
200,215,5
201,215,2
202,215,4
203,215,1
204,215,5
205,215,5
206,215,4
207,215,1
208,215,1
209,215,1
210,215,2
211,215,5
212,215,3
213,215,2
214,215,3
215,215,1
216,215,3
217,215,5
218,215,1
219,215,1
220,215,3
221,215,5
222,215,2
223,215,1
224,215,5
225,215,3
226,215,1
227,215,1
228,215,4
229,215,1
230,215,1
231,215,4
232,215,1
233,215,4
234,215,3
235,215,1
236,215,1
237,215,2
238,215,5
239,215,2
240,215,5
241,215,2
242,215,2
243,215,5
244,215,3
245,215,1
246,215,2
247,215,2
248,215,1
249,215,2
250,215,1
1,216,3
2,216,1
3,216,3
4,216,5
5,216,4
6,216,3
7,216,2
8,216,5
9,216,5
10,216,4
11,216,3
12,216,2
13,216,2
14,216,2
15,216,3
16,216,5
17,216,3
18,216,4
19,216,1
20,216,4
21,216,3
22,216,5
23,216,2
24,216,4
25,216,5
26,216,4
27,216,5
28,216,5
29,216,3
30,216,1
31,216,5
32,216,5
33,216,5
34,216,1
35,216,3
36,216,3
37,216,5
38,216,1
39,216,4
40,216,1
41,216,5
42,216,5
43,216,1
44,216,3
45,216,5
46,216,4
47,216,5
48,216,1
49,216,1
50,216,5
51,216,5
52,216,4
53,216,3
54,216,4
55,216,2
56,216,1
57,216,3
58,216,3
59,216,2
60,216,1
61,216,1
62,216,5
63,216,5
64,216,3
65,216,1
66,216,1
67,216,4
68,216,2
69,216,3
70,216,4
71,216,2
72,216,1
73,216,1
74,216,5
75,216,2
76,216,3
77,216,3
78,216,4
79,216,1
80,216,3
81,216,5
82,216,1
83,216,5
84,216,5
85,216,2
86,216,1
87,216,3
88,216,1
89,216,2
90,216,1
91,216,1
92,216,3
93,216,1
94,216,5
95,216,4
96,216,5
97,216,1
98,216,4
99,216,1
100,216,5
101,216,2
102,216,1
103,216,5
104,216,4
105,216,2
106,216,3
107,216,1
108,216,2
109,216,1
110,216,3
111,216,5
112,216,5
113,216,4
114,216,5
115,216,3
116,216,4
117,216,5
118,216,3
119,216,1
120,216,1
121,216,2
122,216,4
123,216,2
124,216,4
125,216,4
126,216,3
127,216,5
128,216,1
129,216,3
130,216,5
131,216,2
132,216,1
133,216,4
134,216,2
135,216,3
136,216,2
137,216,1
138,216,4
139,216,2
140,216,5
141,216,4
142,216,5
143,216,2
144,216,2
145,216,2
146,216,5
147,216,1
148,216,5
149,216,5
150,216,2
151,216,3
152,216,2
153,216,5
154,216,2
155,216,3
156,216,1
157,216,3
158,216,4
159,216,4
160,216,4
161,216,1
162,216,1
163,216,2
164,216,5
165,216,3
166,216,5
167,216,1
168,216,4
169,216,2
170,216,2
171,216,2
172,216,5
173,216,1
174,216,1
175,216,1
176,216,5
177,216,2
178,216,3
179,216,1
180,216,3
181,216,5
182,216,1
183,216,5
184,216,3
185,216,5
186,216,2
187,216,5
188,216,3
189,216,1
190,216,2
191,216,5
192,216,2
193,216,2
194,216,4
195,216,1
196,216,5
197,216,1
198,216,3
199,216,1
200,216,4
201,216,2
202,216,5
203,216,1
204,216,5
205,216,4
206,216,4
207,216,1
208,216,1
209,216,1
210,216,2
211,216,4
212,216,3
213,216,3
214,216,2
215,216,1
216,216,3
217,216,4
218,216,1
219,216,1
220,216,3
221,216,5
222,216,1
223,216,3
224,216,5
225,216,2
226,216,2
227,216,2
228,216,5
229,216,1
230,216,1
231,216,5
232,216,3
233,216,5
234,216,2
235,216,2
236,216,1
237,216,1
238,216,4
239,216,1
240,216,4
241,216,3
242,216,2
243,216,5
244,216,3
245,216,2
246,216,3
247,216,1
248,216,2
249,216,1
250,216,1
1,217,3
2,217,1
3,217,3
4,217,4
5,217,5
6,217,1
7,217,2
8,217,5
9,217,5
10,217,4
11,217,1
12,217,2
13,217,3
14,217,1
15,217,3
16,217,5
17,217,2
18,217,4
19,217,3
20,217,4
21,217,1
22,217,4
23,217,3
24,217,5
25,217,5
26,217,4
27,217,5
28,217,4
29,217,1
30,217,2
31,217,4
32,217,5
33,217,4
34,217,1
35,217,2
36,217,3
37,217,4
38,217,2
39,217,5
40,217,3
41,217,4
42,217,4
43,217,1
44,217,2
45,217,4
46,217,5
47,217,5
48,217,1
49,217,1
50,217,5
51,217,4
52,217,5
53,217,3
54,217,4
55,217,1
56,217,2
57,217,3
58,217,3
59,217,2
60,217,3
61,217,2
62,217,5
63,217,5
64,217,3
65,217,1
66,217,1
67,217,5
68,217,3
69,217,1
70,217,5
71,217,1
72,217,3
73,217,2
74,217,5
75,217,1
76,217,2
77,217,3
78,217,4
79,217,1
80,217,2
81,217,5
82,217,3
83,217,5
84,217,4
85,217,1
86,217,3
87,217,3
88,217,2
89,217,2
90,217,3
91,217,1
92,217,3
93,217,2
94,217,4
95,217,5
96,217,5
97,217,2
98,217,5
99,217,1
100,217,4
101,217,3
102,217,3
103,217,4
104,217,5
105,217,3
106,217,3
107,217,1
108,217,1
109,217,2
110,217,2
111,217,4
112,217,4
113,217,4
114,217,4
115,217,1
116,217,4
117,217,5
118,217,3
119,217,1
120,217,3
121,217,1
122,217,5
123,217,1
124,217,5
125,217,5
126,217,3
127,217,5
128,217,2
129,217,3
130,217,4
131,217,1
132,217,2
133,217,4
134,217,1
135,217,2
136,217,1
137,217,2
138,217,4
139,217,2
140,217,5
141,217,4
142,217,5
143,217,3
144,217,2
145,217,2
146,217,4
147,217,1
148,217,5
149,217,5
150,217,1
151,217,1
152,217,1
153,217,5
154,217,1
155,217,1
156,217,2
157,217,3
158,217,4
159,217,5
160,217,5
161,217,3
162,217,1
163,217,2
164,217,4
165,217,2
166,217,4
167,217,1
168,217,4
169,217,1
170,217,1
171,217,2
172,217,4
173,217,1
174,217,3
175,217,2
176,217,5
177,217,1
178,217,3
179,217,2
180,217,2
181,217,5
182,217,1
183,217,5
184,217,3
185,217,4
186,217,2
187,217,5
188,217,3
189,217,1
190,217,3
191,217,5
192,217,3
193,217,1
194,217,5
195,217,1
196,217,5
197,217,2
198,217,1
199,217,2
200,217,4
201,217,1
202,217,5
203,217,1
204,217,5
205,217,5
206,217,4
207,217,1
208,217,1
209,217,2
210,217,3
211,217,4
212,217,3
213,217,3
214,217,3
215,217,1
216,217,2
217,217,4
218,217,1
219,217,1
220,217,2
221,217,4
222,217,1
223,217,2
224,217,5
225,217,2
226,217,1
227,217,1
228,217,4
229,217,1
230,217,2
231,217,5
232,217,2
233,217,5
234,217,3
235,217,1
236,217,2
237,217,2
238,217,5
239,217,2
240,217,4
241,217,3
242,217,3
243,217,4
244,217,1
245,217,3
246,217,3
247,217,2
248,217,1
249,217,2
250,217,1
1,218,3
2,218,1
3,218,3
4,218,4
5,218,5
6,218,3
7,218,3
8,218,5
9,218,4
10,218,5
11,218,2
12,218,2
13,218,2
14,218,2
15,218,1
16,218,5
17,218,2
18,218,5
19,218,3
20,218,4
21,218,3
22,218,5
23,218,2
24,218,4
25,218,5
26,218,5
27,218,5
28,218,5
29,218,2
30,218,1
31,218,4
32,218,5
33,218,5
34,218,2
35,218,3
36,218,2
37,218,5
38,218,2
39,218,4
40,218,3
41,218,5
42,218,5
43,218,1
44,218,3
45,218,4
46,218,4
47,218,5
48,218,1
49,218,2
50,218,4
51,218,4
52,218,4
53,218,2
54,218,5
55,218,1
56,218,3
57,218,3
58,218,3
59,218,2
60,218,1
61,218,2
62,218,4
63,218,5
64,218,3
65,218,1
66,218,2
67,218,5
68,218,2
69,218,2
70,218,5
71,218,2
72,218,3
73,218,1
74,218,4
75,218,1
76,218,3
77,218,3
78,218,4
79,218,1
80,218,2
81,218,4
82,218,1
83,218,4
84,218,4
85,218,2
86,218,1
87,218,3
88,218,1
89,218,1
90,218,2
91,218,1
92,218,3
93,218,2
94,218,5
95,218,5
96,218,4
97,218,1
98,218,5
99,218,1
100,218,4
101,218,2
102,218,2
103,218,4
104,218,5
105,218,1
106,218,3
107,218,2
108,218,1
109,218,3
110,218,3
111,218,5
112,218,5
113,218,5
114,218,4
115,218,2
116,218,4
117,218,4
118,218,1
119,218,1
120,218,2
121,218,1
122,218,5
123,218,1
124,218,5
125,218,5
126,218,3
127,218,5
128,218,1
129,218,2
130,218,4
131,218,1
132,218,1
133,218,4
134,218,1
135,218,3
136,218,3
137,218,3
138,218,5
139,218,3
140,218,5
141,218,4
142,218,5
143,218,2
144,218,1
145,218,2
146,218,5
147,218,2
148,218,5
149,218,5
150,218,3
151,218,3
152,218,2
153,218,5
154,218,1
155,218,3
156,218,2
157,218,3
158,218,5
159,218,4
160,218,5
161,218,1
162,218,1
163,218,3
164,218,5
165,218,2
166,218,4
167,218,1
168,218,5
169,218,1
170,218,1
171,218,1
172,218,5
173,218,1
174,218,3
175,218,2
176,218,5
177,218,2
178,218,3
179,218,2
180,218,2
181,218,4
182,218,1
183,218,5
184,218,3
185,218,5
186,218,2
187,218,5
188,218,3
189,218,1
190,218,1
191,218,5
192,218,3
193,218,2
194,218,5
195,218,1
196,218,5
197,218,1
198,218,3
199,218,1
200,218,5
201,218,1
202,218,4
203,218,1
204,218,5
205,218,5
206,218,5
207,218,1
208,218,1
209,218,1
210,218,2
211,218,5
212,218,3
213,218,3
214,218,3
215,218,2
216,218,2
217,218,5
218,218,2
219,218,1
220,218,3
221,218,5
222,218,2
223,218,3
224,218,5
225,218,3
226,218,2
227,218,2
228,218,5
229,218,2
230,218,2
231,218,4
232,218,2
233,218,4
234,218,3
235,218,1
236,218,1
237,218,1
238,218,5
239,218,1
240,218,5
241,218,3
242,218,3
243,218,5
244,218,3
245,218,2
246,218,3
247,218,1
248,218,2
249,218,1
250,218,1
1,219,3
2,219,1
3,219,3
4,219,4
5,219,4
6,219,3
7,219,1
8,219,5
9,219,4
10,219,4
11,219,1
12,219,1
13,219,1
14,219,2
15,219,2
16,219,4
17,219,2
18,219,4
19,219,2
20,219,5
21,219,3
22,219,5
23,219,2
24,219,5
25,219,4
26,219,5
27,219,5
28,219,5
29,219,3
30,219,1
31,219,4
32,219,4
33,219,5
34,219,1
35,219,2
36,219,1
37,219,5
38,219,1
39,219,4
40,219,3
41,219,5
42,219,5
43,219,2
44,219,2
45,219,4
46,219,5
47,219,4
48,219,1
49,219,2
50,219,5
51,219,5
52,219,5
53,219,3
54,219,5
55,219,1
56,219,2
57,219,3
58,219,3
59,219,2
60,219,2
61,219,2
62,219,4
63,219,5
64,219,2
65,219,2
66,219,1
67,219,4
68,219,2
69,219,3
70,219,4
71,219,2
72,219,1
73,219,1
74,219,5
75,219,2
76,219,3
77,219,2
78,219,5
79,219,2
80,219,1
81,219,5
82,219,3
83,219,5
84,219,4
85,219,2
86,219,3
87,219,3
88,219,2
89,219,1
90,219,3
91,219,1
92,219,2
93,219,1
94,219,5
95,219,4
96,219,4
97,219,1
98,219,5
99,219,2
100,219,5
101,219,2
102,219,3
103,219,4
104,219,5
105,219,2
106,219,3
107,219,1
108,219,1
109,219,2
110,219,3
111,219,5
112,219,4
113,219,5
114,219,5
115,219,2
116,219,5
117,219,5
118,219,1
119,219,1
120,219,2
121,219,1
122,219,5
123,219,1
124,219,5
125,219,4
126,219,2
127,219,4
128,219,2
129,219,3
130,219,4
131,219,1
132,219,1
133,219,4
134,219,1
135,219,2
136,219,2
137,219,3
138,219,4
139,219,3
140,219,5
141,219,5
142,219,5
143,219,2
144,219,1
145,219,3
146,219,4
147,219,1
148,219,4
149,219,4
150,219,1
151,219,2
152,219,1
153,219,4
154,219,1
155,219,1
156,219,1
157,219,3
158,219,5
159,219,4
160,219,4
161,219,1
162,219,1
163,219,3
164,219,4
165,219,2
166,219,4
167,219,1
168,219,5
169,219,2
170,219,2
171,219,1
172,219,4
173,219,2
174,219,3
175,219,1
176,219,4
177,219,1
178,219,3
179,219,2
180,219,2
181,219,4
182,219,1
183,219,5
184,219,2
185,219,5
186,219,1
187,219,5
188,219,1
189,219,2
190,219,3
191,219,4
192,219,3
193,219,3
194,219,5
195,219,2
196,219,5
197,219,2
198,219,3
199,219,1
200,219,5
201,219,1
202,219,5
203,219,2
204,219,5
205,219,5
206,219,4
207,219,2
208,219,1
209,219,2
210,219,3
211,219,5
212,219,2
213,219,3
214,219,3
215,219,2
216,219,3
217,219,5
218,219,2
219,219,1
220,219,3
221,219,5
222,219,1
223,219,3
224,219,4
225,219,3
226,219,1
227,219,1
228,219,4
229,219,2
230,219,2
231,219,4
232,219,3
233,219,5
234,219,1
235,219,1
236,219,1
237,219,2
238,219,5
239,219,1
240,219,4
241,219,1
242,219,2
243,219,4
244,219,3
245,219,2
246,219,3
247,219,1
248,219,2
249,219,1
250,219,1
1,220,3
2,220,1
3,220,2
4,220,4
5,220,4
6,220,2
7,220,3
8,220,4
9,220,5
10,220,5
11,220,2
12,220,1
13,220,3
14,220,1
15,220,3
16,220,4
17,220,3
18,220,5
19,220,1
20,220,5
21,220,3
22,220,5
23,220,3
24,220,5
25,220,5
26,220,5
27,220,4
28,220,5
29,220,3
30,220,2
31,220,4
32,220,5
33,220,4
34,220,1
35,220,3
36,220,2
37,220,4
38,220,3
39,220,5
40,220,3
41,220,5
42,220,5
43,220,1
44,220,3
45,220,5
46,220,4
47,220,4
48,220,1
49,220,1
50,220,5
51,220,5
52,220,5
53,220,3
54,220,5
55,220,1
56,220,3
57,220,3
58,220,3
59,220,2
60,220,2
61,220,3
62,220,4
63,220,5
64,220,2
65,220,2
66,220,1
67,220,4
68,220,2
69,220,2
70,220,5
71,220,1
72,220,3
73,220,2
74,220,5
75,220,1
76,220,3
77,220,2
78,220,5
79,220,1
80,220,3
81,220,5
82,220,2
83,220,5
84,220,4
85,220,2
86,220,1
87,220,3
88,220,2
89,220,1
90,220,3
91,220,1
92,220,3
93,220,1
94,220,5
95,220,5
96,220,4
97,220,2
98,220,5
99,220,1
100,220,5
101,220,2
102,220,3
103,220,4
104,220,5
105,220,2
106,220,2
107,220,1
108,220,2
109,220,3
110,220,2
111,220,5
112,220,4
113,220,5
114,220,5
115,220,2
116,220,5
117,220,4
118,220,3
119,220,2
120,220,3
121,220,2
122,220,4
123,220,2
124,220,5
125,220,4
126,220,3
127,220,5
128,220,1
129,220,3
130,220,4
131,220,1
132,220,1
133,220,5
134,220,1
135,220,1
136,220,3
137,220,2
138,220,5
139,220,2
140,220,4
141,220,4
142,220,5
143,220,3
144,220,1
145,220,3
146,220,5
147,220,1
148,220,4
149,220,5
150,220,2
151,220,3
152,220,2
153,220,5
154,220,1
155,220,3
156,220,1
157,220,3
158,220,5
159,220,5
160,220,5
161,220,3
162,220,2
163,220,2
164,220,5
165,220,3
166,220,5
167,220,1
168,220,5
169,220,1
170,220,1
171,220,2
172,220,5
173,220,1
174,220,3
175,220,1
176,220,5
177,220,1
178,220,3
179,220,1
180,220,3
181,220,5
182,220,1
183,220,4
184,220,3
185,220,4
186,220,1
187,220,4
188,220,3
189,220,1
190,220,3
191,220,4
192,220,3
193,220,3
194,220,5
195,220,2
196,220,5
197,220,1
198,220,3
199,220,2
200,220,5
201,220,1
202,220,5
203,220,2
204,220,4
205,220,4
206,220,5
207,220,2
208,220,1
209,220,1
210,220,3
211,220,5
212,220,3
213,220,1
214,220,2
215,220,1
216,220,3
217,220,5
218,220,1
219,220,1
220,220,2
221,220,4
222,220,2
223,220,2
224,220,5
225,220,2
226,220,2
227,220,1
228,220,5
229,220,1
230,220,2
231,220,5
232,220,3
233,220,4
234,220,2
235,220,1
236,220,1
237,220,1
238,220,5
239,220,1
240,220,5
241,220,2
242,220,1
243,220,4
244,220,2
245,220,3
246,220,2
247,220,1
248,220,2
249,220,1
250,220,2
1,221,1
2,221,2
3,221,3
4,221,4
5,221,4
6,221,3
7,221,2
8,221,5
9,221,5
10,221,4
11,221,1
12,221,1
13,221,2
14,221,1
15,221,3
16,221,5
17,221,2
18,221,4
19,221,3
20,221,5
21,221,3
22,221,5
23,221,2
24,221,4
25,221,5
26,221,5
27,221,4
28,221,5
29,221,3
30,221,2
31,221,5
32,221,4
33,221,5
34,221,2
35,221,3
36,221,2
37,221,4
38,221,2
39,221,4
40,221,3
41,221,5
42,221,4
43,221,2
44,221,1
45,221,5
46,221,5
47,221,5
48,221,2
49,221,3
50,221,4
51,221,4
52,221,5
53,221,2
54,221,4
55,221,1
56,221,3
57,221,3
58,221,3
59,221,2
60,221,1
61,221,1
62,221,5
63,221,4
64,221,3
65,221,2
66,221,1
67,221,4
68,221,3
69,221,3
70,221,5
71,221,1
72,221,2
73,221,2
74,221,5
75,221,2
76,221,3
77,221,3
78,221,4
79,221,1
80,221,3
81,221,5
82,221,1
83,221,5
84,221,4
85,221,2
86,221,2
87,221,3
88,221,2
89,221,2
90,221,2
91,221,1
92,221,3
93,221,1
94,221,5
95,221,4
96,221,5
97,221,2
98,221,5
99,221,2
100,221,5
101,221,3
102,221,3
103,221,4
104,221,4
105,221,1
106,221,3
107,221,1
108,221,1
109,221,2
110,221,2
111,221,4
112,221,5
113,221,4
114,221,5
115,221,3
116,221,4
117,221,4
118,221,3
119,221,3
120,221,2
121,221,2
122,221,4
123,221,1
124,221,4
125,221,5
126,221,2
127,221,5
128,221,1
129,221,2
130,221,5
131,221,1
132,221,1
133,221,5
134,221,1
135,221,1
136,221,3
137,221,3
138,221,5
139,221,3
140,221,5
141,221,4
142,221,5
143,221,3
144,221,1
145,221,2
146,221,4
147,221,1
148,221,4
149,221,5
150,221,1
151,221,1
152,221,2
153,221,5
154,221,1
155,221,2
156,221,1
157,221,3
158,221,5
159,221,5
160,221,4
161,221,1
162,221,1
163,221,3
164,221,4
165,221,3
166,221,5
167,221,1
168,221,4
169,221,2
170,221,2
171,221,2
172,221,5
173,221,1
174,221,3
175,221,1
176,221,5
177,221,2
178,221,2
179,221,2
180,221,1
181,221,4
182,221,2
183,221,5
184,221,2
185,221,4
186,221,1
187,221,5
188,221,3
189,221,2
190,221,3
191,221,4
192,221,3
193,221,2
194,221,5
195,221,1
196,221,4
197,221,2
198,221,3
199,221,1
200,221,4
201,221,2
202,221,5
203,221,1
204,221,4
205,221,4
206,221,5
207,221,1
208,221,1
209,221,1
210,221,3
211,221,5
212,221,1
213,221,3
214,221,2
215,221,1
216,221,3
217,221,5
218,221,2
219,221,1
220,221,3
221,221,5
222,221,1
223,221,2
224,221,5
225,221,3
226,221,1
227,221,1
228,221,5
229,221,1
230,221,1
231,221,5
232,221,3
233,221,5
234,221,2
235,221,1
236,221,1
237,221,1
238,221,5
239,221,1
240,221,4
241,221,3
242,221,2
243,221,4
244,221,2
245,221,3
246,221,3
247,221,1
248,221,3
249,221,1
250,221,2
1,222,2
2,222,1
3,222,1
4,222,4
5,222,5
6,222,3
7,222,3
8,222,5
9,222,5
10,222,5
11,222,2
12,222,1
13,222,3
14,222,1
15,222,3
16,222,5
17,222,1
18,222,4
19,222,2
20,222,5
21,222,3
22,222,4
23,222,3
24,222,4
25,222,5
26,222,5
27,222,5
28,222,4
29,222,2
30,222,2
31,222,4
32,222,4
33,222,5
34,222,2
35,222,3
36,222,3
37,222,4
38,222,3
39,222,5
40,222,1
41,222,5
42,222,4
43,222,1
44,222,1
45,222,4
46,222,5
47,222,5
48,222,1
49,222,2
50,222,5
51,222,5
52,222,5
53,222,3
54,222,4
55,222,1
56,222,1
57,222,2
58,222,2
59,222,3
60,222,2
61,222,1
62,222,4
63,222,5
64,222,2
65,222,1
66,222,2
67,222,4
68,222,1
69,222,2
70,222,5
71,222,2
72,222,3
73,222,3
74,222,4
75,222,2
76,222,1
77,222,3
78,222,4
79,222,1
80,222,3
81,222,5
82,222,2
83,222,5
84,222,5
85,222,1
86,222,2
87,222,3
88,222,1
89,222,2
90,222,2
91,222,1
92,222,3
93,222,1
94,222,4
95,222,4
96,222,4
97,222,1
98,222,5
99,222,1
100,222,4
101,222,1
102,222,3
103,222,5
104,222,5
105,222,2
106,222,1
107,222,2
108,222,2
109,222,2
110,222,2
111,222,5
112,222,4
113,222,5
114,222,5
115,222,3
116,222,5
117,222,5
118,222,1
119,222,2
120,222,1
121,222,1
122,222,5
123,222,1
124,222,5
125,222,4
126,222,1
127,222,4
128,222,2
129,222,2
130,222,5
131,222,2
132,222,3
133,222,5
134,222,1
135,222,1
136,222,3
137,222,2
138,222,5
139,222,3
140,222,4
141,222,5
142,222,5
143,222,3
144,222,1
145,222,1
146,222,5
147,222,1
148,222,4
149,222,5
150,222,3
151,222,2
152,222,1
153,222,5
154,222,1
155,222,3
156,222,1
157,222,3
158,222,4
159,222,5
160,222,5
161,222,3
162,222,2
163,222,1
164,222,5
165,222,3
166,222,5
167,222,1
168,222,4
169,222,1
170,222,1
171,222,2
172,222,5
173,222,1
174,222,3
175,222,1
176,222,5
177,222,1
178,222,3
179,222,2
180,222,3
181,222,4
182,222,2
183,222,4
184,222,3
185,222,4
186,222,1
187,222,4
188,222,2
189,222,1
190,222,3
191,222,4
192,222,2
193,222,3
194,222,5
195,222,2
196,222,4
197,222,1
198,222,3
199,222,1
200,222,5
201,222,1
202,222,5
203,222,2
204,222,4
205,222,5
206,222,4
207,222,1
208,222,1
209,222,1
210,222,2
211,222,5
212,222,1
213,222,3
214,222,3
215,222,1
216,222,1
217,222,4
218,222,2
219,222,1
220,222,2
221,222,4
222,222,2
223,222,2
224,222,5
225,222,1
226,222,1
227,222,2
228,222,4
229,222,2
230,222,2
231,222,5
232,222,1
233,222,5
234,222,2
235,222,2
236,222,1
237,222,2
238,222,4
239,222,1
240,222,4
241,222,3
242,222,3
243,222,5
244,222,1
245,222,3
246,222,3
247,222,1
248,222,2
249,222,1
250,222,1
1,223,2
2,223,1
3,223,2
4,223,5
5,223,5
6,223,3
7,223,1
8,223,5
9,223,4
10,223,4
11,223,2
12,223,2
13,223,2
14,223,1
15,223,3
16,223,4
17,223,2
18,223,4
19,223,3
20,223,4
21,223,2
22,223,5
23,223,1
24,223,5
25,223,5
26,223,5
27,223,4
28,223,5
29,223,3
30,223,2
31,223,5
32,223,4
33,223,5
34,223,1
35,223,2
36,223,1
37,223,4
38,223,3
39,223,5
40,223,3
41,223,5
42,223,4
43,223,1
44,223,2
45,223,5
46,223,5
47,223,5
48,223,1
49,223,3
50,223,5
51,223,4
52,223,5
53,223,3
54,223,5
55,223,2
56,223,2
57,223,3
58,223,2
59,223,2
60,223,3
61,223,3
62,223,5
63,223,4
64,223,2
65,223,2
66,223,1
67,223,4
68,223,1
69,223,1
70,223,5
71,223,1
72,223,3
73,223,2
74,223,5
75,223,2
76,223,3
77,223,3
78,223,5
79,223,1
80,223,2
81,223,5
82,223,1
83,223,4
84,223,4
85,223,1
86,223,2
87,223,1
88,223,1
89,223,1
90,223,2
91,223,1
92,223,3
93,223,2
94,223,5
95,223,4
96,223,5
97,223,1
98,223,4
99,223,2
100,223,4
101,223,2
102,223,3
103,223,5
104,223,4
105,223,3
106,223,2
107,223,2
108,223,2
109,223,3
110,223,1
111,223,5
112,223,4
113,223,5
114,223,4
115,223,3
116,223,5
117,223,5
118,223,2
119,223,1
120,223,3
121,223,1
122,223,5
123,223,2
124,223,4
125,223,5
126,223,2
127,223,5
128,223,1
129,223,3
130,223,4
131,223,1
132,223,3
133,223,4
134,223,1
135,223,1
136,223,2
137,223,2
138,223,4
139,223,2
140,223,4
141,223,5
142,223,5
143,223,3
144,223,1
145,223,2
146,223,4
147,223,2
148,223,5
149,223,5
150,223,2
151,223,2
152,223,1
153,223,4
154,223,1
155,223,3
156,223,1
157,223,3
158,223,4
159,223,4
160,223,5
161,223,2
162,223,1
163,223,2
164,223,4
165,223,2
166,223,4
167,223,1
168,223,4
169,223,1
170,223,2
171,223,2
172,223,5
173,223,2
174,223,2
175,223,1
176,223,4
177,223,1
178,223,3
179,223,2
180,223,3
181,223,5
182,223,2
183,223,4
184,223,3
185,223,5
186,223,1
187,223,4
188,223,2
189,223,1
190,223,2
191,223,4
192,223,2
193,223,3
194,223,4
195,223,1
196,223,5
197,223,1
198,223,2
199,223,1
200,223,4
201,223,1
202,223,5
203,223,2
204,223,4
205,223,5
206,223,4
207,223,1
208,223,1
209,223,2
210,223,1
211,223,4
212,223,2
213,223,3
214,223,2
215,223,1
216,223,3
217,223,5
218,223,1
219,223,1
220,223,2
221,223,4
222,223,2
223,223,3
224,223,5
225,223,2
226,223,1
227,223,1
228,223,5
229,223,2
230,223,2
231,223,4
232,223,1
233,223,5
234,223,2
235,223,1
236,223,1
237,223,1
238,223,5
239,223,1
240,223,5
241,223,2
242,223,3
243,223,5
244,223,1
245,223,3
246,223,1
247,223,1
248,223,2
249,223,1
250,223,1
1,224,3
2,224,1
3,224,1
4,224,4
5,224,5
6,224,2
7,224,2
8,224,5
9,224,4
10,224,5
11,224,2
12,224,1
13,224,1
14,224,2
15,224,2
16,224,4
17,224,2
18,224,4
19,224,3
20,224,4
21,224,3
22,224,5
23,224,2
24,224,5
25,224,4
26,224,4
27,224,5
28,224,5
29,224,1
30,224,3
31,224,5
32,224,4
33,224,5
34,224,1
35,224,1
36,224,3
37,224,4
38,224,2
39,224,4
40,224,3
41,224,4
42,224,4
43,224,1
44,224,3
45,224,5
46,224,5
47,224,4
48,224,2
49,224,3
50,224,5
51,224,5
52,224,4
53,224,2
54,224,5
55,224,1
56,224,1
57,224,3
58,224,3
59,224,3
60,224,3
61,224,3
62,224,5
63,224,5
64,224,3
65,224,1
66,224,2
67,224,5
68,224,3
69,224,2
70,224,5
71,224,1
72,224,3
73,224,1
74,224,4
75,224,1
76,224,3
77,224,3
78,224,4
79,224,1
80,224,2
81,224,5
82,224,2
83,224,5
84,224,5
85,224,2
86,224,3
87,224,3
88,224,2
89,224,1
90,224,1
91,224,1
92,224,1
93,224,2
94,224,5
95,224,4
96,224,4
97,224,1
98,224,4
99,224,1
100,224,5
101,224,1
102,224,1
103,224,5
104,224,4
105,224,2
106,224,3
107,224,2
108,224,2
109,224,1
110,224,3
111,224,4
112,224,5
113,224,5
114,224,4
115,224,3
116,224,4
117,224,4
118,224,3
119,224,3
120,224,3
121,224,2
122,224,5
123,224,1
124,224,5
125,224,4
126,224,3
127,224,4
128,224,2
129,224,3
130,224,5
131,224,2
132,224,3
133,224,4
134,224,2
135,224,2
136,224,3
137,224,3
138,224,4
139,224,3
140,224,4
141,224,5
142,224,5
143,224,2
144,224,1
145,224,2
146,224,5
147,224,2
148,224,5
149,224,4
150,224,1
151,224,3
152,224,2
153,224,4
154,224,1
155,224,2
156,224,1
157,224,2
158,224,4
159,224,4
160,224,5
161,224,1
162,224,1
163,224,1
164,224,4
165,224,2
166,224,5
167,224,1
168,224,4
169,224,1
170,224,1
171,224,2
172,224,5
173,224,2
174,224,2
175,224,2
176,224,5
177,224,1
178,224,3
179,224,1
180,224,2
181,224,5
182,224,1
183,224,5
184,224,3
185,224,4
186,224,1
187,224,4
188,224,3
189,224,2
190,224,3
191,224,4
192,224,1
193,224,3
194,224,4
195,224,1
196,224,4
197,224,2
198,224,1
199,224,1
200,224,4
201,224,1
202,224,5
203,224,1
204,224,4
205,224,4
206,224,5
207,224,2
208,224,1
209,224,2
210,224,3
211,224,5
212,224,3
213,224,2
214,224,3
215,224,2
216,224,2
217,224,4
218,224,1
219,224,2
220,224,3
221,224,5
222,224,1
223,224,2
224,224,5
225,224,3
226,224,1
227,224,1
228,224,4
229,224,1
230,224,1
231,224,4
232,224,3
233,224,5
234,224,2
235,224,1
236,224,2
237,224,2
238,224,5
239,224,1
240,224,5
241,224,2
242,224,3
243,224,5
244,224,2
245,224,3
246,224,2
247,224,1
248,224,2
249,224,1
250,224,1
1,225,1
2,225,1
3,225,2
4,225,5
5,225,4
6,225,2
7,225,2
8,225,4
9,225,5
10,225,4
11,225,2
12,225,1
13,225,2
14,225,2
15,225,1
16,225,5
17,225,2
18,225,4
19,225,2
20,225,5
21,225,3
22,225,4
23,225,2
24,225,4
25,225,4
26,225,5
27,225,5
28,225,5
29,225,3
30,225,3
31,225,5
32,225,5
33,225,4
34,225,1
35,225,2
36,225,3
37,225,5
38,225,2
39,225,5
40,225,3
41,225,5
42,225,4
43,225,2
44,225,3
45,225,5
46,225,4
47,225,5
48,225,1
49,225,3
50,225,5
51,225,5
52,225,5
53,225,1
54,225,5
55,225,1
56,225,1
57,225,3
58,225,1
59,225,2
60,225,2
61,225,1
62,225,4
63,225,5
64,225,2
65,225,2
66,225,1
67,225,5
68,225,3
69,225,1
70,225,4
71,225,1
72,225,3
73,225,3
74,225,4
75,225,1
76,225,3
77,225,3
78,225,5
79,225,1
80,225,2
81,225,4
82,225,3
83,225,5
84,225,4
85,225,2
86,225,2
87,225,3
88,225,2
89,225,1
90,225,3
91,225,1
92,225,3
93,225,2
94,225,4
95,225,5
96,225,5
97,225,1
98,225,4
99,225,1
100,225,5
101,225,2
102,225,3
103,225,5
104,225,5
105,225,1
106,225,2
107,225,2
108,225,2
109,225,3
110,225,3
111,225,5
112,225,4
113,225,5
114,225,4
115,225,2
116,225,5
117,225,5
118,225,1
119,225,3
120,225,1
121,225,2
122,225,5
123,225,1
124,225,5
125,225,5
126,225,2
127,225,5
128,225,1
129,225,3
130,225,5
131,225,1
132,225,3
133,225,4
134,225,1
135,225,3
136,225,2
137,225,3
138,225,5
139,225,3
140,225,4
141,225,4
142,225,5
143,225,3
144,225,1
145,225,2
146,225,4
147,225,2
148,225,4
149,225,5
150,225,3
151,225,2
152,225,1
153,225,5
154,225,1
155,225,2
156,225,2
157,225,3
158,225,5
159,225,4
160,225,5
161,225,3
162,225,1
163,225,3
164,225,5
165,225,2
166,225,4
167,225,2
168,225,5
169,225,1
170,225,1
171,225,1
172,225,5
173,225,1
174,225,3
175,225,1
176,225,5
177,225,2
178,225,3
179,225,1
180,225,3
181,225,4
182,225,1
183,225,5
184,225,1
185,225,4
186,225,1
187,225,5
188,225,3
189,225,1
190,225,2
191,225,5
192,225,2
193,225,2
194,225,5
195,225,1
196,225,5
197,225,2
198,225,2
199,225,1
200,225,4
201,225,1
202,225,4
203,225,1
204,225,4
205,225,5
206,225,4
207,225,1
208,225,2
209,225,1
210,225,3
211,225,4
212,225,2
213,225,3
214,225,3
215,225,2
216,225,3
217,225,4
218,225,1
219,225,1
220,225,3
221,225,4
222,225,1
223,225,3
224,225,4
225,225,1
226,225,1
227,225,1
228,225,5
229,225,1
230,225,2
231,225,5
232,225,2
233,225,5
234,225,3
235,225,1
236,225,1
237,225,1
238,225,4
239,225,2
240,225,5
241,225,3
242,225,3
243,225,5
244,225,2
245,225,2
246,225,3
247,225,2
248,225,2
249,225,2
250,225,1
1,226,3
2,226,2
3,226,1
4,226,4
5,226,5
6,226,2
7,226,3
8,226,4
9,226,5
10,226,5
11,226,2
12,226,1
13,226,1
14,226,2
15,226,2
16,226,4
17,226,3
18,226,5
19,226,2
20,226,5
21,226,3
22,226,5
23,226,3
24,226,4
25,226,5
26,226,4
27,226,4
28,226,5
29,226,3
30,226,2
31,226,5
32,226,4
33,226,5
34,226,1
35,226,3
36,226,3
37,226,5
38,226,3
39,226,4
40,226,3
41,226,4
42,226,5
43,226,1
44,226,2
45,226,5
46,226,4
47,226,5
48,226,1
49,226,2
50,226,4
51,226,5
52,226,4
53,226,3
54,226,4
55,226,1
56,226,3
57,226,2
58,226,1
59,226,3
60,226,2
61,226,3
62,226,5
63,226,5
64,226,2
65,226,2
66,226,1
67,226,5
68,226,2
69,226,3
70,226,4
71,226,1
72,226,3
73,226,2
74,226,5
75,226,2
76,226,1
77,226,2
78,226,4
79,226,1
80,226,3
81,226,4
82,226,3
83,226,4
84,226,5
85,226,2
86,226,2
87,226,2
88,226,1
89,226,2
90,226,3
91,226,1
92,226,3
93,226,1
94,226,5
95,226,4
96,226,5
97,226,1
98,226,5
99,226,1
100,226,4
101,226,2
102,226,3
103,226,4
104,226,5
105,226,2
106,226,1
107,226,1
108,226,1
109,226,3
110,226,3
111,226,5
112,226,5
113,226,4
114,226,4
115,226,3
116,226,4
117,226,5
118,226,3
119,226,3
120,226,3
121,226,2
122,226,5
123,226,1
124,226,4
125,226,5
126,226,1
127,226,4
128,226,1
129,226,2
130,226,5
131,226,1
132,226,1
133,226,4
134,226,1
135,226,3
136,226,3
137,226,3
138,226,4
139,226,3
140,226,4
141,226,5
142,226,5
143,226,3
144,226,1
145,226,3
146,226,4
147,226,2
148,226,4
149,226,5
150,226,2
151,226,3
152,226,2
153,226,4
154,226,2
155,226,3
156,226,1
157,226,3
158,226,4
159,226,4
160,226,5
161,226,3
162,226,1
163,226,1
164,226,4
165,226,1
166,226,4
167,226,1
168,226,5
169,226,1
170,226,1
171,226,2
172,226,5
173,226,1
174,226,3
175,226,2
176,226,5
177,226,1
178,226,3
179,226,2
180,226,3
181,226,5
182,226,1
183,226,5
184,226,3
185,226,5
186,226,1
187,226,4
188,226,2
189,226,2
190,226,2
191,226,4
192,226,3
193,226,3
194,226,5
195,226,1
196,226,4
197,226,1
198,226,1
199,226,1
200,226,5
201,226,1
202,226,5
203,226,2
204,226,4
205,226,4
206,226,5
207,226,1
208,226,1
209,226,1
210,226,3
211,226,5
212,226,2
213,226,2
214,226,2
215,226,1
216,226,2
217,226,5
218,226,1
219,226,2
220,226,2
221,226,4
222,226,1
223,226,2
224,226,5
225,226,2
226,226,1
227,226,1
228,226,5
229,226,1
230,226,1
231,226,5
232,226,3
233,226,4
234,226,2
235,226,1
236,226,1
237,226,2
238,226,5
239,226,2
240,226,4
241,226,3
242,226,1
243,226,5
244,226,1
245,226,2
246,226,3
247,226,1
248,226,2
249,226,2
250,226,1
1,227,3
2,227,1
3,227,3
4,227,4
5,227,4
6,227,2
7,227,3
8,227,4
9,227,4
10,227,5
11,227,2
12,227,1
13,227,1
14,227,1
15,227,2
16,227,5
17,227,2
18,227,5
19,227,1
20,227,4
21,227,1
22,227,4
23,227,2
24,227,4
25,227,5
26,227,4
27,227,4
28,227,4
29,227,2
30,227,1
31,227,4
32,227,5
33,227,4
34,227,2
35,227,3
36,227,2
37,227,5
38,227,2
39,227,5
40,227,3
41,227,4
42,227,4
43,227,1
44,227,1
45,227,5
46,227,4
47,227,5
48,227,2
49,227,2
50,227,5
51,227,4
52,227,4
53,227,2
54,227,4
55,227,2
56,227,3
57,227,3
58,227,3
59,227,3
60,227,3
61,227,1
62,227,4
63,227,5
64,227,3
65,227,1
66,227,1
67,227,4
68,227,2
69,227,3
70,227,4
71,227,1
72,227,2
73,227,2
74,227,4
75,227,2
76,227,2
77,227,1
78,227,4
79,227,2
80,227,3
81,227,4
82,227,3
83,227,5
84,227,4
85,227,1
86,227,1
87,227,2
88,227,1
89,227,1
90,227,3
91,227,1
92,227,3
93,227,1
94,227,5
95,227,5
96,227,4
97,227,2
98,227,5
99,227,1
100,227,5
101,227,1
102,227,1
103,227,5
104,227,4
105,227,2
106,227,1
107,227,1
108,227,1
109,227,3
110,227,1
111,227,5
112,227,5
113,227,5
114,227,4
115,227,3
116,227,4
117,227,5
118,227,2
119,227,3
120,227,3
121,227,1
122,227,4
123,227,2
124,227,4
125,227,5
126,227,2
127,227,5
128,227,1
129,227,1
130,227,5
131,227,1
132,227,1
133,227,5
134,227,1
135,227,3
136,227,1
137,227,3
138,227,5
139,227,3
140,227,4
141,227,4
142,227,5
143,227,3
144,227,2
145,227,2
146,227,5
147,227,2
148,227,5
149,227,5
150,227,2
151,227,2
152,227,1
153,227,5
154,227,2
155,227,1
156,227,1
157,227,3
158,227,4
159,227,5
160,227,5
161,227,3
162,227,1
163,227,2
164,227,5
165,227,3
166,227,5
167,227,1
168,227,5
169,227,2
170,227,2
171,227,2
172,227,4
173,227,1
174,227,3
175,227,1
176,227,4
177,227,1
178,227,3
179,227,1
180,227,1
181,227,4
182,227,2
183,227,5
184,227,3
185,227,4
186,227,1
187,227,4
188,227,2
189,227,1
190,227,3
191,227,4
192,227,3
193,227,3
194,227,4
195,227,1
196,227,4
197,227,2
198,227,2
199,227,2
200,227,5
201,227,1
202,227,5
203,227,1
204,227,4
205,227,5
206,227,5
207,227,2
208,227,2
209,227,1
210,227,3
211,227,4
212,227,3
213,227,3
214,227,3
215,227,2
216,227,2
217,227,4
218,227,2
219,227,1
220,227,3
221,227,5
222,227,1
223,227,3
224,227,4
225,227,2
226,227,1
227,227,1
228,227,4
229,227,1
230,227,1
231,227,5
232,227,3
233,227,5
234,227,3
235,227,1
236,227,1
237,227,1
238,227,5
239,227,1
240,227,5
241,227,3
242,227,3
243,227,4
244,227,2
245,227,3
246,227,2
247,227,1
248,227,1
249,227,2
250,227,1
1,228,3
2,228,1
3,228,2
4,228,5
5,228,5
6,228,3
7,228,2
8,228,4
9,228,4
10,228,5
11,228,2
12,228,1
13,228,3
14,228,2
15,228,1
16,228,4
17,228,3
18,228,4
19,228,2
20,228,5
21,228,3
22,228,5
23,228,3
24,228,5
25,228,5
26,228,5
27,228,5
28,228,5
29,228,3
30,228,3
31,228,5
32,228,4
33,228,5
34,228,2
35,228,2
36,228,3
37,228,5
38,228,2
39,228,5
40,228,3
41,228,5
42,228,5
43,228,1
44,228,3
45,228,5
46,228,5
47,228,4
48,228,1
49,228,3
50,228,5
51,228,4
52,228,5
53,228,1
54,228,4
55,228,1
56,228,1
57,228,1
58,228,1
59,228,3
60,228,3
61,228,3
62,228,5
63,228,4
64,228,2
65,228,1
66,228,1
67,228,5
68,228,2
69,228,1
70,228,5
71,228,1
72,228,1
73,228,2
74,228,4
75,228,1
76,228,3
77,228,3
78,228,5
79,228,1
80,228,3
81,228,5
82,228,2
83,228,4
84,228,5
85,228,1
86,228,2
87,228,3
88,228,1
89,228,1
90,228,2
91,228,1
92,228,1
93,228,2
94,228,5
95,228,5
96,228,5
97,228,2
98,228,5
99,228,1
100,228,4
101,228,1
102,228,3
103,228,5
104,228,4
105,228,1
106,228,1
107,228,1
108,228,2
109,228,2
110,228,3
111,228,5
112,228,4
113,228,5
114,228,4
115,228,2
116,228,4
117,228,5
118,228,3
119,228,3
120,228,1
121,228,1
122,228,4
123,228,1
124,228,4
125,228,5
126,228,1
127,228,5
128,228,2
129,228,3
130,228,4
131,228,2
132,228,3
133,228,4
134,228,2
135,228,1
136,228,2
137,228,3
138,228,5
139,228,3
140,228,4
141,228,5
142,228,4
143,228,1
144,228,1
145,228,3
146,228,4
147,228,2
148,228,4
149,228,4
150,228,3
151,228,2
152,228,1
153,228,5
154,228,1
155,228,2
156,228,1
157,228,3
158,228,4
159,228,5
160,228,5
161,228,2
162,228,1
163,228,1
164,228,4
165,228,2
166,228,5
167,228,1
168,228,5
169,228,2
170,228,1
171,228,1
172,228,4
173,228,1
174,228,2
175,228,2
176,228,4
177,228,1
178,228,3
179,228,1
180,228,2
181,228,5
182,228,1
183,228,5
184,228,3
185,228,5
186,228,1
187,228,4
188,228,3
189,228,2
190,228,2
191,228,4
192,228,2
193,228,3
194,228,4
195,228,1
196,228,4
197,228,2
198,228,3
199,228,1
200,228,4
201,228,1
202,228,5
203,228,2
204,228,4
205,228,5
206,228,5
207,228,1
208,228,2
209,228,1
210,228,3
211,228,4
212,228,1
213,228,2
214,228,2
215,228,1
216,228,3
217,228,5
218,228,1
219,228,1
220,228,2
221,228,5
222,228,1
223,228,3
224,228,4
225,228,3
226,228,1
227,228,2
228,228,4
229,228,2
230,228,1
231,228,4
232,228,3
233,228,5
234,228,2
235,228,1
236,228,1
237,228,2
238,228,5
239,228,1
240,228,5
241,228,3
242,228,3
243,228,4
244,228,2
245,228,3
246,228,3
247,228,1
248,228,1
249,228,1
250,228,1
1,229,2
2,229,1
3,229,1
4,229,4
5,229,4
6,229,1
7,229,2
8,229,5
9,229,5
10,229,5
11,229,2
12,229,1
13,229,3
14,229,2
15,229,2
16,229,5
17,229,1
18,229,5
19,229,2
20,229,4
21,229,3
22,229,5
23,229,1
24,229,5
25,229,5
26,229,4
27,229,4
28,229,5
29,229,3
30,229,3
31,229,5
32,229,5
33,229,4
34,229,1
35,229,2
36,229,3
37,229,5
38,229,2
39,229,5
40,229,1
41,229,5
42,229,5
43,229,1
44,229,3
45,229,5
46,229,5
47,229,5
48,229,1
49,229,2
50,229,4
51,229,4
52,229,5
53,229,3
54,229,4
55,229,1
56,229,3
57,229,2
58,229,3
59,229,1
60,229,2
61,229,1
62,229,5
63,229,5
64,229,3
65,229,2
66,229,2
67,229,4
68,229,3
69,229,3
70,229,4
71,229,2
72,229,2
73,229,2
74,229,4
75,229,1
76,229,2
77,229,2
78,229,5
79,229,2
80,229,2
81,229,5
82,229,3
83,229,5
84,229,5
85,229,1
86,229,2
87,229,1
88,229,1
89,229,1
90,229,3
91,229,2
92,229,2
93,229,1
94,229,5
95,229,4
96,229,4
97,229,2
98,229,5
99,229,2
100,229,5
101,229,3
102,229,3
103,229,5
104,229,4
105,229,2
106,229,2
107,229,1
108,229,1
109,229,1
110,229,3
111,229,5
112,229,5
113,229,5
114,229,5
115,229,3
116,229,5
117,229,5
118,229,3
119,229,2
120,229,1
121,229,1
122,229,5
123,229,2
124,229,5
125,229,4
126,229,2
127,229,4
128,229,2
129,229,2
130,229,5
131,229,1
132,229,2
133,229,4
134,229,1
135,229,2
136,229,3
137,229,3
138,229,5
139,229,2
140,229,4
141,229,4
142,229,5
143,229,2
144,229,2
145,229,2
146,229,4
147,229,1
148,229,5
149,229,5
150,229,3
151,229,3
152,229,2
153,229,4
154,229,2
155,229,3
156,229,1
157,229,1
158,229,5
159,229,4
160,229,5
161,229,1
162,229,2
163,229,2
164,229,4
165,229,2
166,229,5
167,229,2
168,229,5
169,229,2
170,229,1
171,229,2
172,229,5
173,229,1
174,229,2
175,229,1
176,229,5
177,229,1
178,229,3
179,229,2
180,229,1
181,229,5
182,229,2
183,229,5
184,229,3
185,229,5
186,229,2
187,229,5
188,229,3
189,229,1
190,229,2
191,229,5
192,229,1
193,229,1
194,229,5
195,229,1
196,229,4
197,229,2
198,229,3
199,229,2
200,229,5
201,229,2
202,229,4
203,229,1
204,229,5
205,229,4
206,229,5
207,229,1
208,229,1
209,229,1
210,229,2
211,229,4
212,229,3
213,229,2
214,229,3
215,229,2
216,229,2
217,229,5
218,229,1
219,229,1
220,229,3
221,229,5
222,229,2
223,229,2
224,229,4
225,229,3
226,229,2
227,229,1
228,229,4
229,229,2
230,229,1
231,229,5
232,229,3
233,229,4
234,229,2
235,229,1
236,229,1
237,229,2
238,229,5
239,229,2
240,229,5
241,229,3
242,229,1
243,229,4
244,229,1
245,229,3
246,229,3
247,229,2
248,229,1
249,229,1
250,229,1
1,230,3
2,230,1
3,230,2
4,230,4
5,230,4
6,230,3
7,230,3
8,230,5
9,230,4
10,230,5
11,230,2
12,230,1
13,230,1
14,230,1
15,230,3
16,230,5
17,230,2
18,230,4
19,230,3
20,230,5
21,230,3
22,230,5
23,230,3
24,230,4
25,230,4
26,230,5
27,230,4
28,230,4
29,230,3
30,230,2
31,230,4
32,230,4
33,230,5
34,230,2
35,230,2
36,230,2
37,230,4
38,230,3
39,230,4
40,230,2
41,230,5
42,230,5
43,230,1
44,230,2
45,230,4
46,230,4
47,230,5
48,230,1
49,230,3
50,230,4
51,230,5
52,230,4
53,230,1
54,230,5
55,230,2
56,230,3
57,230,3
58,230,2
59,230,1
60,230,1
61,230,3
62,230,5
63,230,4
64,230,3
65,230,1
66,230,2
67,230,5
68,230,3
69,230,2
70,230,5
71,230,1
72,230,3
73,230,2
74,230,4
75,230,2
76,230,3
77,230,3
78,230,4
79,230,1
80,230,2
81,230,4
82,230,2
83,230,4
84,230,5
85,230,1
86,230,3
87,230,1
88,230,1
89,230,1
90,230,3
91,230,2
92,230,2
93,230,1
94,230,5
95,230,5
96,230,5
97,230,1
98,230,4
99,230,1
100,230,5
101,230,2
102,230,3
103,230,4
104,230,4
105,230,3
106,230,3
107,230,1
108,230,1
109,230,3
110,230,3
111,230,4
112,230,5
113,230,5
114,230,5
115,230,3
116,230,4
117,230,5
118,230,2
119,230,1
120,230,2
121,230,2
122,230,5
123,230,1
124,230,5
125,230,4
126,230,3
127,230,5
128,230,2
129,230,2
130,230,4
131,230,1
132,230,2
133,230,4
134,230,1
135,230,3
136,230,3
137,230,3
138,230,5
139,230,2
140,230,5
141,230,5
142,230,4
143,230,1
144,230,2
145,230,3
146,230,5
147,230,1
148,230,5
149,230,4
150,230,2
151,230,3
152,230,2
153,230,5
154,230,1
155,230,2
156,230,1
157,230,3
158,230,5
159,230,5
160,230,4
161,230,2
162,230,1
163,230,1
164,230,4
165,230,1
166,230,4
167,230,1
168,230,5
169,230,2
170,230,1
171,230,1
172,230,5
173,230,2
174,230,2
175,230,1
176,230,4
177,230,2
178,230,2
179,230,2
180,230,3
181,230,4
182,230,2
183,230,5
184,230,2
185,230,4
186,230,1
187,230,5
188,230,2
189,230,2
190,230,1
191,230,4
192,230,3
193,230,3
194,230,4
195,230,1
196,230,4
197,230,1
198,230,2
199,230,1
200,230,5
201,230,2
202,230,4
203,230,1
204,230,5
205,230,5
206,230,4
207,230,1
208,230,2
209,230,1
210,230,3
211,230,5
212,230,2
213,230,3
214,230,2
215,230,1
216,230,2
217,230,4
218,230,1
219,230,1
220,230,1
221,230,5
222,230,1
223,230,3
224,230,4
225,230,3
226,230,1
227,230,1
228,230,4
229,230,2
230,230,1
231,230,5
232,230,3
233,230,5
234,230,3
235,230,2
236,230,1
237,230,2
238,230,4
239,230,1
240,230,5
241,230,1
242,230,3
243,230,5
244,230,2
245,230,1
246,230,3
247,230,1
248,230,1
249,230,2
250,230,2
1,231,2
2,231,1
3,231,3
4,231,5
5,231,5
6,231,3
7,231,3
8,231,5
9,231,4
10,231,4
11,231,3
12,231,1
13,231,3
14,231,1
15,231,2
16,231,4
17,231,2
18,231,4
19,231,3
20,231,5
21,231,3
22,231,5
23,231,3
24,231,5
25,231,5
26,231,5
27,231,5
28,231,5
29,231,2
30,231,1
31,231,5
32,231,5
33,231,5
34,231,2
35,231,2
36,231,1
37,231,5
38,231,2
39,231,5
40,231,3
41,231,4
42,231,5
43,231,1
44,231,3
45,231,5
46,231,5
47,231,5
48,231,1
49,231,3
50,231,5
51,231,5
52,231,5
53,231,2
54,231,5
55,231,1
56,231,3
57,231,2
58,231,3
59,231,2
60,231,2
61,231,3
62,231,5
63,231,4
64,231,1
65,231,1
66,231,2
67,231,5
68,231,3
69,231,2
70,231,5
71,231,1
72,231,2
73,231,1
74,231,4
75,231,1
76,231,2
77,231,3
78,231,4
79,231,1
80,231,1
81,231,4
82,231,2
83,231,4
84,231,4
85,231,1
86,231,3
87,231,2
88,231,1
89,231,2
90,231,1
91,231,1
92,231,2
93,231,1
94,231,5
95,231,5
96,231,5
97,231,1
98,231,4
99,231,2
100,231,4
101,231,2
102,231,1
103,231,4
104,231,5
105,231,1
106,231,1
107,231,1
108,231,1
109,231,2
110,231,2
111,231,5
112,231,4
113,231,4
114,231,4
115,231,3
116,231,5
117,231,4
118,231,2
119,231,3
120,231,3
121,231,2
122,231,5
123,231,1
124,231,5
125,231,5
126,231,2
127,231,5
128,231,2
129,231,3
130,231,4
131,231,2
132,231,1
133,231,4
134,231,1
135,231,3
136,231,3
137,231,1
138,231,5
139,231,3
140,231,5
141,231,5
142,231,5
143,231,3
144,231,2
145,231,2
146,231,4
147,231,1
148,231,5
149,231,5
150,231,2
151,231,3
152,231,1
153,231,5
154,231,2
155,231,3
156,231,2
157,231,2
158,231,5
159,231,4
160,231,4
161,231,3
162,231,2
163,231,2
164,231,5
165,231,3
166,231,4
167,231,2
168,231,4
169,231,1
170,231,2
171,231,2
172,231,4
173,231,1
174,231,2
175,231,1
176,231,5
177,231,1
178,231,3
179,231,1
180,231,1
181,231,4
182,231,1
183,231,4
184,231,2
185,231,4
186,231,1
187,231,4
188,231,3
189,231,1
190,231,1
191,231,5
192,231,2
193,231,1
194,231,5
195,231,2
196,231,5
197,231,1
198,231,2
199,231,1
200,231,4
201,231,1
202,231,5
203,231,2
204,231,4
205,231,5
206,231,4
207,231,1
208,231,2
209,231,2
210,231,2
211,231,5
212,231,3
213,231,3
214,231,3
215,231,1
216,231,2
217,231,5
218,231,1
219,231,1
220,231,2
221,231,5
222,231,1
223,231,3
224,231,5
225,231,2
226,231,1
227,231,2
228,231,5
229,231,1
230,231,1
231,231,5
232,231,1
233,231,5
234,231,2
235,231,1
236,231,2
237,231,1
238,231,5
239,231,1
240,231,5
241,231,3
242,231,3
243,231,5
244,231,3
245,231,1
246,231,3
247,231,1
248,231,2
249,231,1
250,231,1
1,232,1
2,232,1
3,232,3
4,232,4
5,232,4
6,232,3
7,232,3
8,232,5
9,232,4
10,232,4
11,232,3
12,232,2
13,232,2
14,232,1
15,232,3
16,232,5
17,232,3
18,232,5
19,232,2
20,232,4
21,232,2
22,232,5
23,232,3
24,232,5
25,232,5
26,232,5
27,232,5
28,232,5
29,232,1
30,232,1
31,232,5
32,232,4
33,232,4
34,232,1
35,232,3
36,232,1
37,232,5
38,232,2
39,232,4
40,232,2
41,232,5
42,232,5
43,232,2
44,232,3
45,232,5
46,232,5
47,232,5
48,232,2
49,232,2
50,232,5
51,232,4
52,232,5
53,232,3
54,232,5
55,232,1
56,232,3
57,232,3
58,232,1
59,232,2
60,232,2
61,232,2
62,232,4
63,232,4
64,232,3
65,232,1
66,232,1
67,232,5
68,232,2
69,232,1
70,232,5
71,232,1
72,232,2
73,232,3
74,232,5
75,232,1
76,232,2
77,232,1
78,232,4
79,232,1
80,232,2
81,232,5
82,232,3
83,232,4
84,232,5
85,232,1
86,232,1
87,232,1
88,232,2
89,232,2
90,232,2
91,232,1
92,232,2
93,232,1
94,232,5
95,232,5
96,232,4
97,232,1
98,232,4
99,232,1
100,232,5
101,232,2
102,232,3
103,232,5
104,232,5
105,232,3
106,232,1
107,232,1
108,232,1
109,232,2
110,232,3
111,232,4
112,232,5
113,232,4
114,232,4
115,232,3
116,232,4
117,232,4
118,232,2
119,232,1
120,232,2
121,232,2
122,232,5
123,232,2
124,232,5
125,232,5
126,232,2
127,232,5
128,232,2
129,232,3
130,232,4
131,232,2
132,232,3
133,232,4
134,232,2
135,232,2
136,232,2
137,232,1
138,232,4
139,232,2
140,232,4
141,232,4
142,232,5
143,232,3
144,232,1
145,232,3
146,232,4
147,232,2
148,232,5
149,232,5
150,232,3
151,232,3
152,232,1
153,232,4
154,232,1
155,232,1
156,232,1
157,232,2
158,232,4
159,232,4
160,232,5
161,232,3
162,232,2
163,232,1
164,232,4
165,232,2
166,232,5
167,232,1
168,232,4
169,232,1
170,232,1
171,232,1
172,232,5
173,232,2
174,232,2
175,232,1
176,232,5
177,232,1
178,232,2
179,232,2
180,232,1
181,232,4
182,232,2
183,232,5
184,232,3
185,232,5
186,232,1
187,232,4
188,232,2
189,232,1
190,232,2
191,232,5
192,232,2
193,232,3
194,232,4
195,232,1
196,232,5
197,232,1
198,232,3
199,232,2
200,232,5
201,232,2
202,232,4
203,232,2
204,232,4
205,232,5
206,232,5
207,232,1
208,232,1
209,232,2
210,232,3
211,232,4
212,232,3
213,232,3
214,232,1
215,232,1
216,232,3
217,232,4
218,232,2
219,232,1
220,232,3
221,232,4
222,232,2
223,232,3
224,232,4
225,232,1
226,232,1
227,232,2
228,232,5
229,232,2
230,232,1
231,232,4
232,232,3
233,232,4
234,232,2
235,232,1
236,232,2
237,232,2
238,232,5
239,232,1
240,232,4
241,232,2
242,232,1
243,232,4
244,232,2
245,232,3
246,232,3
247,232,1
248,232,2
249,232,1
250,232,1
1,233,2
2,233,1
3,233,3
4,233,4
5,233,4
6,233,3
7,233,3
8,233,5
9,233,4
10,233,4
11,233,2
12,233,1
13,233,3
14,233,1
15,233,3
16,233,5
17,233,2
18,233,4
19,233,1
20,233,5
21,233,3
22,233,4
23,233,2
24,233,5
25,233,4
26,233,5
27,233,5
28,233,4
29,233,2
30,233,2
31,233,5
32,233,4
33,233,5
34,233,1
35,233,2
36,233,2
37,233,5
38,233,3
39,233,4
40,233,3
41,233,5
42,233,5
43,233,1
44,233,2
45,233,4
46,233,5
47,233,5
48,233,1
49,233,2
50,233,4
51,233,5
52,233,5
53,233,3
54,233,5
55,233,2
56,233,2
57,233,2
58,233,2
59,233,1
60,233,2
61,233,3
62,233,4
63,233,5
64,233,1
65,233,1
66,233,2
67,233,4
68,233,1
69,233,3
70,233,4
71,233,1
72,233,3
73,233,2
74,233,5
75,233,2
76,233,3
77,233,1
78,233,5
79,233,1
80,233,2
81,233,5
82,233,3
83,233,4
84,233,5
85,233,1
86,233,2
87,233,3
88,233,1
89,233,1
90,233,2
91,233,1
92,233,1
93,233,1
94,233,5
95,233,4
96,233,5
97,233,1
98,233,5
99,233,1
100,233,5
101,233,2
102,233,1
103,233,5
104,233,5
105,233,2
106,233,3
107,233,2
108,233,1
109,233,2
110,233,1
111,233,5
112,233,4
113,233,5
114,233,4
115,233,3
116,233,4
117,233,5
118,233,3
119,233,3
120,233,3
121,233,1
122,233,5
123,233,1
124,233,4
125,233,4
126,233,1
127,233,5
128,233,1
129,233,3
130,233,4
131,233,1
132,233,1
133,233,5
134,233,1
135,233,2
136,233,2
137,233,3
138,233,5
139,233,3
140,233,4
141,233,5
142,233,5
143,233,3
144,233,2
145,233,2
146,233,5
147,233,2
148,233,5
149,233,4
150,233,3
151,233,3
152,233,1
153,233,5
154,233,1
155,233,2
156,233,1
157,233,2
158,233,4
159,233,5
160,233,5
161,233,1
162,233,1
163,233,2
164,233,5
165,233,2
166,233,5
167,233,1
168,233,5
169,233,1
170,233,1
171,233,2
172,233,5
173,233,1
174,233,3
175,233,1
176,233,4
177,233,1
178,233,1
179,233,1
180,233,2
181,233,5
182,233,1
183,233,4
184,233,3
185,233,4
186,233,1
187,233,4
188,233,2
189,233,2
190,233,3
191,233,4
192,233,3
193,233,2
194,233,4
195,233,1
196,233,5
197,233,1
198,233,3
199,233,2
200,233,4
201,233,1
202,233,4
203,233,1
204,233,4
205,233,5
206,233,5
207,233,1
208,233,1
209,233,1
210,233,2
211,233,5
212,233,1
213,233,2
214,233,2
215,233,2
216,233,2
217,233,5
218,233,1
219,233,1
220,233,3
221,233,4
222,233,2
223,233,2
224,233,5
225,233,3
226,233,1
227,233,1
228,233,4
229,233,2
230,233,2
231,233,5
232,233,2
233,233,5
234,233,3
235,233,2
236,233,2
237,233,1
238,233,5
239,233,2
240,233,5
241,233,2
242,233,3
243,233,5
244,233,2
245,233,1
246,233,3
247,233,1
248,233,3
249,233,1
250,233,2
1,234,2
2,234,2
3,234,2
4,234,5
5,234,4
6,234,3
7,234,3
8,234,4
9,234,4
10,234,4
11,234,2
12,234,1
13,234,2
14,234,1
15,234,2
16,234,5
17,234,3
18,234,5
19,234,2
20,234,5
21,234,2
22,234,5
23,234,2
24,234,4
25,234,4
26,234,5
27,234,5
28,234,4
29,234,3
30,234,3
31,234,5
32,234,5
33,234,4
34,234,1
35,234,3
36,234,1
37,234,4
38,234,3
39,234,4
40,234,3
41,234,5
42,234,5
43,234,1
44,234,2
45,234,4
46,234,5
47,234,4
48,234,1
49,234,2
50,234,5
51,234,4
52,234,5
53,234,2
54,234,4
55,234,2
56,234,3
57,234,3
58,234,3
59,234,3
60,234,3
61,234,2
62,234,5
63,234,4
64,234,3
65,234,1
66,234,1
67,234,5
68,234,3
69,234,3
70,234,5
71,234,2
72,234,2
73,234,3
74,234,4
75,234,1
76,234,3
77,234,2
78,234,5
79,234,2
80,234,1
81,234,4
82,234,3
83,234,4
84,234,4
85,234,2
86,234,3
87,234,2
88,234,2
89,234,1
90,234,2
91,234,1
92,234,2
93,234,1
94,234,4
95,234,4
96,234,4
97,234,1
98,234,4
99,234,1
100,234,4
101,234,1
102,234,3
103,234,4
104,234,4
105,234,3
106,234,3
107,234,2
108,234,2
109,234,2
110,234,3
111,234,5
112,234,5
113,234,4
114,234,5
115,234,2
116,234,5
117,234,4
118,234,2
119,234,3
120,234,3
121,234,1
122,234,5
123,234,1
124,234,4
125,234,5
126,234,3
127,234,5
128,234,1
129,234,3
130,234,5
131,234,1
132,234,3
133,234,5
134,234,1
135,234,2
136,234,3
137,234,3
138,234,4
139,234,2
140,234,5
141,234,5
142,234,5
143,234,1
144,234,1
145,234,3
146,234,5
147,234,2
148,234,4
149,234,4
150,234,3
151,234,3
152,234,2
153,234,5
154,234,1
155,234,2
156,234,1
157,234,3
158,234,5
159,234,5
160,234,4
161,234,3
162,234,1
163,234,3
164,234,4
165,234,3
166,234,5
167,234,1
168,234,4
169,234,2
170,234,1
171,234,2
172,234,5
173,234,1
174,234,2
175,234,1
176,234,5
177,234,1
178,234,3
179,234,1
180,234,3
181,234,4
182,234,1
183,234,5
184,234,3
185,234,5
186,234,1
187,234,4
188,234,1
189,234,2
190,234,3
191,234,5
192,234,3
193,234,3
194,234,5
195,234,1
196,234,5
197,234,1
198,234,3
199,234,2
200,234,4
201,234,2
202,234,5
203,234,2
204,234,4
205,234,5
206,234,4
207,234,1
208,234,2
209,234,2
210,234,3
211,234,5
212,234,2
213,234,3
214,234,3
215,234,1
216,234,2
217,234,4
218,234,2
219,234,2
220,234,3
221,234,4
222,234,1
223,234,2
224,234,5
225,234,2
226,234,1
227,234,1
228,234,4
229,234,2
230,234,2
231,234,5
232,234,2
233,234,5
234,234,1
235,234,1
236,234,1
237,234,2
238,234,5
239,234,2
240,234,5
241,234,1
242,234,2
243,234,4
244,234,2
245,234,3
246,234,2
247,234,1
248,234,2
249,234,1
250,234,2
1,235,3
2,235,1
3,235,3
4,235,5
5,235,5
6,235,2
7,235,1
8,235,4
9,235,5
10,235,4
11,235,2
12,235,1
13,235,2
14,235,1
15,235,1
16,235,5
17,235,2
18,235,5
19,235,2
20,235,5
21,235,1
22,235,5
23,235,3
24,235,5
25,235,4
26,235,5
27,235,4
28,235,4
29,235,3
30,235,3
31,235,4
32,235,5
33,235,5
34,235,1
35,235,3
36,235,2
37,235,4
38,235,2
39,235,5
40,235,1
41,235,5
42,235,5
43,235,1
44,235,2
45,235,4
46,235,5
47,235,4
48,235,1
49,235,2
50,235,5
51,235,5
52,235,5
53,235,1
54,235,4
55,235,1
56,235,2
57,235,2
58,235,3
59,235,2
60,235,2
61,235,2
62,235,4
63,235,5
64,235,3
65,235,1
66,235,1
67,235,5
68,235,3
69,235,2
70,235,4
71,235,1
72,235,3
73,235,3
74,235,4
75,235,2
76,235,3
77,235,3
78,235,4
79,235,1
80,235,2
81,235,5
82,235,2
83,235,5
84,235,5
85,235,1
86,235,3
87,235,3
88,235,1
89,235,2
90,235,3
91,235,1
92,235,2
93,235,1
94,235,5
95,235,5
96,235,5
97,235,1
98,235,4
99,235,1
100,235,5
101,235,3
102,235,2
103,235,5
104,235,5
105,235,3
106,235,2
107,235,2
108,235,1
109,235,2
110,235,2
111,235,5
112,235,4
113,235,5
114,235,5
115,235,3
116,235,4
117,235,5
118,235,2
119,235,3
120,235,2
121,235,1
122,235,5
123,235,1
124,235,4
125,235,4
126,235,1
127,235,5
128,235,2
129,235,2
130,235,4
131,235,2
132,235,3
133,235,4
134,235,1
135,235,2
136,235,2
137,235,3
138,235,4
139,235,2
140,235,4
141,235,5
142,235,5
143,235,3
144,235,1
145,235,3
146,235,5
147,235,2
148,235,4
149,235,4
150,235,3
151,235,3
152,235,2
153,235,4
154,235,1
155,235,2
156,235,1
157,235,3
158,235,4
159,235,4
160,235,4
161,235,2
162,235,2
163,235,2
164,235,4
165,235,3
166,235,5
167,235,2
168,235,4
169,235,1
170,235,2
171,235,1
172,235,5
173,235,1
174,235,3
175,235,1
176,235,4
177,235,2
178,235,3
179,235,2
180,235,3
181,235,5
182,235,1
183,235,5
184,235,2
185,235,5
186,235,1
187,235,5
188,235,3
189,235,1
190,235,2
191,235,4
192,235,3
193,235,1
194,235,5
195,235,1
196,235,4
197,235,1
198,235,3
199,235,1
200,235,5
201,235,1
202,235,4
203,235,2
204,235,5
205,235,4
206,235,5
207,235,1
208,235,1
209,235,1
210,235,1
211,235,5
212,235,2
213,235,1
214,235,2
215,235,1
216,235,3
217,235,5
218,235,2
219,235,1
220,235,3
221,235,4
222,235,1
223,235,2
224,235,4
225,235,3
226,235,2
227,235,1
228,235,5
229,235,1
230,235,2
231,235,5
232,235,3
233,235,5
234,235,2
235,235,2
236,235,1
237,235,1
238,235,4
239,235,1
240,235,5
241,235,3
242,235,2
243,235,5
244,235,3
245,235,3
246,235,1
247,235,1
248,235,3
249,235,1
250,235,2
1,236,3
2,236,1
3,236,3
4,236,5
5,236,4
6,236,2
7,236,2
8,236,5
9,236,5
10,236,5
11,236,2
12,236,1
13,236,2
14,236,2
15,236,1
16,236,5
17,236,1
18,236,4
19,236,2
20,236,5
21,236,2
22,236,5
23,236,3
24,236,5
25,236,5
26,236,5
27,236,4
28,236,5
29,236,3
30,236,2
31,236,5
32,236,4
33,236,5
34,236,1
35,236,3
36,236,2
37,236,5
38,236,3
39,236,4
40,236,2
41,236,5
42,236,4
43,236,1
44,236,3
45,236,5
46,236,4
47,236,5
48,236,2
49,236,1
50,236,4
51,236,4
52,236,4
53,236,2
54,236,5
55,236,2
56,236,3
57,236,1
58,236,2
59,236,3
60,236,1
61,236,3
62,236,5
63,236,5
64,236,3
65,236,2
66,236,2
67,236,5
68,236,2
69,236,2
70,236,4
71,236,1
72,236,2
73,236,2
74,236,5
75,236,1
76,236,3
77,236,1
78,236,5
79,236,1
80,236,3
81,236,5
82,236,3
83,236,5
84,236,4
85,236,1
86,236,2
87,236,2
88,236,1
89,236,1
90,236,3
91,236,1
92,236,2
93,236,1
94,236,4
95,236,5
96,236,4
97,236,1
98,236,5
99,236,2
100,236,4
101,236,2
102,236,3
103,236,5
104,236,4
105,236,3
106,236,3
107,236,1
108,236,2
109,236,2
110,236,1
111,236,4
112,236,5
113,236,5
114,236,4
115,236,3
116,236,5
117,236,5
118,236,2
119,236,2
120,236,2
121,236,1
122,236,5
123,236,1
124,236,5
125,236,5
126,236,1
127,236,5
128,236,1
129,236,3
130,236,4
131,236,1
132,236,3
133,236,5
134,236,1
135,236,2
136,236,3
137,236,3
138,236,5
139,236,3
140,236,5
141,236,5
142,236,4
143,236,3
144,236,1
145,236,3
146,236,4
147,236,1
148,236,5
149,236,5
150,236,1
151,236,3
152,236,2
153,236,4
154,236,2
155,236,3
156,236,1
157,236,2
158,236,5
159,236,5
160,236,5
161,236,1
162,236,1
163,236,2
164,236,4
165,236,3
166,236,5
167,236,1
168,236,5
169,236,1
170,236,1
171,236,2
172,236,4
173,236,1
174,236,3
175,236,2
176,236,5
177,236,2
178,236,1
179,236,1
180,236,3
181,236,5
182,236,1
183,236,5
184,236,3
185,236,4
186,236,1
187,236,5
188,236,1
189,236,2
190,236,1
191,236,4
192,236,3
193,236,3
194,236,5
195,236,1
196,236,4
197,236,2
198,236,3
199,236,1
200,236,5
201,236,1
202,236,5
203,236,1
204,236,5
205,236,4
206,236,4
207,236,2
208,236,2
209,236,1
210,236,3
211,236,5
212,236,1
213,236,2
214,236,2
215,236,2
216,236,3
217,236,5
218,236,1
219,236,2
220,236,2
221,236,5
222,236,1
223,236,3
224,236,5
225,236,2
226,236,1
227,236,2
228,236,5
229,236,1
230,236,1
231,236,5
232,236,3
233,236,5
234,236,3
235,236,2
236,236,1
237,236,2
238,236,5
239,236,2
240,236,5
241,236,3
242,236,3
243,236,5
244,236,1
245,236,2
246,236,2
247,236,1
248,236,3
249,236,1
250,236,1
1,237,2
2,237,2
3,237,3
4,237,5
5,237,5
6,237,2
7,237,3
8,237,4
9,237,4
10,237,4
11,237,3
12,237,1
13,237,3
14,237,2
15,237,3
16,237,5
17,237,3
18,237,5
19,237,3
20,237,4
21,237,3
22,237,5
23,237,3
24,237,5
25,237,5
26,237,5
27,237,5
28,237,4
29,237,3
30,237,3
31,237,5
32,237,4
33,237,5
34,237,1
35,237,3
36,237,1
37,237,5
38,237,3
39,237,5
40,237,3
41,237,4
42,237,4
43,237,2
44,237,3
45,237,4
46,237,5
47,237,4
48,237,2
49,237,1
50,237,5
51,237,4
52,237,5
53,237,3
54,237,4
55,237,1
56,237,3
57,237,2
58,237,2
59,237,3
60,237,2
61,237,2
62,237,5
63,237,5
64,237,2
65,237,1
66,237,2
67,237,5
68,237,2
69,237,3
70,237,4
71,237,2
72,237,3
73,237,1
74,237,4
75,237,1
76,237,1
77,237,3
78,237,4
79,237,1
80,237,2
81,237,4
82,237,2
83,237,4
84,237,5
85,237,1
86,237,3
87,237,2
88,237,1
89,237,1
90,237,3
91,237,1
92,237,3
93,237,1
94,237,4
95,237,5
96,237,5
97,237,2
98,237,5
99,237,1
100,237,4
101,237,1
102,237,2
103,237,4
104,237,4
105,237,3
106,237,3
107,237,1
108,237,1
109,237,2
110,237,1
111,237,5
112,237,5
113,237,5
114,237,5
115,237,2
116,237,4
117,237,4
118,237,2
119,237,2
120,237,1
121,237,1
122,237,4
123,237,1
124,237,4
125,237,5
126,237,3
127,237,4
128,237,2
129,237,1
130,237,4
131,237,1
132,237,3
133,237,4
134,237,1
135,237,3
136,237,3
137,237,3
138,237,5
139,237,1
140,237,5
141,237,5
142,237,5
143,237,3
144,237,2
145,237,3
146,237,5
147,237,1
148,237,4
149,237,5
150,237,2
151,237,3
152,237,2
153,237,5
154,237,1
155,237,2
156,237,1
157,237,3
158,237,5
159,237,5
160,237,4
161,237,2
162,237,1
163,237,3
164,237,5
165,237,2
166,237,5
167,237,1
168,237,4
169,237,1
170,237,1
171,237,2
172,237,5
173,237,1
174,237,3
175,237,2
176,237,5
177,237,1
178,237,2
179,237,1
180,237,3
181,237,5
182,237,1
183,237,5
184,237,2
185,237,5
186,237,1
187,237,5
188,237,3
189,237,2
190,237,3
191,237,5
192,237,2
193,237,2
194,237,5
195,237,2
196,237,5
197,237,2
198,237,3
199,237,1
200,237,5
201,237,2
202,237,4
203,237,2
204,237,4
205,237,5
206,237,5
207,237,1
208,237,2
209,237,1
210,237,2
211,237,4
212,237,3
213,237,3
214,237,2
215,237,1
216,237,3
217,237,5
218,237,1
219,237,1
220,237,3
221,237,4
222,237,1
223,237,2
224,237,5
225,237,2
226,237,1
227,237,1
228,237,4
229,237,1
230,237,2
231,237,4
232,237,3
233,237,5
234,237,3
235,237,2
236,237,1
237,237,2
238,237,5
239,237,1
240,237,4
241,237,3
242,237,3
243,237,4
244,237,3
245,237,2
246,237,3
247,237,1
248,237,3
249,237,1
250,237,2
1,238,2
2,238,1
3,238,3
4,238,5
5,238,4
6,238,3
7,238,3
8,238,4
9,238,5
10,238,5
11,238,3
12,238,1
13,238,3
14,238,1
15,238,3
16,238,4
17,238,2
18,238,5
19,238,2
20,238,4
21,238,2
22,238,5
23,238,2
24,238,4
25,238,5
26,238,5
27,238,4
28,238,5
29,238,2
30,238,3
31,238,4
32,238,5
33,238,4
34,238,1
35,238,2
36,238,2
37,238,4
38,238,2
39,238,5
40,238,3
41,238,5
42,238,5
43,238,2
44,238,3
45,238,5
46,238,5
47,238,5
48,238,1
49,238,3
50,238,4
51,238,4
52,238,4
53,238,3
54,238,4
55,238,1
56,238,1
57,238,2
58,238,3
59,238,3
60,238,3
61,238,1
62,238,5
63,238,4
64,238,1
65,238,1
66,238,1
67,238,5
68,238,3
69,238,3
70,238,5
71,238,1
72,238,1
73,238,2
74,238,5
75,238,1
76,238,3
77,238,2
78,238,5
79,238,1
80,238,2
81,238,5
82,238,3
83,238,5
84,238,4
85,238,1
86,238,1
87,238,3
88,238,1
89,238,1
90,238,1
91,238,1
92,238,3
93,238,1
94,238,5
95,238,5
96,238,5
97,238,2
98,238,4
99,238,2
100,238,5
101,238,3
102,238,2
103,238,5
104,238,5
105,238,3
106,238,2
107,238,2
108,238,1
109,238,3
110,238,1
111,238,4
112,238,4
113,238,4
114,238,4
115,238,3
116,238,4
117,238,5
118,238,3
119,238,3
120,238,3
121,238,1
122,238,4
123,238,2
124,238,5
125,238,4
126,238,2
127,238,5
128,238,1
129,238,1
130,238,4
131,238,1
132,238,3
133,238,4
134,238,1
135,238,3
136,238,2
137,238,3
138,238,5
139,238,2
140,238,4
141,238,4
142,238,4
143,238,1
144,238,1
145,238,2
146,238,4
147,238,2
148,238,5
149,238,5
150,238,3
151,238,3
152,238,1
153,238,5
154,238,1
155,238,2
156,238,2
157,238,2
158,238,4
159,238,4
160,238,5
161,238,1
162,238,1
163,238,3
164,238,5
165,238,3
166,238,4
167,238,2
168,238,4
169,238,1
170,238,1
171,238,1
172,238,4
173,238,1
174,238,3
175,238,1
176,238,5
177,238,2
178,238,3
179,238,2
180,238,2
181,238,4
182,238,2
183,238,5
184,238,2
185,238,5
186,238,1
187,238,4
188,238,1
189,238,1
190,238,1
191,238,5
192,238,3
193,238,3
194,238,5
195,238,1
196,238,5
197,238,2
198,238,2
199,238,1
200,238,5
201,238,1
202,238,5
203,238,1
204,238,4
205,238,4
206,238,4
207,238,1
208,238,1
209,238,2
210,238,2
211,238,5
212,238,2
213,238,2
214,238,1
215,238,1
216,238,2
217,238,5
218,238,2
219,238,1
220,238,1
221,238,5
222,238,1
223,238,1
224,238,5
225,238,3
226,238,2
227,238,1
228,238,5
229,238,1
230,238,1
231,238,5
232,238,2
233,238,5
234,238,2
235,238,1
236,238,1
237,238,1
238,238,4
239,238,1
240,238,5
241,238,2
242,238,1
243,238,4
244,238,3
245,238,2
246,238,2
247,238,2
248,238,3
249,238,1
250,238,1
1,239,2
2,239,1
3,239,1
4,239,4
5,239,4
6,239,3
7,239,1
8,239,4
9,239,5
10,239,5
11,239,2
12,239,1
13,239,1
14,239,1
15,239,3
16,239,5
17,239,3
18,239,5
19,239,3
20,239,4
21,239,3
22,239,4
23,239,1
24,239,4
25,239,5
26,239,4
27,239,4
28,239,4
29,239,3
30,239,3
31,239,4
32,239,5
33,239,5
34,239,1
35,239,1
36,239,3
37,239,5
38,239,3
39,239,5
40,239,3
41,239,5
42,239,4
43,239,1
44,239,1
45,239,5
46,239,5
47,239,5
48,239,2
49,239,2
50,239,4
51,239,5
52,239,5
53,239,3
54,239,5
55,239,1
56,239,3
57,239,2
58,239,1
59,239,3
60,239,3
61,239,3
62,239,5
63,239,4
64,239,2
65,239,1
66,239,1
67,239,5
68,239,3
69,239,3
70,239,4
71,239,2
72,239,2
73,239,2
74,239,4
75,239,1
76,239,1
77,239,1
78,239,4
79,239,1
80,239,3
81,239,4
82,239,2
83,239,5
84,239,4
85,239,1
86,239,3
87,239,3
88,239,1
89,239,1
90,239,2
91,239,1
92,239,2
93,239,1
94,239,4
95,239,5
96,239,4
97,239,1
98,239,5
99,239,2
100,239,5
101,239,3
102,239,3
103,239,5
104,239,4
105,239,1
106,239,3
107,239,1
108,239,1
109,239,3
110,239,3
111,239,5
112,239,4
113,239,5
114,239,5
115,239,2
116,239,4
117,239,5
118,239,2
119,239,2
120,239,3
121,239,2
122,239,5
123,239,2
124,239,5
125,239,5
126,239,3
127,239,4
128,239,1
129,239,3
130,239,5
131,239,1
132,239,2
133,239,5
134,239,1
135,239,2
136,239,3
137,239,2
138,239,5
139,239,3
140,239,5
141,239,5
142,239,5
143,239,2
144,239,1
145,239,3
146,239,5
147,239,1
148,239,5
149,239,5
150,239,3
151,239,2
152,239,1
153,239,5
154,239,1
155,239,3
156,239,1
157,239,3
158,239,5
159,239,5
160,239,5
161,239,2
162,239,1
163,239,2
164,239,5
165,239,3
166,239,5
167,239,1
168,239,4
169,239,1
170,239,2
171,239,1
172,239,4
173,239,2
174,239,2
175,239,1
176,239,5
177,239,1
178,239,3
179,239,2
180,239,3
181,239,5
182,239,1
183,239,4
184,239,2
185,239,4
186,239,1
187,239,5
188,239,3
189,239,1
190,239,1
191,239,5
192,239,2
193,239,3
194,239,5
195,239,2
196,239,4
197,239,1
198,239,3
199,239,1
200,239,4
201,239,1
202,239,4
203,239,2
204,239,4
205,239,4
206,239,4
207,239,2
208,239,2
209,239,1
210,239,1
211,239,5
212,239,2
213,239,3
214,239,3
215,239,2
216,239,2
217,239,5
218,239,1
219,239,1
220,239,2
221,239,5
222,239,1
223,239,1
224,239,5
225,239,3
226,239,1
227,239,1
228,239,5
229,239,1
230,239,2
231,239,5
232,239,3
233,239,5
234,239,3
235,239,1
236,239,1
237,239,1
238,239,4
239,239,2
240,239,4
241,239,3
242,239,3
243,239,5
244,239,3
245,239,2
246,239,3
247,239,1
248,239,3
249,239,2
250,239,2
1,240,2
2,240,2
3,240,3
4,240,5
5,240,5
6,240,3
7,240,3
8,240,5
9,240,5
10,240,5
11,240,2
12,240,1
13,240,3
14,240,2
15,240,3
16,240,5
17,240,3
18,240,5
19,240,3
20,240,4
21,240,3
22,240,5
23,240,2
24,240,5
25,240,4
26,240,4
27,240,5
28,240,4
29,240,3
30,240,2
31,240,4
32,240,4
33,240,5
34,240,2
35,240,1
36,240,1
37,240,5
38,240,3
39,240,4
40,240,3
41,240,4
42,240,5
43,240,1
44,240,1
45,240,4
46,240,5
47,240,5
48,240,1
49,240,1
50,240,5
51,240,5
52,240,5
53,240,2
54,240,4
55,240,1
56,240,2
57,240,1
58,240,1
59,240,1
60,240,3
61,240,1
62,240,4
63,240,4
64,240,3
65,240,1
66,240,2
67,240,5
68,240,1
69,240,3
70,240,5
71,240,1
72,240,1
73,240,2
74,240,4
75,240,1
76,240,2
77,240,3
78,240,4
79,240,1
80,240,1
81,240,4
82,240,2
83,240,5
84,240,4
85,240,1
86,240,2
87,240,3
88,240,1
89,240,1
90,240,3
91,240,1
92,240,2
93,240,1
94,240,5
95,240,5
96,240,4
97,240,1
98,240,5
99,240,1
100,240,5
101,240,2
102,240,2
103,240,4
104,240,5
105,240,3
106,240,2
107,240,1
108,240,1
109,240,2
110,240,1
111,240,4
112,240,5
113,240,4
114,240,5
115,240,2
116,240,5
117,240,4
118,240,2
119,240,1
120,240,2
121,240,1
122,240,5
123,240,1
124,240,5
125,240,5
126,240,3
127,240,5
128,240,2
129,240,1
130,240,4
131,240,1
132,240,3
133,240,4
134,240,2
135,240,3
136,240,2
137,240,3
138,240,5
139,240,1
140,240,4
141,240,4
142,240,4
143,240,2
144,240,1
145,240,2
146,240,5
147,240,2
148,240,4
149,240,5
150,240,2
151,240,3
152,240,1
153,240,4
154,240,1
155,240,3
156,240,1
157,240,2
158,240,5
159,240,4
160,240,4
161,240,1
162,240,1
163,240,2
164,240,5
165,240,2
166,240,4
167,240,1
168,240,4
169,240,2
170,240,1
171,240,1
172,240,5
173,240,2
174,240,3
175,240,1
176,240,4
177,240,1
178,240,2
179,240,2
180,240,3
181,240,4
182,240,1
183,240,5
184,240,1
185,240,5
186,240,1
187,240,4
188,240,2
189,240,2
190,240,3
191,240,5
192,240,3
193,240,3
194,240,4
195,240,2
196,240,4
197,240,1
198,240,1
199,240,1
200,240,5
201,240,2
202,240,5
203,240,1
204,240,4
205,240,5
206,240,5
207,240,1
208,240,1
209,240,2
210,240,3
211,240,5
212,240,1
213,240,2
214,240,2
215,240,2
216,240,1
217,240,5
218,240,1
219,240,2
220,240,3
221,240,4
222,240,1
223,240,3
224,240,5
225,240,3
226,240,1
227,240,1
228,240,5
229,240,2
230,240,2
231,240,4
232,240,1
233,240,5
234,240,2
235,240,1
236,240,1
237,240,2
238,240,5
239,240,1
240,240,5
241,240,2
242,240,1
243,240,4
244,240,3
245,240,3
246,240,3
247,240,1
248,240,2
249,240,1
250,240,2
1,241,1
2,241,2
3,241,1
4,241,5
5,241,4
6,241,2
7,241,2
8,241,5
9,241,5
10,241,4
11,241,3
12,241,1
13,241,3
14,241,1
15,241,3
16,241,5
17,241,3
18,241,4
19,241,2
20,241,5
21,241,2
22,241,5
23,241,3
24,241,5
25,241,5
26,241,4
27,241,4
28,241,5
29,241,1
30,241,1
31,241,4
32,241,5
33,241,4
34,241,2
35,241,1
36,241,3
37,241,5
38,241,3
39,241,4
40,241,1
41,241,5
42,241,4
43,241,2
44,241,1
45,241,4
46,241,5
47,241,5
48,241,1
49,241,2
50,241,4
51,241,4
52,241,4
53,241,1
54,241,4
55,241,1
56,241,2
57,241,1
58,241,3
59,241,3
60,241,1
61,241,3
62,241,5
63,241,5
64,241,2
65,241,1
66,241,1
67,241,5
68,241,2
69,241,2
70,241,5
71,241,1
72,241,3
73,241,3
74,241,4
75,241,2
76,241,2
77,241,3
78,241,5
79,241,1
80,241,2
81,241,4
82,241,3
83,241,4
84,241,5
85,241,1
86,241,3
87,241,2
88,241,1
89,241,1
90,241,1
91,241,1
92,241,2
93,241,2
94,241,4
95,241,5
96,241,4
97,241,1
98,241,5
99,241,1
100,241,4
101,241,3
102,241,3
103,241,5
104,241,4
105,241,1
106,241,1
107,241,1
108,241,1
109,241,2
110,241,2
111,241,5
112,241,5
113,241,5
114,241,5
115,241,2
116,241,5
117,241,4
118,241,3
119,241,3
120,241,3
121,241,2
122,241,5
123,241,2
124,241,5
125,241,5
126,241,2
127,241,4
128,241,1
129,241,2
130,241,5
131,241,1
132,241,2
133,241,4
134,241,1
135,241,3
136,241,3
137,241,3
138,241,4
139,241,3
140,241,5
141,241,4
142,241,5
143,241,2
144,241,2
145,241,2
146,241,5
147,241,1
148,241,5
149,241,4
150,241,1
151,241,2
152,241,1
153,241,5
154,241,1
155,241,1
156,241,2
157,241,1
158,241,5
159,241,5
160,241,4
161,241,3
162,241,2
163,241,3
164,241,4
165,241,3
166,241,5
167,241,2
168,241,5
169,241,2
170,241,2
171,241,1
172,241,5
173,241,1
174,241,1
175,241,1
176,241,4
177,241,1
178,241,1
179,241,1
180,241,1
181,241,5
182,241,1
183,241,4
184,241,2
185,241,5
186,241,1
187,241,4
188,241,2
189,241,1
190,241,1
191,241,5
192,241,2
193,241,1
194,241,5
195,241,2
196,241,5
197,241,1
198,241,3
199,241,1
200,241,4
201,241,2
202,241,5
203,241,1
204,241,5
205,241,4
206,241,5
207,241,2
208,241,1
209,241,2
210,241,2
211,241,5
212,241,3
213,241,2
214,241,3
215,241,1
216,241,3
217,241,4
218,241,2
219,241,1
220,241,1
221,241,5
222,241,1
223,241,2
224,241,5
225,241,3
226,241,1
227,241,2
228,241,4
229,241,1
230,241,2
231,241,4
232,241,1
233,241,5
234,241,3
235,241,1
236,241,1
237,241,2
238,241,4
239,241,2
240,241,4
241,241,2
242,241,3
243,241,5
244,241,1
245,241,3
246,241,3
247,241,1
248,241,2
249,241,1
250,241,2
1,242,3
2,242,1
3,242,2
4,242,5
5,242,5
6,242,2
7,242,3
8,242,5
9,242,5
10,242,5
11,242,3
12,242,1
13,242,2
14,242,2
15,242,1
16,242,5
17,242,1
18,242,5
19,242,3
20,242,4
21,242,3
22,242,4
23,242,2
24,242,4
25,242,4
26,242,5
27,242,4
28,242,5
29,242,3
30,242,3
31,242,5
32,242,5
33,242,5
34,242,1
35,242,2
36,242,3
37,242,5
38,242,3
39,242,5
40,242,2
41,242,4
42,242,4
43,242,2
44,242,2
45,242,5
46,242,4
47,242,5
48,242,1
49,242,3
50,242,5
51,242,4
52,242,5
53,242,2
54,242,5
55,242,1
56,242,3
57,242,3
58,242,3
59,242,1
60,242,3
61,242,3
62,242,5
63,242,5
64,242,3
65,242,1
66,242,1
67,242,5
68,242,2
69,242,3
70,242,5
71,242,1
72,242,2
73,242,3
74,242,5
75,242,2
76,242,2
77,242,3
78,242,4
79,242,1
80,242,2
81,242,4
82,242,1
83,242,5
84,242,5
85,242,2
86,242,2
87,242,3
88,242,1
89,242,1
90,242,3
91,242,1
92,242,1
93,242,1
94,242,5
95,242,4
96,242,4
97,242,2
98,242,4
99,242,2
100,242,5
101,242,2
102,242,1
103,242,5
104,242,5
105,242,3
106,242,3
107,242,2
108,242,1
109,242,3
110,242,3
111,242,4
112,242,5
113,242,4
114,242,5
115,242,1
116,242,5
117,242,4
118,242,3
119,242,3
120,242,3
121,242,1
122,242,5
123,242,1
124,242,4
125,242,5
126,242,3
127,242,4
128,242,1
129,242,2
130,242,4
131,242,1
132,242,1
133,242,4
134,242,1
135,242,3
136,242,3
137,242,2
138,242,4
139,242,2
140,242,5
141,242,5
142,242,5
143,242,2
144,242,1
145,242,2
146,242,5
147,242,1
148,242,5
149,242,4
150,242,1
151,242,3
152,242,1
153,242,5
154,242,1
155,242,2
156,242,2
157,242,3
158,242,5
159,242,5
160,242,5
161,242,1
162,242,2
163,242,3
164,242,4
165,242,3
166,242,5
167,242,1
168,242,4
169,242,1
170,242,1
171,242,1
172,242,5
173,242,1
174,242,2
175,242,1
176,242,5
177,242,1
178,242,2
179,242,2
180,242,3
181,242,5
182,242,1
183,242,5
184,242,3
185,242,5
186,242,1
187,242,5
188,242,3
189,242,1
190,242,2
191,242,5
192,242,3
193,242,1
194,242,5
195,242,2
196,242,4
197,242,1
198,242,2
199,242,1
200,242,4
201,242,2
202,242,5
203,242,1
204,242,5
205,242,4
206,242,5
207,242,1
208,242,1
209,242,1
210,242,3
211,242,5
212,242,3
213,242,3
214,242,2
215,242,1
216,242,3
217,242,5
218,242,1
219,242,1
220,242,3
221,242,5
222,242,2
223,242,3
224,242,5
225,242,3
226,242,1
227,242,1
228,242,4
229,242,2
230,242,1
231,242,4
232,242,3
233,242,5
234,242,3
235,242,1
236,242,1
237,242,1
238,242,4
239,242,1
240,242,5
241,242,3
242,242,1
243,242,4
244,242,3
245,242,2
246,242,3
247,242,2
248,242,3
249,242,1
250,242,2
1,243,3
2,243,2
3,243,1
4,243,5
5,243,5
6,243,3
7,243,3
8,243,5
9,243,5
10,243,5
11,243,3
12,243,2
13,243,2
14,243,1
15,243,2
16,243,5
17,243,3
18,243,4
19,243,3
20,243,4
21,243,3
22,243,5
23,243,2
24,243,4
25,243,5
26,243,4
27,243,5
28,243,4
29,243,1
30,243,2
31,243,4
32,243,4
33,243,5
34,243,2
35,243,2
36,243,1
37,243,5
38,243,2
39,243,5
40,243,2
41,243,4
42,243,5
43,243,2
44,243,3
45,243,5
46,243,4
47,243,4
48,243,1
49,243,3
50,243,5
51,243,4
52,243,5
53,243,1
54,243,4
55,243,2
56,243,3
57,243,3
58,243,3
59,243,3
60,243,1
61,243,2
62,243,5
63,243,5
64,243,3
65,243,1
66,243,1
67,243,4
68,243,2
69,243,3
70,243,5
71,243,1
72,243,1
73,243,3
74,243,5
75,243,1
76,243,3
77,243,2
78,243,5
79,243,2
80,243,2
81,243,5
82,243,1
83,243,4
84,243,5
85,243,1
86,243,3
87,243,3
88,243,1
89,243,1
90,243,3
91,243,1
92,243,1
93,243,1
94,243,5
95,243,4
96,243,5
97,243,1
98,243,5
99,243,1
100,243,5
101,243,3
102,243,3
103,243,4
104,243,4
105,243,3
106,243,2
107,243,2
108,243,1
109,243,3
110,243,3
111,243,5
112,243,5
113,243,5
114,243,5
115,243,1
116,243,4
117,243,4
118,243,3
119,243,3
120,243,3
121,243,1
122,243,5
123,243,2
124,243,4
125,243,5
126,243,3
127,243,4
128,243,2
129,243,3
130,243,5
131,243,2
132,243,1
133,243,5
134,243,1
135,243,2
136,243,2
137,243,2
138,243,5
139,243,2
140,243,4
141,243,5
142,243,4
143,243,1
144,243,1
145,243,1
146,243,5
147,243,2
148,243,5
149,243,5
150,243,2
151,243,3
152,243,2
153,243,4
154,243,1
155,243,3
156,243,1
157,243,3
158,243,5
159,243,5
160,243,5
161,243,2
162,243,2
163,243,2
164,243,5
165,243,1
166,243,4
167,243,2
168,243,5
169,243,1
170,243,2
171,243,1
172,243,4
173,243,2
174,243,3
175,243,1
176,243,5
177,243,2
178,243,3
179,243,1
180,243,3
181,243,5
182,243,1
183,243,4
184,243,2
185,243,4
186,243,2
187,243,4
188,243,3
189,243,1
190,243,2
191,243,5
192,243,3
193,243,3
194,243,5
195,243,1
196,243,4
197,243,1
198,243,3
199,243,2
200,243,5
201,243,1
202,243,4
203,243,1
204,243,5
205,243,4
206,243,5
207,243,1
208,243,1
209,243,2
210,243,3
211,243,4
212,243,2
213,243,1
214,243,3
215,243,1
216,243,2
217,243,5
218,243,1
219,243,1
220,243,3
221,243,5
222,243,2
223,243,1
224,243,4
225,243,3
226,243,1
227,243,1
228,243,4
229,243,1
230,243,1
231,243,5
232,243,1
233,243,4
234,243,3
235,243,1
236,243,1
237,243,1
238,243,5
239,243,2
240,243,4
241,243,2
242,243,3
243,243,5
244,243,2
245,243,3
246,243,3
247,243,2
248,243,3
249,243,1
250,243,1
1,244,1
2,244,2
3,244,3
4,244,5
5,244,4
6,244,1
7,244,1
8,244,5
9,244,4
10,244,5
11,244,3
12,244,2
13,244,3
14,244,1
15,244,1
16,244,4
17,244,3
18,244,5
19,244,2
20,244,4
21,244,3
22,244,5
23,244,3
24,244,5
25,244,5
26,244,4
27,244,5
28,244,5
29,244,3
30,244,2
31,244,4
32,244,4
33,244,5
34,244,1
35,244,2
36,244,3
37,244,4
38,244,1
39,244,5
40,244,2
41,244,5
42,244,5
43,244,1
44,244,3
45,244,5
46,244,5
47,244,4
48,244,2
49,244,3
50,244,4
51,244,4
52,244,4
53,244,2
54,244,4
55,244,2
56,244,3
57,244,3
58,244,2
59,244,3
60,244,2
61,244,2
62,244,5
63,244,4
64,244,3
65,244,2
66,244,1
67,244,4
68,244,1
69,244,1
70,244,5
71,244,2
72,244,1
73,244,3
74,244,5
75,244,1
76,244,1
77,244,3
78,244,4
79,244,1
80,244,3
81,244,5
82,244,2
83,244,5
84,244,5
85,244,2
86,244,1
87,244,3
88,244,1
89,244,2
90,244,2
91,244,1
92,244,1
93,244,2
94,244,4
95,244,5
96,244,4
97,244,1
98,244,4
99,244,1
100,244,5
101,244,2
102,244,2
103,244,5
104,244,5
105,244,1
106,244,3
107,244,1
108,244,2
109,244,3
110,244,3
111,244,4
112,244,5
113,244,4
114,244,5
115,244,3
116,244,5
117,244,5
118,244,3
119,244,3
120,244,2
121,244,2
122,244,5
123,244,2
124,244,5
125,244,5
126,244,2
127,244,5
128,244,1
129,244,2
130,244,5
131,244,1
132,244,3
133,244,4
134,244,1
135,244,2
136,244,1
137,244,2
138,244,5
139,244,3
140,244,5
141,244,5
142,244,5
143,244,3
144,244,1
145,244,2
146,244,4
147,244,1
148,244,4
149,244,5
150,244,3
151,244,3
152,244,2
153,244,5
154,244,1
155,244,1
156,244,1
157,244,2
158,244,5
159,244,5
160,244,4
161,244,3
162,244,2
163,244,3
164,244,5
165,244,1
166,244,5
167,244,1
168,244,5
169,244,1
170,244,2
171,244,1
172,244,4
173,244,1
174,244,3
175,244,1
176,244,4
177,244,2
178,244,3
179,244,1
180,244,2
181,244,4
182,244,2
183,244,4
184,244,2
185,244,5
186,244,1
187,244,5
188,244,1
189,244,1
190,244,2
191,244,5
192,244,1
193,244,3
194,244,4
195,244,1
196,244,5
197,244,1
198,244,2
199,244,1
200,244,5
201,244,1
202,244,4
203,244,1
204,244,5
205,244,5
206,244,4
207,244,2
208,244,1
209,244,1
210,244,3
211,244,5
212,244,2
213,244,2
214,244,2
215,244,2
216,244,1
217,244,5
218,244,1
219,244,2
220,244,3
221,244,4
222,244,1
223,244,1
224,244,5
225,244,3
226,244,1
227,244,1
228,244,5
229,244,1
230,244,1
231,244,5
232,244,1
233,244,4
234,244,3
235,244,2
236,244,1
237,244,1
238,244,5
239,244,1
240,244,5
241,244,1
242,244,2
243,244,5
244,244,3
245,244,1
246,244,1
247,244,2
248,244,3
249,244,1
250,244,1
1,245,3
2,245,1
3,245,2
4,245,5
5,245,4
6,245,1
7,245,3
8,245,5
9,245,5
10,245,4
11,245,2
12,245,1
13,245,3
14,245,1
15,245,1
16,245,4
17,245,3
18,245,4
19,245,2
20,245,4
21,245,3
22,245,5
23,245,3
24,245,5
25,245,5
26,245,5
27,245,4
28,245,5
29,245,3
30,245,1
31,245,5
32,245,4
33,245,4
34,245,2
35,245,1
36,245,3
37,245,4
38,245,3
39,245,5
40,245,3
41,245,5
42,245,5
43,245,1
44,245,3
45,245,5
46,245,4
47,245,5
48,245,1
49,245,3
50,245,5
51,245,4
52,245,4
53,245,2
54,245,5
55,245,1
56,245,2
57,245,3
58,245,2
59,245,2
60,245,3
61,245,3
62,245,5
63,245,4
64,245,3
65,245,2
66,245,1
67,245,4
68,245,2
69,245,3
70,245,5
71,245,1
72,245,3
73,245,3
74,245,5
75,245,2
76,245,3
77,245,3
78,245,5
79,245,2
80,245,3
81,245,5
82,245,3
83,245,5
84,245,4
85,245,1
86,245,2
87,245,1
88,245,1
89,245,2
90,245,1
91,245,2
92,245,3
93,245,1
94,245,4
95,245,5
96,245,4
97,245,1
98,245,4
99,245,2
100,245,4
101,245,3
102,245,2
103,245,5
104,245,4
105,245,2
106,245,3
107,245,2
108,245,1
109,245,3
110,245,3
111,245,4
112,245,5
113,245,4
114,245,5
115,245,2
116,245,5
117,245,5
118,245,3
119,245,3
120,245,3
121,245,2
122,245,5
123,245,1
124,245,4
125,245,4
126,245,3
127,245,4
128,245,1
129,245,3
130,245,5
131,245,2
132,245,3
133,245,5
134,245,2
135,245,3
136,245,3
137,245,3
138,245,5
139,245,1
140,245,5
141,245,4
142,245,5
143,245,3
144,245,2
145,245,3
146,245,4
147,245,1
148,245,5
149,245,5
150,245,3
151,245,1
152,245,2
153,245,4
154,245,2
155,245,2
156,245,1
157,245,3
158,245,4
159,245,4
160,245,4
161,245,2
162,245,1
163,245,2
164,245,5
165,245,3
166,245,5
167,245,1
168,245,5
169,245,1
170,245,1
171,245,1
172,245,5
173,245,1
174,245,2
175,245,2
176,245,5
177,245,2
178,245,1
179,245,1
180,245,3
181,245,5
182,245,1
183,245,4
184,245,2
185,245,5
186,245,1
187,245,5
188,245,2
189,245,2
190,245,1
191,245,4
192,245,3
193,245,3
194,245,5
195,245,1
196,245,4
197,245,1
198,245,2
199,245,1
200,245,4
201,245,1
202,245,5
203,245,2
204,245,4
205,245,5
206,245,5
207,245,1
208,245,1
209,245,2
210,245,3
211,245,5
212,245,3
213,245,3
214,245,2
215,245,2
216,245,1
217,245,5
218,245,2
219,245,2
220,245,1
221,245,5
222,245,2
223,245,1
224,245,5
225,245,3
226,245,1
227,245,1
228,245,4
229,245,2
230,245,1
231,245,5
232,245,2
233,245,4
234,245,3
235,245,1
236,245,1
237,245,1
238,245,5
239,245,1
240,245,5
241,245,2
242,245,2
243,245,5
244,245,3
245,245,2
246,245,1
247,245,1
248,245,2
249,245,2
250,245,1
1,246,2
2,246,1
3,246,3
4,246,5
5,246,5
6,246,1
7,246,3
8,246,5
9,246,5
10,246,5
11,246,2
12,246,2
13,246,3
14,246,1
15,246,1
16,246,4
17,246,2
18,246,5
19,246,2
20,246,4
21,246,3
22,246,5
23,246,2
24,246,5
25,246,5
26,246,5
27,246,5
28,246,5
29,246,1
30,246,2
31,246,4
32,246,4
33,246,4
34,246,1
35,246,3
36,246,3
37,246,5
38,246,2
39,246,5
40,246,3
41,246,5
42,246,5
43,246,1
44,246,3
45,246,4
46,246,5
47,246,5
48,246,2
49,246,2
50,246,4
51,246,5
52,246,5
53,246,1
54,246,5
55,246,1
56,246,3
57,246,3
58,246,3
59,246,2
60,246,2
61,246,1
62,246,5
63,246,4
64,246,3
65,246,1
66,246,2
67,246,5
68,246,3
69,246,1
70,246,5
71,246,1
72,246,3
73,246,2
74,246,4
75,246,2
76,246,3
77,246,3
78,246,4
79,246,1
80,246,1
81,246,5
82,246,3
83,246,5
84,246,4
85,246,1
86,246,2
87,246,3
88,246,1
89,246,1
90,246,1
91,246,2
92,246,3
93,246,2
94,246,5
95,246,4
96,246,5
97,246,1
98,246,5
99,246,1
100,246,5
101,246,3
102,246,3
103,246,5
104,246,4
105,246,3
106,246,3
107,246,2
108,246,1
109,246,3
110,246,2
111,246,4
112,246,5
113,246,5
114,246,4
115,246,2
116,246,4
117,246,4
118,246,3
119,246,3
120,246,3
121,246,1
122,246,4
123,246,1
124,246,5
125,246,4
126,246,3
127,246,4
128,246,1
129,246,3
130,246,4
131,246,1
132,246,3
133,246,5
134,246,1
135,246,3
136,246,1
137,246,3
138,246,4
139,246,3
140,246,5
141,246,4
142,246,5
143,246,2
144,246,2
145,246,3
146,246,5
147,246,1
148,246,4
149,246,5
150,246,3
151,246,3
152,246,1
153,246,5
154,246,1
155,246,3
156,246,1
157,246,3
158,246,5
159,246,4
160,246,5
161,246,2
162,246,1
163,246,2
164,246,4
165,246,2
166,246,5
167,246,1
168,246,5
169,246,1
170,246,1
171,246,1
172,246,4
173,246,1
174,246,3
175,246,2
176,246,4
177,246,1
178,246,2
179,246,2
180,246,3
181,246,5
182,246,1
183,246,5
184,246,3
185,246,5
186,246,1
187,246,5
188,246,1
189,246,1
190,246,3
191,246,4
192,246,1
193,246,2
194,246,4
195,246,2
196,246,5
197,246,1
198,246,2
199,246,1
200,246,4
201,246,1
202,246,5
203,246,1
204,246,5
205,246,5
206,246,4
207,246,2
208,246,1
209,246,1
210,246,2
211,246,5
212,246,2
213,246,3
214,246,3
215,246,2
216,246,2
217,246,5
218,246,1
219,246,1
220,246,3
221,246,4
222,246,1
223,246,3
224,246,4
225,246,2
226,246,1
227,246,1
228,246,4
229,246,1
230,246,1
231,246,5
232,246,2
233,246,5
234,246,1
235,246,1
236,246,2
237,246,1
238,246,5
239,246,2
240,246,4
241,246,3
242,246,2
243,246,5
244,246,3
245,246,1
246,246,3
247,246,1
248,246,2
249,246,1
250,246,1
1,247,2
2,247,1
3,247,3
4,247,5
5,247,4
6,247,3
7,247,3
8,247,4
9,247,5
10,247,4
11,247,3
12,247,2
13,247,2
14,247,1
15,247,1
16,247,5
17,247,3
18,247,4
19,247,2
20,247,4
21,247,2
22,247,4
23,247,2
24,247,4
25,247,5
26,247,5
27,247,5
28,247,5
29,247,3
30,247,2
31,247,5
32,247,5
33,247,4
34,247,1
35,247,2
36,247,2
37,247,5
38,247,3
39,247,5
40,247,3
41,247,4
42,247,5
43,247,1
44,247,2
45,247,5
46,247,5
47,247,5
48,247,2
49,247,3
50,247,5
51,247,5
52,247,4
53,247,2
54,247,5
55,247,1
56,247,2
57,247,3
58,247,1
59,247,2
60,247,3
61,247,2
62,247,5
63,247,4
64,247,3
65,247,1
66,247,1
67,247,5
68,247,3
69,247,3
70,247,4
71,247,2
72,247,3
73,247,3
74,247,4
75,247,1
76,247,3
77,247,2
78,247,4
79,247,2
80,247,3
81,247,4
82,247,3
83,247,5
84,247,5
85,247,2
86,247,3
87,247,2
88,247,2
89,247,1
90,247,2
91,247,2
92,247,3
93,247,2
94,247,5
95,247,4
96,247,5
97,247,1
98,247,5
99,247,1
100,247,5
101,247,3
102,247,2
103,247,4
104,247,5
105,247,3
106,247,2
107,247,1
108,247,1
109,247,1
110,247,1
111,247,4
112,247,5
113,247,4
114,247,5
115,247,3
116,247,4
117,247,4
118,247,2
119,247,3
120,247,1
121,247,1
122,247,5
123,247,1
124,247,5
125,247,5
126,247,2
127,247,5
128,247,1
129,247,2
130,247,4
131,247,2
132,247,3
133,247,5
134,247,1
135,247,1
136,247,3
137,247,3
138,247,5
139,247,1
140,247,5
141,247,4
142,247,4
143,247,3
144,247,1
145,247,3
146,247,5
147,247,2
148,247,4
149,247,4
150,247,3
151,247,2
152,247,2
153,247,4
154,247,1
155,247,2
156,247,2
157,247,1
158,247,4
159,247,5
160,247,5
161,247,3
162,247,2
163,247,2
164,247,5
165,247,2
166,247,4
167,247,1
168,247,4
169,247,2
170,247,1
171,247,1
172,247,5
173,247,2
174,247,3
175,247,1
176,247,5
177,247,1
178,247,3
179,247,1
180,247,1
181,247,4
182,247,2
183,247,5
184,247,2
185,247,5
186,247,2
187,247,4
188,247,2
189,247,2
190,247,3
191,247,5
192,247,3
193,247,1
194,247,4
195,247,2
196,247,4
197,247,1
198,247,3
199,247,2
200,247,4
201,247,2
202,247,4
203,247,2
204,247,4
205,247,5
206,247,5
207,247,2
208,247,1
209,247,2
210,247,2
211,247,5
212,247,2
213,247,3
214,247,1
215,247,1
216,247,2
217,247,5
218,247,2
219,247,1
220,247,3
221,247,5
222,247,2
223,247,3
224,247,5
225,247,3
226,247,1
227,247,2
228,247,4
229,247,2
230,247,1
231,247,4
232,247,3
233,247,4
234,247,3
235,247,1
236,247,1
237,247,1
238,247,5
239,247,2
240,247,4
241,247,2
242,247,2
243,247,4
244,247,2
245,247,2
246,247,3
247,247,2
248,247,1
249,247,1
250,247,2
1,248,3
2,248,1
3,248,1
4,248,4
5,248,4
6,248,3
7,248,3
8,248,5
9,248,4
10,248,4
11,248,1
12,248,1
13,248,2
14,248,1
15,248,3
16,248,5
17,248,2
18,248,5
19,248,2
20,248,4
21,248,1
22,248,4
23,248,2
24,248,5
25,248,5
26,248,5
27,248,5
28,248,5
29,248,3
30,248,3
31,248,4
32,248,5
33,248,4
34,248,2
35,248,3
36,248,2
37,248,5
38,248,3
39,248,4
40,248,3
41,248,5
42,248,5
43,248,1
44,248,3
45,248,4
46,248,5
47,248,5
48,248,1
49,248,3
50,248,4
51,248,5
52,248,5
53,248,2
54,248,4
55,248,1
56,248,1
57,248,2
58,248,2
59,248,3
60,248,3
61,248,2
62,248,5
63,248,5
64,248,2
65,248,1
66,248,1
67,248,4
68,248,2
69,248,3
70,248,5
71,248,1
72,248,1
73,248,3
74,248,4
75,248,1
76,248,3
77,248,2
78,248,4
79,248,1
80,248,2
81,248,4
82,248,2
83,248,4
84,248,5
85,248,1
86,248,2
87,248,3
88,248,1
89,248,1
90,248,1
91,248,2
92,248,2
93,248,1
94,248,5
95,248,5
96,248,4
97,248,1
98,248,4
99,248,1
100,248,5
101,248,2
102,248,2
103,248,5
104,248,5
105,248,3
106,248,2
107,248,1
108,248,2
109,248,3
110,248,3
111,248,5
112,248,5
113,248,4
114,248,5
115,248,3
116,248,5
117,248,5
118,248,3
119,248,2
120,248,2
121,248,1
122,248,4
123,248,1
124,248,4
125,248,4
126,248,3
127,248,5
128,248,1
129,248,2
130,248,4
131,248,1
132,248,3
133,248,4
134,248,1
135,248,3
136,248,1
137,248,3
138,248,4
139,248,3
140,248,5
141,248,5
142,248,5
143,248,3
144,248,1
145,248,1
146,248,5
147,248,2
148,248,4
149,248,5
150,248,3
151,248,2
152,248,1
153,248,5
154,248,1
155,248,2
156,248,1
157,248,2
158,248,5
159,248,4
160,248,5
161,248,1
162,248,1
163,248,2
164,248,5
165,248,1
166,248,5
167,248,2
168,248,4
169,248,1
170,248,2
171,248,1
172,248,4
173,248,2
174,248,3
175,248,1
176,248,5
177,248,1
178,248,2
179,248,1
180,248,2
181,248,4
182,248,1
183,248,5
184,248,2
185,248,4
186,248,2
187,248,4
188,248,3
189,248,2
190,248,3
191,248,4
192,248,1
193,248,3
194,248,5
195,248,2
196,248,5
197,248,1
198,248,3
199,248,2
200,248,4
201,248,2
202,248,4
203,248,2
204,248,5
205,248,5
206,248,5
207,248,2
208,248,1
209,248,2
210,248,2
211,248,5
212,248,3
213,248,3
214,248,2
215,248,2
216,248,3
217,248,5
218,248,1
219,248,2
220,248,3
221,248,5
222,248,2
223,248,2
224,248,5
225,248,2
226,248,1
227,248,1
228,248,4
229,248,1
230,248,2
231,248,5
232,248,2
233,248,5
234,248,3
235,248,1
236,248,1
237,248,1
238,248,5
239,248,2
240,248,5
241,248,3
242,248,1
243,248,5
244,248,1
245,248,2
246,248,3
247,248,1
248,248,1
249,248,2
250,248,2
1,249,2
2,249,1
3,249,3
4,249,4
5,249,5
6,249,2
7,249,3
8,249,5
9,249,5
10,249,5
11,249,3
12,249,1
13,249,2
14,249,2
15,249,3
16,249,5
17,249,3
18,249,4
19,249,3
20,249,4
21,249,2
22,249,4
23,249,2
24,249,5
25,249,4
26,249,5
27,249,4
28,249,4
29,249,3
30,249,2
31,249,5
32,249,5
33,249,5
34,249,1
35,249,3
36,249,3
37,249,5
38,249,2
39,249,5
40,249,2
41,249,5
42,249,5
43,249,1
44,249,3
45,249,4
46,249,5
47,249,5
48,249,1
49,249,3
50,249,5
51,249,5
52,249,5
53,249,3
54,249,4
55,249,2
56,249,2
57,249,3
58,249,2
59,249,3
60,249,2
61,249,3
62,249,5
63,249,5
64,249,3
65,249,1
66,249,1
67,249,5
68,249,2
69,249,3
70,249,5
71,249,1
72,249,2
73,249,2
74,249,4
75,249,1
76,249,1
77,249,3
78,249,5
79,249,1
80,249,3
81,249,5
82,249,3
83,249,5
84,249,5
85,249,1
86,249,3
87,249,3
88,249,1
89,249,1
90,249,2
91,249,1
92,249,2
93,249,1
94,249,5
95,249,5
96,249,5
97,249,2
98,249,5
99,249,1
100,249,4
101,249,1
102,249,3
103,249,4
104,249,5
105,249,3
106,249,2
107,249,2
108,249,2
109,249,3
110,249,1
111,249,5
112,249,4
113,249,4
114,249,5
115,249,2
116,249,5
117,249,5
118,249,3
119,249,2
120,249,3
121,249,1
122,249,5
123,249,1
124,249,5
125,249,5
126,249,2
127,249,4
128,249,2
129,249,2
130,249,5
131,249,1
132,249,2
133,249,4
134,249,1
135,249,3
136,249,3
137,249,1
138,249,5
139,249,2
140,249,5
141,249,4
142,249,4
143,249,2
144,249,1
145,249,2
146,249,5
147,249,1
148,249,4
149,249,5
150,249,3
151,249,1
152,249,1
153,249,5
154,249,1
155,249,1
156,249,1
157,249,3
158,249,5
159,249,5
160,249,4
161,249,2
162,249,1
163,249,2
164,249,4
165,249,3
166,249,5
167,249,2
168,249,5
169,249,2
170,249,2
171,249,1
172,249,5
173,249,1
174,249,2
175,249,2
176,249,5
177,249,1
178,249,3
179,249,2
180,249,2
181,249,5
182,249,1
183,249,4
184,249,3
185,249,4
186,249,1
187,249,5
188,249,2
189,249,1
190,249,3
191,249,4
192,249,2
193,249,2
194,249,5
195,249,1
196,249,5
197,249,1
198,249,3
199,249,1
200,249,4
201,249,1
202,249,4
203,249,1
204,249,5
205,249,5
206,249,4
207,249,1
208,249,1
209,249,1
210,249,3
211,249,5
212,249,1
213,249,3
214,249,3
215,249,1
216,249,2
217,249,4
218,249,1
219,249,1
220,249,2
221,249,5
222,249,1
223,249,2
224,249,5
225,249,2
226,249,1
227,249,1
228,249,4
229,249,2
230,249,2
231,249,5
232,249,2
233,249,4
234,249,2
235,249,1
236,249,2
237,249,1
238,249,5
239,249,1
240,249,5
241,249,2
242,249,2
243,249,4
244,249,2
245,249,3
246,249,3
247,249,1
248,249,3
249,249,1
250,249,1
1,250,2
2,250,1
3,250,2
4,250,4
5,250,5
6,250,3
7,250,3
8,250,4
9,250,5
10,250,5
11,250,3
12,250,2
13,250,3
14,250,1
15,250,3
16,250,4
17,250,2
18,250,4
19,250,3
20,250,5
21,250,2
22,250,4
23,250,2
24,250,4
25,250,5
26,250,5
27,250,4
28,250,5
29,250,1
30,250,2
31,250,5
32,250,5
33,250,5
34,250,2
35,250,3
36,250,2
37,250,5
38,250,3
39,250,5
40,250,3
41,250,4
42,250,5
43,250,1
44,250,2
45,250,5
46,250,5
47,250,5
48,250,2
49,250,3
50,250,5
51,250,4
52,250,5
53,250,3
54,250,5
55,250,2
56,250,3
57,250,3
58,250,3
59,250,3
60,250,3
61,250,2
62,250,4
63,250,4
64,250,1
65,250,2
66,250,1
67,250,5
68,250,3
69,250,3
70,250,4
71,250,1
72,250,3
73,250,3
74,250,4
75,250,1
76,250,3
77,250,2
78,250,5
79,250,2
80,250,3
81,250,4
82,250,1
83,250,4
84,250,5
85,250,1
86,250,2
87,250,3
88,250,2
89,250,1
90,250,3
91,250,2
92,250,2
93,250,1
94,250,5
95,250,5
96,250,5
97,250,2
98,250,5
99,250,1
100,250,4
101,250,3
102,250,1
103,250,5
104,250,5
105,250,1
106,250,2
107,250,1
108,250,1
109,250,2
110,250,3
111,250,5
112,250,4
113,250,4
114,250,4
115,250,1
116,250,5
117,250,5
118,250,3
119,250,3
120,250,3
121,250,1
122,250,4
123,250,1
124,250,5
125,250,5
126,250,1
127,250,5
128,250,2
129,250,2
130,250,4
131,250,2
132,250,3
133,250,5
134,250,2
135,250,3
136,250,3
137,250,2
138,250,5
139,250,3
140,250,4
141,250,4
142,250,4
143,250,1
144,250,1
145,250,3
146,250,4
147,250,2
148,250,5
149,250,4
150,250,3
151,250,3
152,250,2
153,250,5
154,250,1
155,250,1
156,250,1
157,250,1
158,250,4
159,250,5
160,250,4
161,250,3
162,250,2
163,250,3
164,250,4
165,250,2
166,250,4
167,250,2
168,250,4
169,250,2
170,250,2
171,250,2
172,250,5
173,250,2
174,250,2
175,250,2
176,250,5
177,250,1
178,250,1
179,250,1
180,250,3
181,250,5
182,250,1
183,250,4
184,250,2
185,250,4
186,250,2
187,250,4
188,250,2
189,250,2
190,250,1
191,250,5
192,250,3
193,250,2
194,250,4
195,250,2
196,250,4
197,250,1
198,250,3
199,250,1
200,250,5
201,250,1
202,250,4
203,250,2
204,250,4
205,250,4
206,250,4
207,250,1
208,250,2
209,250,1
210,250,3
211,250,5
212,250,3
213,250,3
214,250,2
215,250,2
216,250,3
217,250,4
218,250,1
219,250,1
220,250,3
221,250,5
222,250,1
223,250,1
224,250,5
225,250,2
226,250,1
227,250,1
228,250,5
229,250,1
230,250,1
231,250,5
232,250,2
233,250,5
234,250,3
235,250,2
236,250,1
237,250,1
238,250,5
239,250,1
240,250,4
241,250,3
242,250,2
243,250,4
244,250,3
245,250,3
246,250,1
247,250,1
248,250,2
249,250,2
250,250,1
1,251,3
2,251,2
3,251,3
4,251,5
5,251,4
6,251,2
7,251,3
8,251,4
9,251,5
10,251,5
11,251,2
12,251,2
13,251,2
14,251,1
15,251,1
16,251,4
17,251,3
18,251,5
19,251,2
20,251,4
21,251,3
22,251,5
23,251,2
24,251,5
25,251,5
26,251,5
27,251,5
28,251,5
29,251,3
30,251,2
31,251,4
32,251,4
33,251,5
34,251,2
35,251,3
36,251,3
37,251,5
38,251,1
39,251,5
40,251,1
41,251,5
42,251,5
43,251,1
44,251,3
45,251,4
46,251,4
47,251,5
48,251,2
49,251,2
50,251,5
51,251,5
52,251,4
53,251,2
54,251,5
55,251,1
56,251,3
57,251,2
58,251,3
59,251,1
60,251,2
61,251,3
62,251,5
63,251,4
64,251,3
65,251,1
66,251,2
67,251,4
68,251,2
69,251,3
70,251,4
71,251,1
72,251,3
73,251,2
74,251,4
75,251,1
76,251,1
77,251,2
78,251,4
79,251,1
80,251,3
81,251,5
82,251,2
83,251,5
84,251,4
85,251,1
86,251,2
87,251,3
88,251,1
89,251,2
90,251,3
91,251,1
92,251,3
93,251,1
94,251,4
95,251,5
96,251,4
97,251,1
98,251,4
99,251,1
100,251,4
101,251,3
102,251,1
103,251,5
104,251,5
105,251,3
106,251,2
107,251,1
108,251,1
109,251,2
110,251,3
111,251,5
112,251,5
113,251,4
114,251,4
115,251,2
116,251,5
117,251,5
118,251,2
119,251,3
120,251,2
121,251,1
122,251,5
123,251,2
124,251,5
125,251,5
126,251,1
127,251,4
128,251,1
129,251,2
130,251,5
131,251,1
132,251,3
133,251,4
134,251,1
135,251,3
136,251,2
137,251,3
138,251,5
139,251,3
140,251,5
141,251,5
142,251,5
143,251,3
144,251,2
145,251,2
146,251,5
147,251,1
148,251,4
149,251,5
150,251,3
151,251,2
152,251,2
153,251,5
154,251,1
155,251,1
156,251,1
157,251,2
158,251,4
159,251,5
160,251,4
161,251,2
162,251,1
163,251,3
164,251,5
165,251,2
166,251,5
167,251,2
168,251,5
169,251,1
170,251,1
171,251,2
172,251,5
173,251,1
174,251,2
175,251,2
176,251,4
177,251,2
178,251,3
179,251,2
180,251,3
181,251,4
182,251,1
183,251,5
184,251,1
185,251,4
186,251,1
187,251,5
188,251,1
189,251,1
190,251,3
191,251,4
192,251,2
193,251,3
194,251,4
195,251,2
196,251,4
197,251,2
198,251,3
199,251,2
200,251,5
201,251,1
202,251,5
203,251,1
204,251,4
205,251,5
206,251,4
207,251,1
208,251,1
209,251,1
210,251,1
211,251,5
212,251,1
213,251,1
214,251,3
215,251,1
216,251,3
217,251,5
218,251,2
219,251,1
220,251,3
221,251,5
222,251,2
223,251,2
224,251,5
225,251,1
226,251,2
227,251,1
228,251,5
229,251,2
230,251,1
231,251,4
232,251,3
233,251,4
234,251,3
235,251,2
236,251,1
237,251,1
238,251,5
239,251,1
240,251,5
241,251,3
242,251,1
243,251,5
244,251,3
245,251,2
246,251,3
247,251,1
248,251,3
249,251,1
250,251,2
1,252,3
2,252,1
3,252,2
4,252,5
5,252,4
6,252,3
7,252,3
8,252,5
9,252,5
10,252,4
11,252,3
12,252,1
13,252,3
14,252,1
15,252,2
16,252,4
17,252,3
18,252,5
19,252,2
20,252,4
21,252,1
22,252,5
23,252,2
24,252,4
25,252,5
26,252,4
27,252,5
28,252,4
29,252,2
30,252,3
31,252,5
32,252,5
33,252,4
34,252,1
35,252,3
36,252,1
37,252,4
38,252,3
39,252,5
40,252,2
41,252,5
42,252,5
43,252,2
44,252,3
45,252,5
46,252,5
47,252,5
48,252,2
49,252,2
50,252,4
51,252,5
52,252,4
53,252,3
54,252,4
55,252,2
56,252,3
57,252,2
58,252,2
59,252,3
60,252,3
61,252,3
62,252,5
63,252,5
64,252,3
65,252,1
66,252,1
67,252,5
68,252,3
69,252,3
70,252,5
71,252,2
72,252,3
73,252,3
74,252,5
75,252,1
76,252,3
77,252,2
78,252,5
79,252,2
80,252,3
81,252,4
82,252,3
83,252,4
84,252,4
85,252,1
86,252,3
87,252,3
88,252,1
89,252,1
90,252,2
91,252,1
92,252,3
93,252,2
94,252,4
95,252,4
96,252,4
97,252,2
98,252,4
99,252,1
100,252,5
101,252,1
102,252,2
103,252,5
104,252,5
105,252,3
106,252,3
107,252,1
108,252,1
109,252,2
110,252,2
111,252,5
112,252,4
113,252,4
114,252,4
115,252,2
116,252,4
117,252,5
118,252,1
119,252,2
120,252,3
121,252,2
122,252,4
123,252,1
124,252,5
125,252,5
126,252,3
127,252,5
128,252,1
129,252,3
130,252,4
131,252,1
132,252,3
133,252,5
134,252,1
135,252,3
136,252,3
137,252,3
138,252,5
139,252,2
140,252,5
141,252,5
142,252,4
143,252,2
144,252,1
145,252,3
146,252,5
147,252,1
148,252,5
149,252,5
150,252,3
151,252,2
152,252,1
153,252,5
154,252,1
155,252,2
156,252,1
157,252,3
158,252,4
159,252,5
160,252,5
161,252,2
162,252,1
163,252,3
164,252,5
165,252,1
166,252,5
167,252,1
168,252,5
169,252,1
170,252,1
171,252,1
172,252,5
173,252,2
174,252,2
175,252,1
176,252,4
177,252,1
178,252,2
179,252,2
180,252,2
181,252,5
182,252,1
183,252,4
184,252,3
185,252,5
186,252,1
187,252,5
188,252,2
189,252,1
190,252,2
191,252,5
192,252,3
193,252,3
194,252,4
195,252,1
196,252,4
197,252,1
198,252,1
199,252,1
200,252,4
201,252,1
202,252,4
203,252,2
204,252,5
205,252,4
206,252,4
207,252,1
208,252,1
209,252,1
210,252,3
211,252,5
212,252,2
213,252,3
214,252,3
215,252,1
216,252,2
217,252,5
218,252,1
219,252,1
220,252,3
221,252,4
222,252,1
223,252,1
224,252,4
225,252,2
226,252,2
227,252,2
228,252,4
229,252,1
230,252,2
231,252,5
232,252,2
233,252,5
234,252,3
235,252,1
236,252,1
237,252,1
238,252,4
239,252,1
240,252,5
241,252,3
242,252,3
243,252,5
244,252,3
245,252,2
246,252,2
247,252,1
248,252,3
249,252,2
250,252,2
1,253,3
2,253,1
3,253,3
4,253,5
5,253,4
6,253,2
7,253,1
8,253,4
9,253,4
10,253,4
11,253,3
12,253,1
13,253,1
14,253,1
15,253,3
16,253,4
17,253,1
18,253,4
19,253,3
20,253,5
21,253,2
22,253,5
23,253,3
24,253,5
25,253,5
26,253,4
27,253,5
28,253,4
29,253,2
30,253,2
31,253,4
32,253,5
33,253,5
34,253,1
35,253,2
36,253,2
37,253,5
38,253,3
39,253,4
40,253,1
41,253,4
42,253,5
43,253,1
44,253,2
45,253,5
46,253,4
47,253,5
48,253,1
49,253,2
50,253,4
51,253,5
52,253,5
53,253,2
54,253,4
55,253,1
56,253,2
57,253,3
58,253,3
59,253,2
60,253,3
61,253,2
62,253,4
63,253,5
64,253,3
65,253,1
66,253,1
67,253,5
68,253,2
69,253,3
70,253,5
71,253,2
72,253,2
73,253,2
74,253,5
75,253,1
76,253,3
77,253,3
78,253,5
79,253,1
80,253,1
81,253,4
82,253,1
83,253,4
84,253,5
85,253,2
86,253,3
87,253,2
88,253,1
89,253,1
90,253,3
91,253,1
92,253,2
93,253,1
94,253,4
95,253,4
96,253,4
97,253,1
98,253,5
99,253,1
100,253,4
101,253,3
102,253,3
103,253,5
104,253,4
105,253,2
106,253,1
107,253,1
108,253,2
109,253,3
110,253,1
111,253,5
112,253,5
113,253,4
114,253,5
115,253,2
116,253,5
117,253,5
118,253,2
119,253,2
120,253,3
121,253,2
122,253,4
123,253,1
124,253,5
125,253,5
126,253,3
127,253,4
128,253,1
129,253,3
130,253,5
131,253,1
132,253,1
133,253,5
134,253,1
135,253,3
136,253,2
137,253,2
138,253,4
139,253,3
140,253,4
141,253,5
142,253,5
143,253,3
144,253,2
145,253,3
146,253,5
147,253,1
148,253,5
149,253,4
150,253,2
151,253,2
152,253,1
153,253,5
154,253,1
155,253,3
156,253,1
157,253,3
158,253,5
159,253,5
160,253,4
161,253,2
162,253,2
163,253,3
164,253,4
165,253,2
166,253,5
167,253,2
168,253,4
169,253,1
170,253,2
171,253,1
172,253,5
173,253,1
174,253,3
175,253,2
176,253,5
177,253,1
178,253,2
179,253,1
180,253,1
181,253,5
182,253,1
183,253,5
184,253,2
185,253,4
186,253,1
187,253,5
188,253,2
189,253,1
190,253,2
191,253,5
192,253,2
193,253,2
194,253,4
195,253,2
196,253,4
197,253,2
198,253,3
199,253,1
200,253,5
201,253,2
202,253,4
203,253,2
204,253,5
205,253,4
206,253,4
207,253,1
208,253,2
209,253,1
210,253,1
211,253,4
212,253,3
213,253,3
214,253,2
215,253,2
216,253,2
217,253,5
218,253,1
219,253,1
220,253,3
221,253,5
222,253,2
223,253,3
224,253,4
225,253,2
226,253,2
227,253,1
228,253,4
229,253,1
230,253,2
231,253,5
232,253,3
233,253,5
234,253,3
235,253,1
236,253,1
237,253,1
238,253,5
239,253,1
240,253,5
241,253,3
242,253,3
243,253,4
244,253,2
245,253,2
246,253,1
247,253,1
248,253,3
249,253,2
250,253,1
1,254,1
2,254,2
3,254,3
4,254,4
5,254,5
6,254,3
7,254,1
8,254,5
9,254,4
10,254,4
11,254,1
12,254,1
13,254,3
14,254,2
15,254,2
16,254,5
17,254,2
18,254,4
19,254,1
20,254,4
21,254,2
22,254,5
23,254,1
24,254,4
25,254,5
26,254,4
27,254,4
28,254,4
29,254,2
30,254,3
31,254,5
32,254,5
33,254,4
34,254,1
35,254,2
36,254,3
37,254,5
38,254,3
39,254,5
40,254,3
41,254,4
42,254,4
43,254,2
44,254,3
45,254,5
46,254,5
47,254,5
48,254,1
49,254,3
50,254,5
51,254,5
52,254,5
53,254,2
54,254,5
55,254,1
56,254,2
57,254,3
58,254,3
59,254,3
60,254,3
61,254,3
62,254,5
63,254,5
64,254,3
65,254,1
66,254,1
67,254,5
68,254,2
69,254,3
70,254,4
71,254,2
72,254,3
73,254,3
74,254,5
75,254,1
76,254,3
77,254,3
78,254,4
79,254,1
80,254,2
81,254,4
82,254,3
83,254,5
84,254,4
85,254,2
86,254,3
87,254,2
88,254,1
89,254,2
90,254,3
91,254,1
92,254,2
93,254,2
94,254,5
95,254,5
96,254,5
97,254,2
98,254,4
99,254,2
100,254,5
101,254,3
102,254,1
103,254,4
104,254,5
105,254,2
106,254,3
107,254,1
108,254,2
109,254,2
110,254,2
111,254,4
112,254,5
113,254,5
114,254,4
115,254,3
116,254,5
117,254,5
118,254,3
119,254,3
120,254,2
121,254,1
122,254,4
123,254,2
124,254,5
125,254,4
126,254,3
127,254,5
128,254,1
129,254,2
130,254,5
131,254,1
132,254,3
133,254,5
134,254,1
135,254,2
136,254,3
137,254,2
138,254,4
139,254,1
140,254,4
141,254,4
142,254,4
143,254,3
144,254,1
145,254,1
146,254,4
147,254,2
148,254,5
149,254,4
150,254,3
151,254,3
152,254,2
153,254,5
154,254,1
155,254,2
156,254,1
157,254,2
158,254,4
159,254,4
160,254,5
161,254,3
162,254,1
163,254,3
164,254,4
165,254,3
166,254,4
167,254,1
168,254,5
169,254,1
170,254,1
171,254,2
172,254,5
173,254,2
174,254,1
175,254,2
176,254,4
177,254,1
178,254,2
179,254,1
180,254,1
181,254,5
182,254,1
183,254,4
184,254,3
185,254,5
186,254,1
187,254,4
188,254,2
189,254,1
190,254,3
191,254,5
192,254,3
193,254,3
194,254,5
195,254,1
196,254,5
197,254,2
198,254,2
199,254,2
200,254,5
201,254,1
202,254,4
203,254,2
204,254,4
205,254,4
206,254,4
207,254,1
208,254,1
209,254,2
210,254,2
211,254,5
212,254,3
213,254,1
214,254,1
215,254,1
216,254,3
217,254,4
218,254,1
219,254,1
220,254,2
221,254,4
222,254,1
223,254,3
224,254,5
225,254,1
226,254,1
227,254,1
228,254,4
229,254,1
230,254,2
231,254,5
232,254,2
233,254,4
234,254,3
235,254,2
236,254,2
237,254,1
238,254,5
239,254,2
240,254,5
241,254,3
242,254,3
243,254,4
244,254,2
245,254,1
246,254,2
247,254,1
248,254,2
249,254,1
250,254,1
1,255,3
2,255,1
3,255,2
4,255,4
5,255,5
6,255,3
7,255,3
8,255,5
9,255,4
10,255,4
11,255,3
12,255,1
13,255,2
14,255,1
15,255,3
16,255,5
17,255,2
18,255,5
19,255,2
20,255,5
21,255,2
22,255,5
23,255,2
24,255,4
25,255,5
26,255,4
27,255,4
28,255,4
29,255,2
30,255,3
31,255,4
32,255,5
33,255,4
34,255,2
35,255,3
36,255,3
37,255,4
38,255,1
39,255,4
40,255,1
41,255,5
42,255,5
43,255,1
44,255,2
45,255,4
46,255,4
47,255,4
48,255,1
49,255,3
50,255,5
51,255,4
52,255,5
53,255,3
54,255,5
55,255,1
56,255,3
57,255,3
58,255,2
59,255,3
60,255,3
61,255,1
62,255,4
63,255,4
64,255,1
65,255,1
66,255,1
67,255,4
68,255,2
69,255,2
70,255,4
71,255,1
72,255,2
73,255,3
74,255,5
75,255,1
76,255,2
77,255,1
78,255,4
79,255,1
80,255,3
81,255,5
82,255,2
83,255,4
84,255,5
85,255,1
86,255,2
87,255,2
88,255,1
89,255,1
90,255,2
91,255,1
92,255,3
93,255,1
94,255,5
95,255,5
96,255,5
97,255,1
98,255,4
99,255,1
100,255,4
101,255,3
102,255,3
103,255,5
104,255,4
105,255,2
106,255,3
107,255,1
108,255,2
109,255,3
110,255,3
111,255,4
112,255,5
113,255,5
114,255,5
115,255,2
116,255,4
117,255,5
118,255,3
119,255,3
120,255,2
121,255,1
122,255,4
123,255,1
124,255,5
125,255,5
126,255,3
127,255,5
128,255,1
129,255,2
130,255,4
131,255,2
132,255,3
133,255,5
134,255,2
135,255,3
136,255,3
137,255,1
138,255,5
139,255,1
140,255,4
141,255,5
142,255,5
143,255,2
144,255,1
145,255,3
146,255,5
147,255,1
148,255,4
149,255,5
150,255,2
151,255,3
152,255,1
153,255,5
154,255,1
155,255,3
156,255,1
157,255,1
158,255,4
159,255,5
160,255,5
161,255,1
162,255,2
163,255,3
164,255,5
165,255,2
166,255,5
167,255,1
168,255,5
169,255,1
170,255,1
171,255,2
172,255,5
173,255,1
174,255,3
175,255,2
176,255,5
177,255,1
178,255,3
179,255,2
180,255,2
181,255,4
182,255,1
183,255,5
184,255,3
185,255,5
186,255,1
187,255,4
188,255,2
189,255,1
190,255,3
191,255,4
192,255,3
193,255,2
194,255,5
195,255,2
196,255,5
197,255,2
198,255,2
199,255,1
200,255,4
201,255,2
202,255,4
203,255,2
204,255,4
205,255,5
206,255,4
207,255,1
208,255,1
209,255,1
210,255,1
211,255,5
212,255,1
213,255,2
214,255,1
215,255,1
216,255,3
217,255,5
218,255,1
219,255,1
220,255,2
221,255,4
222,255,2
223,255,3
224,255,4
225,255,3
226,255,2
227,255,1
228,255,5
229,255,1
230,255,1
231,255,4
232,255,3
233,255,4
234,255,2
235,255,2
236,255,1
237,255,2
238,255,5
239,255,1
240,255,5
241,255,3
242,255,3
243,255,5
244,255,3
245,255,3
246,255,2
247,255,1
248,255,2
249,255,2
250,255,1
1,256,3
2,256,1
3,256,2
4,256,4
5,256,4
6,256,3
7,256,3
8,256,4
9,256,5
10,256,4
11,256,3
12,256,1
13,256,2
14,256,1
15,256,2
16,256,5
17,256,3
18,256,5
19,256,3
20,256,5
21,256,3
22,256,5
23,256,3
24,256,4
25,256,4
26,256,4
27,256,4
28,256,4
29,256,3
30,256,2
31,256,5
32,256,4
33,256,4
34,256,1
35,256,3
36,256,3
37,256,4
38,256,3
39,256,5
40,256,3
41,256,4
42,256,4
43,256,2
44,256,3
45,256,5
46,256,5
47,256,4
48,256,1
49,256,3
50,256,4
51,256,5
52,256,5
53,256,3
54,256,4
55,256,2
56,256,2
57,256,3
58,256,3
59,256,3
60,256,1
61,256,3
62,256,4
63,256,5
64,256,1
65,256,2
66,256,1
67,256,5
68,256,2
69,256,1
70,256,4
71,256,1
72,256,2
73,256,3
74,256,5
75,256,1
76,256,1
77,256,3
78,256,4
79,256,1
80,256,1
81,256,5
82,256,3
83,256,5
84,256,4
85,256,2
86,256,1
87,256,3
88,256,2
89,256,1
90,256,3
91,256,2
92,256,3
93,256,1
94,256,5
95,256,4
96,256,4
97,256,1
98,256,5
99,256,1
100,256,5
101,256,2
102,256,3
103,256,4
104,256,5
105,256,3
106,256,3
107,256,1
108,256,2
109,256,2
110,256,2
111,256,5
112,256,5
113,256,4
114,256,4
115,256,2
116,256,5
117,256,5
118,256,3
119,256,1
120,256,3
121,256,1
122,256,4
123,256,2
124,256,5
125,256,5
126,256,2
127,256,5
128,256,2
129,256,2
130,256,4
131,256,2
132,256,3
133,256,5
134,256,2
135,256,2
136,256,3
137,256,1
138,256,4
139,256,2
140,256,5
141,256,5
142,256,5
143,256,1
144,256,1
145,256,2
146,256,4
147,256,1
148,256,4
149,256,5
150,256,3
151,256,3
152,256,2
153,256,5
154,256,1
155,256,3
156,256,1
157,256,3
158,256,4
159,256,5
160,256,4
161,256,3
162,256,2
163,256,2
164,256,4
165,256,3
166,256,5
167,256,2
168,256,4
169,256,1
170,256,2
171,256,2
172,256,4
173,256,1
174,256,2
175,256,2
176,256,5
177,256,1
178,256,3
179,256,2
180,256,2
181,256,4
182,256,1
183,256,5
184,256,2
185,256,5
186,256,1
187,256,5
188,256,3
189,256,1
190,256,1
191,256,5
192,256,3
193,256,3
194,256,4
195,256,1
196,256,4
197,256,2
198,256,1
199,256,1
200,256,5
201,256,1
202,256,5
203,256,1
204,256,5
205,256,5
206,256,4
207,256,1
208,256,1
209,256,1
210,256,2
211,256,4
212,256,1
213,256,3
214,256,2
215,256,1
216,256,2
217,256,5
218,256,2
219,256,2
220,256,3
221,256,5
222,256,2
223,256,2
224,256,5
225,256,3
226,256,2
227,256,2
228,256,5
229,256,2
230,256,1
231,256,5
232,256,1
233,256,5
234,256,3
235,256,2
236,256,1
237,256,1
238,256,4
239,256,1
240,256,4
241,256,3
242,256,2
243,256,4
244,256,3
245,256,1
246,256,3
247,256,2
248,256,3
249,256,1
250,256,2
1,257,3
2,257,1
3,257,3
4,257,5
5,257,5
6,257,1
7,257,1
8,257,5
9,257,5
10,257,5
11,257,3
12,257,1
13,257,1
14,257,2
15,257,3
16,257,4
17,257,3
18,257,5
19,257,3
20,257,5
21,257,3
22,257,5
23,257,2
24,257,5
25,257,5
26,257,5
27,257,4
28,257,5
29,257,3
30,257,3
31,257,5
32,257,4
33,257,4
34,257,1
35,257,3
36,257,2
37,257,5
38,257,1
39,257,4
40,257,3
41,257,5
42,257,4
43,257,1
44,257,2
45,257,5
46,257,5
47,257,5
48,257,1
49,257,3
50,257,4
51,257,4
52,257,5
53,257,3
54,257,5
55,257,2
56,257,2
57,257,3
58,257,2
59,257,1
60,257,2
61,257,2
62,257,5
63,257,5
64,257,3
65,257,1
66,257,2
67,257,5
68,257,2
69,257,3
70,257,5
71,257,1
72,257,2
73,257,2
74,257,4
75,257,2
76,257,3
77,257,2
78,257,4
79,257,1
80,257,3
81,257,5
82,257,2
83,257,4
84,257,4
85,257,1
86,257,3
87,257,3
88,257,2
89,257,1
90,257,2
91,257,1
92,257,3
93,257,1
94,257,4
95,257,5
96,257,5
97,257,1
98,257,5
99,257,2
100,257,4
101,257,3
102,257,2
103,257,4
104,257,5
105,257,3
106,257,2
107,257,1
108,257,1
109,257,3
110,257,3
111,257,5
112,257,5
113,257,4
114,257,4
115,257,3
116,257,4
117,257,4
118,257,2
119,257,2
120,257,3
121,257,2
122,257,4
123,257,2
124,257,4
125,257,5
126,257,2
127,257,4
128,257,2
129,257,2
130,257,4
131,257,2
132,257,3
133,257,4
134,257,1
135,257,1
136,257,2
137,257,3
138,257,4
139,257,2
140,257,5
141,257,5
142,257,4
143,257,3
144,257,2
145,257,1
146,257,5
147,257,2
148,257,4
149,257,5
150,257,2
151,257,3
152,257,2
153,257,4
154,257,1
155,257,2
156,257,2
157,257,2
158,257,5
159,257,5
160,257,5
161,257,3
162,257,1
163,257,2
164,257,5
165,257,3
166,257,5
167,257,1
168,257,4
169,257,1
170,257,1
171,257,1
172,257,5
173,257,1
174,257,3
175,257,2
176,257,5
177,257,1
178,257,3
179,257,1
180,257,3
181,257,4
182,257,2
183,257,4
184,257,3
185,257,5
186,257,1
187,257,5
188,257,3
189,257,2
190,257,3
191,257,4
192,257,3
193,257,3
194,257,4
195,257,2
196,257,5
197,257,1
198,257,2
199,257,2
200,257,4
201,257,2
202,257,5
203,257,2
204,257,4
205,257,4
206,257,5
207,257,1
208,257,1
209,257,1
210,257,3
211,257,5
212,257,1
213,257,1
214,257,2
215,257,2
216,257,2
217,257,5
218,257,1
219,257,1
220,257,2
221,257,5
222,257,2
223,257,2
224,257,4
225,257,3
226,257,1
227,257,1
228,257,4
229,257,1
230,257,1
231,257,4
232,257,3
233,257,5
234,257,3
235,257,2
236,257,1
237,257,2
238,257,4
239,257,2
240,257,4
241,257,2
242,257,2
243,257,4
244,257,3
245,257,3
246,257,3
247,257,1
248,257,3
249,257,1
250,257,1
1,258,2
2,258,2
3,258,2
4,258,5
5,258,4
6,258,2
7,258,3
8,258,4
9,258,5
10,258,5
11,258,3
12,258,1
13,258,2
14,258,1
15,258,3
16,258,5
17,258,3
18,258,4
19,258,3
20,258,5
21,258,2
22,258,5
23,258,3
24,258,5
25,258,5
26,258,5
27,258,4
28,258,5
29,258,2
30,258,2
31,258,4
32,258,5
33,258,4
34,258,2
35,258,3
36,258,2
37,258,5
38,258,3
39,258,4
40,258,1
41,258,4
42,258,5
43,258,2
44,258,2
45,258,5
46,258,5
47,258,5
48,258,1
49,258,3
50,258,5
51,258,5
52,258,5
53,258,3
54,258,5
55,258,1
56,258,3
57,258,2
58,258,3
59,258,2
60,258,3
61,258,2
62,258,4
63,258,4
64,258,3
65,258,2
66,258,1
67,258,4
68,258,1
69,258,3
70,258,4
71,258,2
72,258,3
73,258,2
74,258,4
75,258,1
76,258,2
77,258,3
78,258,5
79,258,2
80,258,3
81,258,5
82,258,3
83,258,5
84,258,4
85,258,1
86,258,1
87,258,1
88,258,1
89,258,2
90,258,2
91,258,1
92,258,3
93,258,1
94,258,5
95,258,4
96,258,5
97,258,1
98,258,5
99,258,2
100,258,5
101,258,2
102,258,2
103,258,4
104,258,4
105,258,3
106,258,1
107,258,1
108,258,1
109,258,3
110,258,3
111,258,4
112,258,4
113,258,5
114,258,5
115,258,2
116,258,5
117,258,5
118,258,1
119,258,1
120,258,3
121,258,2
122,258,5
123,258,1
124,258,5
125,258,5
126,258,3
127,258,5
128,258,1
129,258,3
130,258,5
131,258,1
132,258,2
133,258,4
134,258,1
135,258,2
136,258,3
137,258,3
138,258,5
139,258,2
140,258,4
141,258,5
142,258,5
143,258,2
144,258,1
145,258,1
146,258,5
147,258,1
148,258,4
149,258,4
150,258,3
151,258,3
152,258,1
153,258,5
154,258,2
155,258,2
156,258,1
157,258,3
158,258,5
159,258,4
160,258,5
161,258,3
162,258,1
163,258,2
164,258,4
165,258,3
166,258,5
167,258,2
168,258,4
169,258,1
170,258,1
171,258,2
172,258,5
173,258,1
174,258,3
175,258,1
176,258,4
177,258,1
178,258,3
179,258,1
180,258,2
181,258,5
182,258,1
183,258,5
184,258,2
185,258,5
186,258,1
187,258,5
188,258,1
189,258,1
190,258,3
191,258,5
192,258,2
193,258,3
194,258,4
195,258,1
196,258,4
197,258,2
198,258,2
199,258,1
200,258,5
201,258,1
202,258,4
203,258,1
204,258,4
205,258,5
206,258,5
207,258,2
208,258,1
209,258,2
210,258,3
211,258,5
212,258,2
213,258,1
214,258,2
215,258,1
216,258,3
217,258,4
218,258,1
219,258,2
220,258,3
221,258,5
222,258,1
223,258,2
224,258,4
225,258,3
226,258,2
227,258,2
228,258,4
229,258,2
230,258,1
231,258,4
232,258,1
233,258,4
234,258,3
235,258,2
236,258,1
237,258,1
238,258,4
239,258,1
240,258,5
241,258,3
242,258,3
243,258,4
244,258,2
245,258,3
246,258,3
247,258,1
248,258,1
249,258,1
250,258,1
1,259,1
2,259,1
3,259,2
4,259,5
5,259,5
6,259,2
7,259,1
8,259,5
9,259,5
10,259,4
11,259,3
12,259,2
13,259,3
14,259,1
15,259,1
16,259,5
17,259,3
18,259,5
19,259,2
20,259,5
21,259,1
22,259,4
23,259,3
24,259,4
25,259,5
26,259,5
27,259,5
28,259,4
29,259,3
30,259,2
31,259,4
32,259,5
33,259,4
34,259,1
35,259,1
36,259,2
37,259,4
38,259,3
39,259,4
40,259,1
41,259,5
42,259,5
43,259,1
44,259,3
45,259,5
46,259,4
47,259,5
48,259,1
49,259,3
50,259,4
51,259,5
52,259,4
53,259,3
54,259,5
55,259,1
56,259,3
57,259,3
58,259,3
59,259,2
60,259,3
61,259,2
62,259,5
63,259,5
64,259,1
65,259,1
66,259,1
67,259,4
68,259,3
69,259,2
70,259,5
71,259,1
72,259,2
73,259,2
74,259,4
75,259,2
76,259,2
77,259,1
78,259,5
79,259,1
80,259,2
81,259,5
82,259,1
83,259,4
84,259,5
85,259,1
86,259,3
87,259,3
88,259,1
89,259,1
90,259,3
91,259,1
92,259,1
93,259,1
94,259,5
95,259,4
96,259,5
97,259,1
98,259,4
99,259,1
100,259,5
101,259,3
102,259,3
103,259,4
104,259,5
105,259,3
106,259,3
107,259,2
108,259,2
109,259,2
110,259,3
111,259,5
112,259,4
113,259,4
114,259,4
115,259,3
116,259,5
117,259,4
118,259,2
119,259,2
120,259,1
121,259,1
122,259,4
123,259,1
124,259,5
125,259,4
126,259,2
127,259,5
128,259,2
129,259,3
130,259,5
131,259,1
132,259,1
133,259,4
134,259,1
135,259,1
136,259,2
137,259,3
138,259,4
139,259,2
140,259,4
141,259,4
142,259,4
143,259,3
144,259,1
145,259,2
146,259,4
147,259,1
148,259,4
149,259,5
150,259,3
151,259,2
152,259,2
153,259,5
154,259,1
155,259,2
156,259,1
157,259,3
158,259,5
159,259,5
160,259,5
161,259,2
162,259,1
163,259,2
164,259,5
165,259,3
166,259,5
167,259,1
168,259,4
169,259,1
170,259,2
171,259,1
172,259,5
173,259,2
174,259,2
175,259,1
176,259,4
177,259,2
178,259,3
179,259,1
180,259,2
181,259,5
182,259,1
183,259,4
184,259,3
185,259,5
186,259,1
187,259,5
188,259,1
189,259,2
190,259,1
191,259,4
192,259,2
193,259,3
194,259,4
195,259,1
196,259,5
197,259,1
198,259,3
199,259,2
200,259,4
201,259,2
202,259,5
203,259,2
204,259,4
205,259,5
206,259,5
207,259,2
208,259,1
209,259,1
210,259,2
211,259,4
212,259,3
213,259,1
214,259,3
215,259,2
216,259,2
217,259,4
218,259,2
219,259,2
220,259,2
221,259,5
222,259,1
223,259,3
224,259,4
225,259,1
226,259,1
227,259,2
228,259,5
229,259,2
230,259,1
231,259,5
232,259,2
233,259,4
234,259,1
235,259,1
236,259,1
237,259,2
238,259,4
239,259,1
240,259,4
241,259,3
242,259,2
243,259,4
244,259,2
245,259,3
246,259,2
247,259,2
248,259,3
249,259,1
250,259,1
1,260,2
2,260,2
3,260,3
4,260,5
5,260,5
6,260,2
7,260,3
8,260,4
9,260,5
10,260,5
11,260,1
12,260,1
13,260,3
14,260,2
15,260,3
16,260,5
17,260,1
18,260,4
19,260,3
20,260,4
21,260,3
22,260,5
23,260,3
24,260,5
25,260,4
26,260,5
27,260,4
28,260,4
29,260,2
30,260,3
31,260,4
32,260,4
33,260,5
34,260,2
35,260,2
36,260,3
37,260,4
38,260,3
39,260,5
40,260,2
41,260,4
42,260,5
43,260,1
44,260,2
45,260,5
46,260,4
47,260,5
48,260,1
49,260,1
50,260,5
51,260,4
52,260,4
53,260,3
54,260,4
55,260,1
56,260,3
57,260,3
58,260,3
59,260,1
60,260,2
61,260,3
62,260,5
63,260,4
64,260,2
65,260,1
66,260,1
67,260,4
68,260,2
69,260,1
70,260,5
71,260,1
72,260,2
73,260,2
74,260,4
75,260,2
76,260,1
77,260,1
78,260,4
79,260,2
80,260,3
81,260,4
82,260,3
83,260,4
84,260,4
85,260,2
86,260,2
87,260,3
88,260,1
89,260,1
90,260,3
91,260,1
92,260,2
93,260,1
94,260,5
95,260,5
96,260,5
97,260,1
98,260,5
99,260,2
100,260,4
101,260,3
102,260,3
103,260,4
104,260,5
105,260,2
106,260,3
107,260,1
108,260,1
109,260,1
110,260,3
111,260,4
112,260,5
113,260,5
114,260,4
115,260,2
116,260,5
117,260,5
118,260,2
119,260,2
120,260,3
121,260,1
122,260,5
123,260,1
124,260,5
125,260,4
126,260,1
127,260,5
128,260,1
129,260,1
130,260,5
131,260,1
132,260,2
133,260,5
134,260,1
135,260,3
136,260,3
137,260,3
138,260,4
139,260,3
140,260,5
141,260,4
142,260,5
143,260,2
144,260,1
145,260,3
146,260,5
147,260,2
148,260,4
149,260,5
150,260,2
151,260,3
152,260,2
153,260,4
154,260,1
155,260,3
156,260,1
157,260,2
158,260,4
159,260,5
160,260,4
161,260,2
162,260,1
163,260,1
164,260,5
165,260,3
166,260,4
167,260,2
168,260,4
169,260,2
170,260,1
171,260,1
172,260,5
173,260,1
174,260,3
175,260,1
176,260,5
177,260,1
178,260,3
179,260,1
180,260,2
181,260,5
182,260,1
183,260,5
184,260,3
185,260,5
186,260,1
187,260,5
188,260,1
189,260,1
190,260,1
191,260,5
192,260,3
193,260,1
194,260,5
195,260,1
196,260,5
197,260,1
198,260,3
199,260,1
200,260,5
201,260,1
202,260,4
203,260,1
204,260,5
205,260,4
206,260,5
207,260,1
208,260,1
209,260,1
210,260,1
211,260,5
212,260,3
213,260,2
214,260,1
215,260,1
216,260,3
217,260,5
218,260,1
219,260,1
220,260,2
221,260,5
222,260,1
223,260,1
224,260,4
225,260,2
226,260,1
227,260,1
228,260,5
229,260,2
230,260,2
231,260,4
232,260,3
233,260,5
234,260,3
235,260,1
236,260,1
237,260,1
238,260,4
239,260,1
240,260,4
241,260,3
242,260,3
243,260,4
244,260,3
245,260,1
246,260,1
247,260,1
248,260,3
249,260,2
250,260,1
1,261,2
2,261,1
3,261,3
4,261,4
5,261,5
6,261,3
7,261,2
8,261,5
9,261,5
10,261,5
11,261,2
12,261,2
13,261,1
14,261,1
15,261,3
16,261,5
17,261,3
18,261,4
19,261,3
20,261,4
21,261,1
22,261,5
23,261,3
24,261,5
25,261,5
26,261,5
27,261,5
28,261,4
29,261,3
30,261,3
31,261,4
32,261,5
33,261,5
34,261,2
35,261,3
36,261,1
37,261,4
38,261,3
39,261,4
40,261,1
41,261,5
42,261,5
43,261,1
44,261,3
45,261,4
46,261,4
47,261,5
48,261,1
49,261,2
50,261,5
51,261,4
52,261,4
53,261,2
54,261,4
55,261,2
56,261,3
57,261,3
58,261,3
59,261,2
60,261,1
61,261,2
62,261,5
63,261,5
64,261,2
65,261,1
66,261,1
67,261,5
68,261,2
69,261,2
70,261,5
71,261,1
72,261,3
73,261,2
74,261,5
75,261,2
76,261,3
77,261,1
78,261,5
79,261,1
80,261,3
81,261,5
82,261,1
83,261,5
84,261,5
85,261,1
86,261,3
87,261,3
88,261,1
89,261,1
90,261,1
91,261,1
92,261,3
93,261,1
94,261,4
95,261,5
96,261,5
97,261,1
98,261,5
99,261,1
100,261,4
101,261,2
102,261,2
103,261,4
104,261,5
105,261,1
106,261,3
107,261,2
108,261,2
109,261,2
110,261,2
111,261,4
112,261,5
113,261,5
114,261,5
115,261,2
116,261,4
117,261,5
118,261,1
119,261,2
120,261,3
121,261,1
122,261,4
123,261,1
124,261,4
125,261,5
126,261,2
127,261,5
128,261,1
129,261,3
130,261,4
131,261,1
132,261,2
133,261,4
134,261,1
135,261,3
136,261,2
137,261,3
138,261,4
139,261,2
140,261,4
141,261,5
142,261,5
143,261,3
144,261,1
145,261,2
146,261,4
147,261,2
148,261,4
149,261,5
150,261,2
151,261,3
152,261,1
153,261,4
154,261,1
155,261,2
156,261,1
157,261,3
158,261,5
159,261,5
160,261,5
161,261,3
162,261,1
163,261,2
164,261,5
165,261,2
166,261,5
167,261,1
168,261,4
169,261,1
170,261,1
171,261,1
172,261,5
173,261,1
174,261,3
175,261,1
176,261,4
177,261,1
178,261,3
179,261,2
180,261,3
181,261,5
182,261,2
183,261,4
184,261,3
185,261,4
186,261,1
187,261,4
188,261,1
189,261,1
190,261,3
191,261,5
192,261,2
193,261,3
194,261,5
195,261,1
196,261,4
197,261,2
198,261,3
199,261,2
200,261,4
201,261,2
202,261,4
203,261,1
204,261,5
205,261,4
206,261,4
207,261,1
208,261,1
209,261,1
210,261,2
211,261,5
212,261,1
213,261,3
214,261,3
215,261,1
216,261,1
217,261,4
218,261,2
219,261,1
220,261,1
221,261,5
222,261,1
223,261,2
224,261,4
225,261,3
226,261,2
227,261,1
228,261,5
229,261,1
230,261,1
231,261,5
232,261,2
233,261,4
234,261,2
235,261,2
236,261,1
237,261,1
238,261,4
239,261,1
240,261,5
241,261,3
242,261,3
243,261,5
244,261,2
245,261,3
246,261,2
247,261,2
248,261,2
249,261,1
250,261,1
1,262,3
2,262,2
3,262,3
4,262,4
5,262,4
6,262,3
7,262,3
8,262,5
9,262,5
10,262,5
11,262,1
12,262,1
13,262,3
14,262,1
15,262,3
16,262,4
17,262,3
18,262,4
19,262,3
20,262,4
21,262,3
22,262,5
23,262,3
24,262,5
25,262,4
26,262,4
27,262,5
28,262,5
29,262,2
30,262,3
31,262,4
32,262,5
33,262,4
34,262,2
35,262,2
36,262,3
37,262,4
38,262,3
39,262,5
40,262,2
41,262,4
42,262,5
43,262,2
44,262,3
45,262,5
46,262,5
47,262,5
48,262,1
49,262,1
50,262,5
51,262,5
52,262,5
53,262,3
54,262,4
55,262,1
56,262,3
57,262,3
58,262,3
59,262,3
60,262,1
61,262,3
62,262,5
63,262,4
64,262,3
65,262,2
66,262,1
67,262,5
68,262,3
69,262,3
70,262,4
71,262,2
72,262,2
73,262,2
74,262,5
75,262,2
76,262,2
77,262,3
78,262,4
79,262,2
80,262,3
81,262,5
82,262,3
83,262,5
84,262,5
85,262,2
86,262,1
87,262,3
88,262,2
89,262,2
90,262,1
91,262,1
92,262,3
93,262,1
94,262,5
95,262,5
96,262,5
97,262,1
98,262,5
99,262,1
100,262,5
101,262,3
102,262,2
103,262,4
104,262,5
105,262,3
106,262,3
107,262,1
108,262,1
109,262,2
110,262,3
111,262,5
112,262,4
113,262,5
114,262,5
115,262,3
116,262,5
117,262,4
118,262,2
119,262,3
120,262,2
121,262,1
122,262,4
123,262,1
124,262,5
125,262,4
126,262,2
127,262,4
128,262,2
129,262,1
130,262,5
131,262,2
132,262,2
133,262,5
134,262,1
135,262,2
136,262,3
137,262,2
138,262,5
139,262,2
140,262,5
141,262,5
142,262,4
143,262,2
144,262,2
145,262,2
146,262,4
147,262,2
148,262,4
149,262,5
150,262,3
151,262,2
152,262,2
153,262,4
154,262,1
155,262,3
156,262,1
157,262,2
158,262,5
159,262,5
160,262,5
161,262,2
162,262,1
163,262,2
164,262,5
165,262,1
166,262,5
167,262,2
168,262,5
169,262,1
170,262,1
171,262,1
172,262,4
173,262,1
174,262,2
175,262,1
176,262,5
177,262,1
178,262,2
179,262,2
180,262,2
181,262,5
182,262,2
183,262,5
184,262,2
185,262,4
186,262,2
187,262,5
188,262,3
189,262,1
190,262,2
191,262,5
192,262,1
193,262,1
194,262,5
195,262,2
196,262,5
197,262,1
198,262,2
199,262,1
200,262,5
201,262,2
202,262,5
203,262,1
204,262,5
205,262,4
206,262,4
207,262,1
208,262,1
209,262,2
210,262,2
211,262,4
212,262,1
213,262,2
214,262,3
215,262,1
216,262,2
217,262,5
218,262,2
219,262,1
220,262,2
221,262,4
222,262,2
223,262,3
224,262,4
225,262,3
226,262,1
227,262,2
228,262,4
229,262,1
230,262,2
231,262,4
232,262,1
233,262,4
234,262,1
235,262,1
236,262,1
237,262,2
238,262,5
239,262,1
240,262,4
241,262,2
242,262,3
243,262,4
244,262,3
245,262,3
246,262,3
247,262,2
248,262,2
249,262,2
250,262,1
1,263,3
2,263,1
3,263,1
4,263,4
5,263,5
6,263,3
7,263,3
8,263,5
9,263,5
10,263,5
11,263,2
12,263,1
13,263,2
14,263,1
15,263,1
16,263,4
17,263,2
18,263,4
19,263,1
20,263,5
21,263,2
22,263,5
23,263,3
24,263,5
25,263,5
26,263,4
27,263,5
28,263,5
29,263,1
30,263,2
31,263,4
32,263,5
33,263,5
34,263,1
35,263,1
36,263,1
37,263,5
38,263,1
39,263,5
40,263,3
41,263,5
42,263,5
43,263,2
44,263,1
45,263,5
46,263,4
47,263,4
48,263,1
49,263,3
50,263,5
51,263,5
52,263,4
53,263,3
54,263,5
55,263,1
56,263,2
57,263,3
58,263,1
59,263,1
60,263,3
61,263,2
62,263,4
63,263,4
64,263,3
65,263,1
66,263,1
67,263,4
68,263,3
69,263,3
70,263,4
71,263,2
72,263,3
73,263,3
74,263,4
75,263,1
76,263,3
77,263,3
78,263,4
79,263,1
80,263,2
81,263,4
82,263,3
83,263,5
84,263,4
85,263,2
86,263,3
87,263,3
88,263,1
89,263,2
90,263,1
91,263,2
92,263,1
93,263,1
94,263,4
95,263,5
96,263,4
97,263,2
98,263,5
99,263,2
100,263,5
101,263,3
102,263,2
103,263,5
104,263,4
105,263,2
106,263,3
107,263,1
108,263,1
109,263,1
110,263,2
111,263,5
112,263,4
113,263,5
114,263,5
115,263,1
116,263,5
117,263,5
118,263,3
119,263,3
120,263,3
121,263,2
122,263,4
123,263,2
124,263,4
125,263,5
126,263,1
127,263,5
128,263,2
129,263,2
130,263,5
131,263,1
132,263,2
133,263,5
134,263,1
135,263,3
136,263,3
137,263,1
138,263,5
139,263,3
140,263,5
141,263,5
142,263,5
143,263,2
144,263,2
145,263,3
146,263,4
147,263,2
148,263,5
149,263,4
150,263,3
151,263,3
152,263,1
153,263,4
154,263,1
155,263,1
156,263,1
157,263,3
158,263,5
159,263,5
160,263,5
161,263,3
162,263,1
163,263,3
164,263,5
165,263,3
166,263,4
167,263,1
168,263,5
169,263,2
170,263,1
171,263,1
172,263,5
173,263,1
174,263,3
175,263,1
176,263,5
177,263,1
178,263,1
179,263,1
180,263,2
181,263,4
182,263,1
183,263,4
184,263,3
185,263,5
186,263,1
187,263,5
188,263,1
189,263,1
190,263,2
191,263,4
192,263,2
193,263,1
194,263,5
195,263,1
196,263,4
197,263,1
198,263,2
199,263,2
200,263,5
201,263,1
202,263,4
203,263,1
204,263,5
205,263,4
206,263,5
207,263,1
208,263,1
209,263,1
210,263,2
211,263,5
212,263,2
213,263,1
214,263,2
215,263,2
216,263,3
217,263,5
218,263,1
219,263,1
220,263,3
221,263,5
222,263,1
223,263,1
224,263,4
225,263,2
226,263,1
227,263,2
228,263,5
229,263,1
230,263,1
231,263,4
232,263,2
233,263,5
234,263,2
235,263,1
236,263,1
237,263,1
238,263,4
239,263,2
240,263,4
241,263,2
242,263,3
243,263,5
244,263,2
245,263,2
246,263,1
247,263,1
248,263,2
249,263,1
250,263,1
1,264,1
2,264,1
3,264,3
4,264,5
5,264,4
6,264,3
7,264,1
8,264,5
9,264,5
10,264,4
11,264,1
12,264,1
13,264,3
14,264,1
15,264,3
16,264,5
17,264,3
18,264,4
19,264,1
20,264,4
21,264,1
22,264,4
23,264,2
24,264,5
25,264,5
26,264,4
27,264,4
28,264,4
29,264,3
30,264,2
31,264,4
32,264,4
33,264,5
34,264,2
35,264,3
36,264,2
37,264,4
38,264,2
39,264,4
40,264,1
41,264,4
42,264,4
43,264,2
44,264,1
45,264,5
46,264,4
47,264,4
48,264,1
49,264,3
50,264,5
51,264,4
52,264,4
53,264,1
54,264,4
55,264,2
56,264,2
57,264,2
58,264,2
59,264,2
60,264,2
61,264,3
62,264,4
63,264,5
64,264,2
65,264,2
66,264,2
67,264,5
68,264,1
69,264,3
70,264,5
71,264,2
72,264,3
73,264,2
74,264,4
75,264,2
76,264,3
77,264,2
78,264,5
79,264,1
80,264,1
81,264,5
82,264,3
83,264,4
84,264,5
85,264,1
86,264,3
87,264,3
88,264,1
89,264,1
90,264,2
91,264,2
92,264,2
93,264,1
94,264,4
95,264,4
96,264,4
97,264,2
98,264,4
99,264,2
100,264,5
101,264,1
102,264,3
103,264,4
104,264,5
105,264,3
106,264,3
107,264,2
108,264,2
109,264,1
110,264,3
111,264,5
112,264,4
113,264,5
114,264,4
115,264,2
116,264,5
117,264,4
118,264,3
119,264,3
120,264,2
121,264,2
122,264,5
123,264,1
124,264,5
125,264,5
126,264,1
127,264,5
128,264,1
129,264,2
130,264,4
131,264,2
132,264,3
133,264,5
134,264,1
135,264,3
136,264,3
137,264,3
138,264,4
139,264,1
140,264,5
141,264,5
142,264,5
143,264,3
144,264,2
145,264,3
146,264,5
147,264,1
148,264,4
149,264,4
150,264,3
151,264,1
152,264,1
153,264,4
154,264,1
155,264,3
156,264,2
157,264,2
158,264,4
159,264,5
160,264,4
161,264,3
162,264,1
163,264,1
164,264,5
165,264,1
166,264,4
167,264,1
168,264,4
169,264,2
170,264,1
171,264,2
172,264,5
173,264,1
174,264,2
175,264,2
176,264,5
177,264,1
178,264,2
179,264,2
180,264,3
181,264,4
182,264,1
183,264,4
184,264,2
185,264,4
186,264,1
187,264,4
188,264,2
189,264,2
190,264,3
191,264,5
192,264,2
193,264,3
194,264,5
195,264,2
196,264,5
197,264,2
198,264,1
199,264,2
200,264,5
201,264,1
202,264,4
203,264,2
204,264,5
205,264,4
206,264,4
207,264,1
208,264,2
209,264,1
210,264,3
211,264,5
212,264,3
213,264,1
214,264,2
215,264,1
216,264,2
217,264,5
218,264,1
219,264,1
220,264,2
221,264,5
222,264,2
223,264,2
224,264,5
225,264,1
226,264,1
227,264,1
228,264,4
229,264,1
230,264,2
231,264,5
232,264,2
233,264,5
234,264,3
235,264,1
236,264,1
237,264,1
238,264,5
239,264,1
240,264,4
241,264,2
242,264,3
243,264,5
244,264,3
245,264,3
246,264,1
247,264,1
248,264,1
249,264,2
250,264,1
1,265,1
2,265,1
3,265,2
4,265,4
5,265,4
6,265,2
7,265,1
8,265,5
9,265,4
10,265,4
11,265,3
12,265,1
13,265,2
14,265,1
15,265,3
16,265,5
17,265,3
18,265,5
19,265,3
20,265,5
21,265,2
22,265,5
23,265,3
24,265,5
25,265,5
26,265,5
27,265,4
28,265,5
29,265,2
30,265,2
31,265,4
32,265,4
33,265,4
34,265,1
35,265,3
36,265,3
37,265,5
38,265,1
39,265,5
40,265,3
41,265,4
42,265,4
43,265,2
44,265,3
45,265,4
46,265,5
47,265,5
48,265,1
49,265,1
50,265,4
51,265,5
52,265,4
53,265,1
54,265,5
55,265,2
56,265,3
57,265,3
58,265,1
59,265,3
60,265,2
61,265,3
62,265,4
63,265,4
64,265,2
65,265,1
66,265,1
67,265,5
68,265,2
69,265,2
70,265,5
71,265,1
72,265,2
73,265,3
74,265,5
75,265,2
76,265,2
77,265,1
78,265,5
79,265,2
80,265,2
81,265,5
82,265,2
83,265,4
84,265,5
85,265,1
86,265,2
87,265,1
88,265,1
89,265,1
90,265,2
91,265,2
92,265,3
93,265,1
94,265,4
95,265,5
96,265,4
97,265,1
98,265,4
99,265,2
100,265,5
101,265,3
102,265,2
103,265,4
104,265,5
105,265,2
106,265,3
107,265,2
108,265,1
109,265,3
110,265,2
111,265,5
112,265,5
113,265,4
114,265,5
115,265,2
116,265,5
117,265,5
118,265,2
119,265,3
120,265,2
121,265,1
122,265,4
123,265,1
124,265,5
125,265,5
126,265,3
127,265,4
128,265,1
129,265,3
130,265,5
131,265,1
132,265,2
133,265,4
134,265,2
135,265,2
136,265,2
137,265,2
138,265,5
139,265,3
140,265,4
141,265,4
142,265,4
143,265,2
144,265,2
145,265,3
146,265,5
147,265,2
148,265,4
149,265,5
150,265,1
151,265,1
152,265,1
153,265,5
154,265,1
155,265,2
156,265,1
157,265,2
158,265,5
159,265,5
160,265,5
161,265,3
162,265,1
163,265,3
164,265,5
165,265,1
166,265,5
167,265,1
168,265,4
169,265,1
170,265,1
171,265,1
172,265,5
173,265,1
174,265,2
175,265,1
176,265,4
177,265,2
178,265,2
179,265,1
180,265,1
181,265,5
182,265,1
183,265,4
184,265,3
185,265,4
186,265,2
187,265,4
188,265,1
189,265,1
190,265,3
191,265,4
192,265,3
193,265,3
194,265,5
195,265,2
196,265,5
197,265,1
198,265,2
199,265,1
200,265,4
201,265,1
202,265,4
203,265,2
204,265,5
205,265,5
206,265,5
207,265,2
208,265,1
209,265,1
210,265,2
211,265,4
212,265,1
213,265,2
214,265,1
215,265,2
216,265,2
217,265,5
218,265,1
219,265,1
220,265,2
221,265,5
222,265,2
223,265,3
224,265,5
225,265,3
226,265,1
227,265,1
228,265,4
229,265,1
230,265,1
231,265,4
232,265,3
233,265,4
234,265,3
235,265,2
236,265,2
237,265,1
238,265,5
239,265,1
240,265,5
241,265,3
242,265,3
243,265,5
244,265,1
245,265,1
246,265,1
247,265,1
248,265,3
249,265,1
250,265,1
1,266,1
2,266,2
3,266,3
4,266,5
5,266,4
6,266,2
7,266,3
8,266,4
9,266,4
10,266,4
11,266,3
12,266,1
13,266,3
14,266,1
15,266,2
16,266,5
17,266,2
18,266,4
19,266,1
20,266,5
21,266,3
22,266,5
23,266,3
24,266,4
25,266,4
26,266,4
27,266,5
28,266,5
29,266,2
30,266,2
31,266,5
32,266,5
33,266,5
34,266,1
35,266,2
36,266,3
37,266,5
38,266,1
39,266,4
40,266,2
41,266,4
42,266,5
43,266,2
44,266,3
45,266,4
46,266,5
47,266,5
48,266,1
49,266,1
50,266,4
51,266,5
52,266,4
53,266,1
54,266,5
55,266,2
56,266,3
57,266,2
58,266,1
59,266,2
60,266,2
61,266,3
62,266,5
63,266,5
64,266,3
65,266,1
66,266,1
67,266,5
68,266,2
69,266,1
70,266,4
71,266,1
72,266,2
73,266,2
74,266,5
75,266,1
76,266,3
77,266,3
78,266,4
79,266,1
80,266,2
81,266,4
82,266,2
83,266,4
84,266,4
85,266,1
86,266,3
87,266,3
88,266,1
89,266,1
90,266,2
91,266,1
92,266,2
93,266,1
94,266,4
95,266,5
96,266,4
97,266,2
98,266,5
99,266,2
100,266,4
101,266,3
102,266,3
103,266,5
104,266,4
105,266,2
106,266,1
107,266,1
108,266,2
109,266,2
110,266,2
111,266,4
112,266,5
113,266,4
114,266,5
115,266,3
116,266,4
117,266,5
118,266,3
119,266,3
120,266,2
121,266,2
122,266,5
123,266,1
124,266,4
125,266,4
126,266,2
127,266,5
128,266,2
129,266,2
130,266,4
131,266,1
132,266,2
133,266,4
134,266,2
135,266,3
136,266,1
137,266,3
138,266,4
139,266,3
140,266,5
141,266,5
142,266,5
143,266,1
144,266,1
145,266,3
146,266,5
147,266,1
148,266,4
149,266,4
150,266,3
151,266,1
152,266,1
153,266,5
154,266,1
155,266,3
156,266,2
157,266,3
158,266,5
159,266,5
160,266,5
161,266,2
162,266,2
163,266,2
164,266,5
165,266,2
166,266,4
167,266,2
168,266,5
169,266,1
170,266,1
171,266,1
172,266,5
173,266,1
174,266,2
175,266,1
176,266,4
177,266,2
178,266,2
179,266,2
180,266,2
181,266,4
182,266,1
183,266,4
184,266,3
185,266,4
186,266,2
187,266,4
188,266,2
189,266,1
190,266,1
191,266,5
192,266,2
193,266,3
194,266,4
195,266,1
196,266,4
197,266,2
198,266,1
199,266,1
200,266,4
201,266,1
202,266,4
203,266,1
204,266,5
205,266,4
206,266,4
207,266,1
208,266,1
209,266,2
210,266,1
211,266,5
212,266,1
213,266,3
214,266,3
215,266,1
216,266,3
217,266,4
218,266,1
219,266,1
220,266,2
221,266,5
222,266,1
223,266,3
224,266,4
225,266,3
226,266,1
227,266,1
228,266,4
229,266,1
230,266,1
231,266,4
232,266,2
233,266,5
234,266,1
235,266,1
236,266,1
237,266,2
238,266,5
239,266,2
240,266,5
241,266,3
242,266,3
243,266,4
244,266,3
245,266,3
246,266,2
247,266,2
248,266,3
249,266,1
250,266,1
1,267,3
2,267,5
3,267,5
4,267,3
5,267,3
6,267,4
7,267,4
8,267,3
9,267,5
10,267,5
11,267,4
12,267,5
13,267,2
14,267,3
15,267,5
16,267,5
17,267,1
18,267,5
19,267,4
20,267,1
21,267,1
22,267,5
23,267,1
24,267,2
25,267,5
26,267,4
27,267,1
28,267,3
29,267,1
30,267,4
31,267,5
32,267,4
33,267,1
34,267,1
35,267,1
36,267,5
37,267,5
38,267,5
39,267,4
40,267,5
41,267,4
42,267,3
43,267,1
44,267,2
45,267,1
46,267,1
47,267,2
48,267,5
49,267,1
50,267,3
51,267,4
52,267,3
53,267,5
54,267,4
55,267,3
56,267,4
57,267,1
58,267,3
59,267,4
60,267,1
61,267,2
62,267,3
63,267,5
64,267,3
65,267,5
66,267,5
67,267,1
68,267,5
69,267,3
70,267,5
71,267,5
72,267,3
73,267,4
74,267,4
75,267,3
76,267,5
77,267,3
78,267,5
79,267,4
80,267,2
81,267,2
82,267,4
83,267,3
84,267,3
85,267,1
86,267,3
87,267,5
88,267,2
89,267,1
90,267,4
91,267,3
92,267,4
93,267,5
94,267,5
95,267,1
96,267,1
97,267,1
98,267,5
99,267,5
100,267,1
101,267,3
102,267,3
103,267,1
104,267,5
105,267,1
106,267,4
107,267,1
108,267,2
109,267,1
110,267,4
111,267,4
112,267,2
113,267,1
114,267,4
115,267,4
116,267,3
117,267,1
118,267,1
119,267,1
120,267,4
121,267,3
122,267,5
123,267,5
124,267,4
125,267,1
126,267,4
127,267,2
128,267,3
129,267,1
130,267,5
131,267,2
132,267,1
133,267,3
134,267,4
135,267,5
136,267,5
137,267,3
138,267,1
139,267,1
140,267,4
141,267,1
142,267,3
143,267,1
144,267,3
145,267,1
146,267,3
147,267,5
148,267,1
149,267,1
150,267,3
151,267,4
152,267,5
153,267,5
154,267,3
155,267,1
156,267,2
157,267,2
158,267,3
159,267,1
160,267,1
161,267,5
162,267,4
163,267,4
164,267,5
165,267,2
166,267,2
167,267,5
168,267,1
169,267,3
170,267,5
171,267,2
172,267,3
173,267,2
174,267,2
175,267,3
176,267,1
177,267,5
178,267,1
179,267,2
180,267,2
181,267,5
182,267,4
183,267,1
184,267,1
185,267,4
186,267,1
187,267,1
188,267,4
189,267,1
190,267,3
191,267,1
192,267,1
193,267,5
194,267,1
195,267,3
196,267,5
197,267,3
198,267,3
199,267,4
200,267,5
201,267,4
202,267,3
203,267,5
204,267,1
205,267,4
206,267,5
207,267,4
208,267,2
209,267,1
210,267,1
211,267,1
212,267,3
213,267,1
214,267,3
215,267,4
216,267,3
217,267,3
218,267,1
219,267,3
220,267,3
221,267,4
222,267,1
223,267,2
224,267,5
225,267,5
226,267,3
227,267,1
228,267,3
229,267,5
230,267,1
231,267,5
232,267,4
233,267,2
234,267,3
235,267,4
236,267,1
237,267,5
238,267,1
239,267,3
240,267,1
241,267,1
242,267,1
243,267,5
244,267,3
245,267,1
246,267,2
247,267,2
248,267,5
249,267,5
250,267,5
1,268,5
2,268,2
3,268,3
4,268,3
5,268,2
6,268,3
7,268,2
8,268,3
9,268,4
10,268,4
11,268,5
12,268,1
13,268,3
14,268,3
15,268,4
16,268,3
17,268,3
18,268,2
19,268,4
20,268,5
21,268,3
22,268,2
23,268,5
24,268,2
25,268,3
26,268,4
27,268,1
28,268,3
29,268,5
30,268,1
31,268,4
32,268,2
33,268,2
34,268,3
35,268,1
36,268,1
37,268,3
38,268,4
39,268,1
40,268,5
41,268,3
42,268,5
43,268,3
44,268,1
45,268,3
46,268,4
47,268,1
48,268,2
49,268,5
50,268,5
51,268,3
52,268,5
53,268,1
54,268,5
55,268,1
56,268,1
57,268,3
58,268,1
59,268,2
60,268,3
61,268,3
62,268,3
63,268,4
64,268,1
65,268,3
66,268,3
67,268,1
68,268,1
69,268,2
70,268,3
71,268,3
72,268,5
73,268,4
74,268,5
75,268,5
76,268,3
77,268,1
78,268,3
79,268,2
80,268,3
81,268,2
82,268,3
83,268,3
84,268,3
85,268,4
86,268,5
87,268,4
88,268,1
89,268,2
90,268,5
91,268,5
92,268,5
93,268,4
94,268,5
95,268,1
96,268,3
97,268,5
98,268,1
99,268,1
100,268,5
101,268,5
102,268,2
103,268,1
104,268,1
105,268,1
106,268,5
107,268,2
108,268,4
109,268,1
110,268,1
111,268,5
112,268,5
113,268,5
114,268,1
115,268,3
116,268,3
117,268,4
118,268,1
119,268,4
120,268,3
121,268,1
122,268,3
123,268,4
124,268,5
125,268,5
126,268,1
127,268,4
128,268,4
129,268,5
130,268,5
131,268,3
132,268,1
133,268,4
134,268,1
135,268,5
136,268,1
137,268,3
138,268,1
139,268,3
140,268,1
141,268,4
142,268,1
143,268,1
144,268,1
145,268,3
146,268,1
147,268,1
148,268,1
149,268,1
150,268,5
151,268,1
152,268,1
153,268,5
154,268,1
155,268,3
156,268,3
157,268,5
158,268,5
159,268,3
160,268,3
161,268,4
162,268,1
163,268,3
164,268,1
165,268,1
166,268,4
167,268,1
168,268,1
169,268,5
170,268,1
171,268,4
172,268,1
173,268,3
174,268,1
175,268,4
176,268,3
177,268,1
178,268,3
179,268,1
180,268,1
181,268,5
182,268,4
183,268,1
184,268,5
185,268,5
186,268,3
187,268,4
188,268,5
189,268,4
190,268,3
191,268,5
192,268,1
193,268,1
194,268,1
195,268,4
196,268,4
197,268,4
198,268,5
199,268,1
200,268,1
201,268,5
202,268,1
203,268,1
204,268,1
205,268,4
206,268,1
207,268,1
208,268,5
209,268,1
210,268,4
211,268,3
212,268,5
213,268,4
214,268,1
215,268,1
216,268,5
217,268,5
218,268,4
219,268,1
220,268,5
221,268,1
222,268,3
223,268,5
224,268,1
225,268,5
226,268,1
227,268,4
228,268,4
229,268,4
230,268,4
231,268,1
232,268,1
233,268,1
234,268,4
235,268,5
236,268,1
237,268,5
238,268,1
239,268,5
240,268,4
241,268,3
242,268,4
243,268,4
244,268,1
245,268,3
246,268,4
247,268,1
248,268,3
249,268,1
250,268,5
1,269,3
2,269,5
3,269,3
4,269,5
5,269,1
6,269,1
7,269,1
8,269,4
9,269,1
10,269,1
11,269,3
12,269,4
13,269,1
14,269,3
15,269,3
16,269,1
17,269,1
18,269,5
19,269,3
20,269,5
21,269,4
22,269,3
23,269,1
24,269,5
25,269,5
26,269,3
27,269,5
28,269,1
29,269,1
30,269,5
31,269,3
32,269,3
33,269,4
34,269,4
35,269,1
36,269,5
37,269,1
38,269,4
39,269,5
40,269,5
41,269,4
42,269,3
43,269,1
44,269,1
45,269,1
46,269,3
47,269,5
48,269,5
49,269,1
50,269,4
51,269,5
52,269,1
53,269,1
54,269,4
55,269,3
56,269,1
57,269,5
58,269,1
59,269,4
60,269,1
61,269,1
62,269,5
63,269,5
64,269,5
65,269,3
66,269,4
67,269,5
68,269,5
69,269,1
70,269,1
71,269,1
72,269,5
73,269,3
74,269,5
75,269,5
76,269,1
77,269,4
78,269,5
79,269,3
80,269,4
81,269,1
82,269,1
83,269,1
84,269,4
85,269,4
86,269,1
87,269,1
88,269,1
89,269,3
90,269,3
91,269,3
92,269,3
93,269,3
94,269,3
95,269,5
96,269,1
97,269,4
98,269,1
99,269,3
100,269,1
101,269,3
102,269,4
103,269,1
104,269,4
105,269,5
106,269,1
107,269,3
108,269,5
109,269,4
110,269,1
111,269,4
112,269,3
113,269,4
114,269,5
115,269,5
116,269,5
117,269,4
118,269,5
119,269,1
120,269,1
121,269,1
122,269,5
123,269,4
124,269,5
125,269,3
126,269,3
127,269,1
128,269,5
129,269,1
130,269,5
131,269,3
132,269,5
133,269,1
134,269,3
135,269,4
136,269,1
137,269,4
138,269,3
139,269,3
140,269,3
141,269,1
142,269,1
143,269,1
144,269,1
145,269,1
146,269,5
147,269,1
148,269,3
149,269,4
150,269,1
151,269,1
152,269,4
153,269,1
154,269,1
155,269,3
156,269,3
157,269,4
158,269,5
159,269,5
160,269,4
161,269,1
162,269,5
163,269,5
164,269,3
165,269,1
166,269,5
167,269,1
168,269,3
169,269,3
170,269,5
171,269,1
172,269,1
173,269,5
174,269,1
175,269,3
176,269,4
177,269,4
178,269,1
179,269,1
180,269,1
181,269,3
182,269,1
183,269,3
184,269,3
185,269,5
186,269,1
187,269,1
188,269,3
189,269,5
190,269,1
191,269,1
192,269,5
193,269,1
194,269,1
195,269,5
196,269,5
197,269,3
198,269,1
199,269,1
200,269,1
201,269,3
202,269,5
203,269,1
204,269,1
205,269,3
206,269,3
207,269,1
208,269,3
209,269,4
210,269,1
211,269,1
212,269,1
213,269,5
214,269,4
215,269,5
216,269,3
217,269,5
218,269,4
219,269,1
220,269,3
221,269,4
222,269,1
223,269,3
224,269,1
225,269,1
226,269,4
227,269,3
228,269,3
229,269,5
230,269,1
231,269,5
232,269,4
233,269,3
234,269,4
235,269,1
236,269,5
237,269,1
238,269,5
239,269,1
240,269,5
241,269,3
242,269,4
243,269,1
244,269,4
245,269,3
246,269,1
247,269,1
248,269,4
249,269,5
250,269,3
1,270,5
2,270,1
3,270,5
4,270,3
5,270,3
6,270,5
7,270,4
8,270,4
9,270,1
10,270,3
11,270,5
12,270,3
13,270,4
14,270,1
15,270,5
16,270,4
17,270,5
18,270,1
19,270,4
20,270,3
21,270,4
22,270,3
23,270,5
24,270,1
25,270,1
26,270,5
27,270,1
28,270,3
29,270,5
30,270,4
31,270,3
32,270,3
33,270,4
34,270,1
35,270,5
36,270,5
37,270,1
38,270,4
39,270,4
40,270,5
41,270,4
42,270,5
43,270,3
44,270,5
45,270,3
46,270,4
47,270,4
48,270,1
49,270,4
50,270,3
51,270,3
52,270,1
53,270,4
54,270,4
55,270,1
56,270,5
57,270,5
58,270,5
59,270,5
60,270,4
61,270,4
62,270,1
63,270,3
64,270,5
65,270,1
66,270,1
67,270,3
68,270,4
69,270,4
70,270,4
71,270,1
72,270,4
73,270,5
74,270,1
75,270,3
76,270,4
77,270,5
78,270,4
79,270,1
80,270,4
81,270,3
82,270,5
83,270,4
84,270,1
85,270,3
86,270,5
87,270,5
88,270,1
89,270,3
90,270,4
91,270,3
92,270,4
93,270,3
94,270,4
95,270,3
96,270,3
97,270,3
98,270,3
99,270,3
100,270,4
101,270,5
102,270,4
103,270,3
104,270,5
105,270,4
106,270,5
107,270,1
108,270,3
109,270,5
110,270,5
111,270,1
112,270,5
113,270,1
114,270,3
115,270,5
116,270,1
117,270,3
118,270,5
119,270,4
120,270,5
121,270,1
122,270,4
123,270,3
124,270,4
125,270,1
126,270,5
127,270,3
128,270,3
129,270,5
130,270,1
131,270,1
132,270,4
133,270,1
134,270,1
135,270,4
136,270,5
137,270,5
138,270,4
139,270,4
140,270,1
141,270,1
142,270,4
143,270,5
144,270,1
145,270,4
146,270,1
147,270,3
148,270,3
149,270,5
150,270,5
151,270,4
152,270,3
153,270,4
154,270,3
155,270,4
156,270,3
157,270,4
158,270,1
159,270,3
160,270,1
161,270,5
162,270,1
163,270,4
164,270,1
165,270,4
166,270,4
167,270,1
168,270,3
169,270,1
170,270,3
171,270,3
172,270,3
173,270,3
174,270,4
175,270,3
176,270,1
177,270,1
178,270,4
179,270,1
180,270,5
181,270,4
182,270,3
183,270,3
184,270,4
185,270,1
186,270,3
187,270,3
188,270,4
189,270,3
190,270,4
191,270,1
192,270,4
193,270,5
194,270,3
195,270,1
196,270,4
197,270,1
198,270,5
199,270,3
200,270,3
201,270,1
202,270,4
203,270,1
204,270,3
205,270,3
206,270,1
207,270,1
208,270,3
209,270,1
210,270,5
211,270,1
212,270,4
213,270,4
214,270,4
215,270,1
216,270,5
217,270,5
218,270,3
219,270,3
220,270,4
221,270,4
222,270,1
223,270,5
224,270,3
225,270,4
226,270,1
227,270,1
228,270,5
229,270,1
230,270,3
231,270,4
232,270,5
233,270,1
234,270,5
235,270,3
236,270,1
237,270,3
238,270,4
239,270,3
240,270,4
241,270,5
242,270,5
243,270,5
244,270,4
245,270,5
246,270,4
247,270,3
248,270,5
249,270,1
250,270,3
1,271,4
2,271,1
3,271,5
4,271,1
5,271,1
6,271,5
7,271,5
8,271,1
9,271,1
10,271,4
11,271,4
12,271,1
13,271,4
14,271,3
15,271,5
16,271,3
17,271,5
18,271,4
19,271,4
20,271,4
21,271,4
22,271,3
23,271,5
24,271,4
25,271,1
26,271,5
27,271,3
28,271,1
29,271,4
30,271,5
31,271,4
32,271,3
33,271,3
34,271,1
35,271,5
36,271,5
37,271,3
38,271,5
39,271,4
40,271,5
41,271,1
42,271,4
43,271,3
44,271,5
45,271,4
46,271,5
47,271,4
48,271,1
49,271,4
50,271,1
51,271,4
52,271,3
53,271,5
54,271,5
55,271,3
56,271,4
57,271,5
58,271,5
59,271,4
60,271,4
61,271,4
62,271,4
63,271,1
64,271,5
65,271,1
66,271,3
67,271,4
68,271,4
69,271,4
70,271,1
71,271,3
72,271,4
73,271,4
74,271,3
75,271,3
76,271,4
77,271,5
78,271,3
79,271,1
80,271,5
81,271,4
82,271,5
83,271,4
84,271,3
85,271,1
86,271,5
87,271,5
88,271,1
89,271,3
90,271,4
91,271,3
92,271,5
93,271,1
94,271,3
95,271,4
96,271,1
97,271,1
98,271,1
99,271,1
100,271,4
101,271,4
102,271,5
103,271,4
104,271,1
105,271,5
106,271,5
107,271,3
108,271,3
109,271,5
110,271,5
111,271,3
112,271,3
113,271,3
114,271,3
115,271,5
116,271,3
117,271,4
118,271,4
119,271,5
120,271,5
121,271,3
122,271,4
123,271,1
124,271,1
125,271,4
126,271,4
127,271,3
128,271,1
129,271,5
130,271,1
131,271,3
132,271,4
133,271,3
134,271,3
135,271,5
136,271,5
137,271,5
138,271,3
139,271,5
140,271,3
141,271,3
142,271,3
143,271,4
144,271,3
145,271,5
146,271,1
147,271,1
148,271,1
149,271,3
150,271,5
151,271,5
152,271,3
153,271,1
154,271,1
155,271,4
156,271,1
157,271,4
158,271,1
159,271,1
160,271,1
161,271,4
162,271,3
163,271,4
164,271,3
165,271,5
166,271,1
167,271,3
168,271,3
169,271,3
170,271,3
171,271,3
172,271,3
173,271,1
174,271,4
175,271,3
176,271,4
177,271,1
178,271,4
179,271,1
180,271,5
181,271,4
182,271,3
183,271,1
184,271,5
185,271,1
186,271,3
187,271,1
188,271,5
189,271,3
190,271,4
191,271,3
192,271,5
193,271,5
194,271,4
195,271,3
196,271,4
197,271,1
198,271,5
199,271,1
200,271,1
201,271,1
202,271,1
203,271,1
204,271,4
205,271,3
206,271,4
207,271,1
208,271,1
209,271,3
210,271,4
211,271,3
212,271,5
213,271,4
214,271,5
215,271,1
216,271,4
217,271,1
218,271,1
219,271,3
220,271,5
221,271,1
222,271,1
223,271,4
224,271,1
225,271,5
226,271,3
227,271,1
228,271,3
229,271,1
230,271,3
231,271,1
232,271,5
233,271,1
234,271,4
235,271,3
236,271,1
237,271,1
238,271,4
239,271,3
240,271,4
241,271,4
242,271,4
243,271,3
244,271,5
245,271,4
246,271,4
247,271,1
248,271,5
249,271,3
250,271,1
1,272,5
2,272,1
3,272,4
4,272,4
5,272,1
6,272,5
7,272,5
8,272,4
9,272,4
10,272,3
11,272,4
12,272,1
13,272,5
14,272,1
15,272,4
16,272,4
17,272,5
18,272,1
19,272,5
20,272,3
21,272,4
22,272,4
23,272,4
24,272,3
25,272,3
26,272,4
27,272,3
28,272,1
29,272,4
30,272,5
31,272,1
32,272,4
33,272,3
34,272,1
35,272,5
36,272,4
37,272,4
38,272,4
39,272,1
40,272,5
41,272,1
42,272,1
43,272,1
44,272,5
45,272,3
46,272,3
47,272,4
48,272,3
49,272,5
50,272,1
51,272,3
52,272,3
53,272,5
54,272,3
55,272,3
56,272,4
57,272,5
58,272,4
59,272,5
60,272,4
61,272,5
62,272,3
63,272,1
64,272,4
65,272,1
66,272,1
67,272,5
68,272,4
69,272,5
70,272,3
71,272,1
72,272,5
73,272,4
74,272,1
75,272,1
76,272,5
77,272,5
78,272,3
79,272,1
80,272,5
81,272,4
82,272,5
83,272,4
84,272,3
85,272,3
86,272,5
87,272,4
88,272,1
89,272,3
90,272,5
91,272,1
92,272,5
93,272,3
94,272,4
95,272,4
96,272,1
97,272,1
98,272,4
99,272,3
100,272,4
101,272,5
102,272,5
103,272,3
104,272,1
105,272,5
106,272,5
107,272,3
108,272,3
109,272,4
110,272,5
111,272,4
112,272,1
113,272,1
114,272,3
115,272,5
116,272,3
117,272,4
118,272,4
119,272,5
120,272,5
121,272,1
122,272,3
123,272,1
124,272,3
125,272,4
126,272,5
127,272,4
128,272,3
129,272,5
130,272,3
131,272,3
132,272,5
133,272,3
134,272,3
135,272,5
136,272,4
137,272,5
138,272,3
139,272,5
140,272,5
141,272,5
142,272,4
143,272,5
144,272,1
145,272,5
146,272,4
147,272,3
148,272,1
149,272,1
150,272,4
151,272,4
152,272,1
153,272,1
154,272,1
155,272,5
156,272,1
157,272,4
158,272,3
159,272,3
160,272,1
161,272,5
162,272,1
163,272,4
164,272,3
165,272,4
166,272,4
167,272,3
168,272,1
169,272,1
170,272,3
171,272,3
172,272,4
173,272,3
174,272,4
175,272,1
176,272,1
177,272,3
178,272,4
179,272,1
180,272,5
181,272,1
182,272,3
183,272,3
184,272,5
185,272,4
186,272,3
187,272,1
188,272,5
189,272,3
190,272,5
191,272,1
192,272,4
193,272,5
194,272,1
195,272,1
196,272,4
197,272,3
198,272,5
199,272,3
200,272,4
201,272,1
202,272,1
203,272,1
204,272,4
205,272,1
206,272,3
207,272,1
208,272,3
209,272,1
210,272,5
211,272,3
212,272,5
213,272,5
214,272,4
215,272,1
216,272,5
217,272,1
218,272,3
219,272,1
220,272,4
221,272,3
222,272,1
223,272,5
224,272,4
225,272,4
226,272,1
227,272,1
228,272,3
229,272,1
230,272,3
231,272,1
232,272,5
233,272,3
234,272,4
235,272,1
236,272,1
237,272,3
238,272,3
239,272,3
240,272,4
241,272,5
242,272,4
243,272,3
244,272,5
245,272,4
246,272,5
247,272,3
248,272,4
249,272,3
250,272,1
1,273,5
2,273,1
3,273,5
4,273,4
5,273,4
6,273,4
7,273,5
8,273,1
9,273,3
10,273,1
11,273,5
12,273,3
13,273,4
14,273,3
15,273,5
16,273,4
17,273,4
18,273,4
19,273,5
20,273,3
21,273,4
22,273,1
23,273,4
24,273,4
25,273,1
26,273,4
27,273,1
28,273,3
29,273,4
30,273,4
31,273,1
32,273,1
33,273,4
34,273,3
35,273,4
36,273,5
37,273,1
38,273,4
39,273,1
40,273,5
41,273,1
42,273,3
43,273,1
44,273,4
45,273,4
46,273,4
47,273,1
48,273,3
49,273,5
50,273,1
51,273,3
52,273,3
53,273,5
54,273,3
55,273,3
56,273,4
57,273,4
58,273,5
59,273,4
60,273,5
61,273,5
62,273,4
63,273,4
64,273,4
65,273,1
66,273,3
67,273,4
68,273,5
69,273,4
70,273,3
71,273,1
72,273,4
73,273,4
74,273,4
75,273,1
76,273,5
77,273,5
78,273,3
79,273,3
80,273,4
81,273,4
82,273,4
83,273,3
84,273,1
85,273,1
86,273,5
87,273,5
88,273,1
89,273,1
90,273,5
91,273,1
92,273,5
93,273,1
94,273,3
95,273,3
96,273,1
97,273,3
98,273,1
99,273,3
100,273,1
101,273,4
102,273,4
103,273,3
104,273,1
105,273,5
106,273,4
107,273,1
108,273,1
109,273,5
110,273,5
111,273,1
112,273,4
113,273,1
114,273,3
115,273,5
116,273,3
117,273,5
118,273,4
119,273,4
120,273,5
121,273,1
122,273,4
123,273,1
124,273,4
125,273,1
126,273,5
127,273,3
128,273,3
129,273,5
130,273,3
131,273,3
132,273,4
133,273,3
134,273,3
135,273,5
136,273,4
137,273,4
138,273,3
139,273,5
140,273,3
141,273,4
142,273,3
143,273,5
144,273,3
145,273,5
146,273,1
147,273,3
148,273,4
149,273,4
150,273,4
151,273,4
152,273,1
153,273,3
154,273,3
155,273,4
156,273,3
157,273,4
158,273,4
159,273,3
160,273,3
161,273,5
162,273,1
163,273,5
164,273,4
165,273,5
166,273,4
167,273,3
168,273,1
169,273,3
170,273,1
171,273,3
172,273,4
173,273,3
174,273,5
175,273,3
176,273,4
177,273,3
178,273,4
179,273,1
180,273,5
181,273,1
182,273,3
183,273,4
184,273,4
185,273,1
186,273,1
187,273,1
188,273,4
189,273,1
190,273,4
191,273,4
192,273,5
193,273,5
194,273,4
195,273,3
196,273,1
197,273,1
198,273,5
199,273,1
200,273,3
201,273,3
202,273,4
203,273,1
204,273,1
205,273,1
206,273,1
207,273,3
208,273,1
209,273,1
210,273,4
211,273,1
212,273,5
213,273,5
214,273,4
215,273,3
216,273,5
217,273,1
218,273,1
219,273,1
220,273,4
221,273,3
222,273,1
223,273,4
224,273,3
225,273,4
226,273,1
227,273,1
228,273,3
229,273,3
230,273,3
231,273,4
232,273,5
233,273,4
234,273,5
235,273,3
236,273,1
237,273,3
238,273,1
239,273,3
240,273,3
241,273,4
242,273,5
243,273,4
244,273,5
245,273,4
246,273,4
247,273,3
248,273,4
249,273,3
250,273,3
1,274,5
2,274,5
3,274,3
4,274,1
5,274,5
6,274,1
7,274,5
8,274,1
9,274,5
10,274,5
11,274,5
12,274,5
13,274,3
14,274,5
15,274,4
16,274,5
17,274,1
18,274,3
19,274,4
20,274,5
21,274,4
22,274,4
23,274,3
24,274,5
25,274,5
26,274,1
27,274,1
28,274,1
29,274,1
30,274,1
31,274,4
32,274,5
33,274,1
34,274,5
35,274,1
36,274,4
37,274,1
38,274,1
39,274,5
40,274,3
41,274,5
42,274,5
43,274,5
44,274,3
45,274,1
46,274,5
47,274,4
48,274,4
49,274,1
50,274,1
51,274,5
52,274,1
53,274,3
54,274,1
55,274,3
56,274,5
57,274,5
58,274,4
59,274,5
60,274,5
61,274,1
62,274,4
63,274,5
64,274,4
65,274,4
66,274,5
67,274,3
68,274,4
69,274,5
70,274,5
71,274,4
72,274,5
73,274,5
74,274,1
75,274,4
76,274,3
77,274,4
78,274,5
79,274,5
80,274,5
81,274,5
82,274,5
83,274,4
84,274,5
85,274,1
86,274,3
87,274,5
88,274,5
89,274,5
90,274,5
91,274,5
92,274,1
93,274,4
94,274,3
95,274,5
96,274,4
97,274,3
98,274,5
99,274,1
100,274,3
101,274,1
102,274,4
103,274,5
104,274,5
105,274,4
106,274,3
107,274,3
108,274,5
109,274,3
110,274,3
111,274,1
112,274,4
113,274,5
114,274,5
115,274,5
116,274,1
117,274,5
118,274,4
119,274,5
120,274,4
121,274,4
122,274,3
123,274,1
124,274,3
125,274,5
126,274,5
127,274,3
128,274,5
129,274,1
130,274,1
131,274,1
132,274,1
133,274,5
134,274,5
135,274,5
136,274,1
137,274,4
138,274,4
139,274,1
140,274,4
141,274,1
142,274,5
143,274,5
144,274,5
145,274,5
146,274,5
147,274,4
148,274,3
149,274,5
150,274,5
151,274,5
152,274,3
153,274,5
154,274,1
155,274,5
156,274,1
157,274,1
158,274,3
159,274,5
160,274,5
161,274,4
162,274,5
163,274,5
164,274,4
165,274,1
166,274,4
167,274,4
168,274,1
169,274,4
170,274,5
171,274,5
172,274,5
173,274,5
174,274,4
175,274,1
176,274,5
177,274,3
178,274,5
179,274,4
180,274,3
181,274,5
182,274,1
183,274,1
184,274,5
185,274,1
186,274,4
187,274,5
188,274,1
189,274,4
190,274,5
191,274,4
192,274,4
193,274,5
194,274,1
195,274,3
196,274,4
197,274,3
198,274,3
199,274,5
200,274,1
201,274,4
202,274,5
203,274,5
204,274,5
205,274,5
206,274,4
207,274,5
208,274,3
209,274,4
210,274,3
211,274,4
212,274,1
213,274,5
214,274,5
215,274,3
216,274,4
217,274,5
218,274,3
219,274,3
220,274,3
221,274,4
222,274,5
223,274,4
224,274,4
225,274,3
226,274,1
227,274,4
228,274,5
229,274,5
230,274,1
231,274,1
232,274,5
233,274,4
234,274,1
235,274,3
236,274,5
237,274,3
238,274,5
239,274,1
240,274,1
241,274,3
242,274,5
243,274,5
244,274,3
245,274,3
246,274,5
247,274,3
248,274,1
249,274,3
250,274,5
1,275,5
2,275,5
3,275,3
4,275,1
5,275,5
6,275,1
7,275,5
8,275,1
9,275,5
10,275,5
11,275,5
12,275,5
13,275,3
14,275,5
15,275,4
16,275,5
17,275,1
18,275,3
19,275,4
20,275,5
21,275,4
22,275,4
23,275,3
24,275,5
25,275,5
26,275,1
27,275,1
28,275,1
29,275,1
30,275,1
31,275,4
32,275,5
33,275,1
34,275,5
35,275,1
36,275,4
37,275,1
38,275,1
39,275,5
40,275,3
41,275,5
42,275,5
43,275,5
44,275,3
45,275,1
46,275,5
47,275,4
48,275,4
49,275,1
50,275,1
51,275,5
52,275,1
53,275,3
54,275,1
55,275,3
56,275,5
57,275,5
58,275,4
59,275,5
60,275,5
61,275,1
62,275,4
63,275,5
64,275,4
65,275,4
66,275,5
67,275,3
68,275,5
69,275,5
70,275,5
71,275,4
72,275,4
73,275,5
74,275,1
75,275,4
76,275,3
77,275,4
78,275,5
79,275,5
80,275,5
81,275,5
82,275,5
83,275,4
84,275,5
85,275,1
86,275,3
87,275,5
88,275,5
89,275,5
90,275,5
91,275,5
92,275,1
93,275,4
94,275,3
95,275,5
96,275,5
97,275,3
98,275,5
99,275,1
100,275,3
101,275,1
102,275,4
103,275,5
104,275,5
105,275,5
106,275,3
107,275,3
108,275,5
109,275,3
110,275,3
111,275,1
112,275,4
113,275,5
114,275,5
115,275,5
116,275,1
117,275,4
118,275,4
119,275,5
120,275,4
121,275,4
122,275,3
123,275,1
124,275,3
125,275,5
126,275,5
127,275,3
128,275,5
129,275,1
130,275,1
131,275,1
132,275,1
133,275,5
134,275,5
135,275,5
136,275,1
137,275,4
138,275,4
139,275,1
140,275,4
141,275,1
142,275,5
143,275,5
144,275,5
145,275,5
146,275,5
147,275,4
148,275,3
149,275,5
150,275,5
151,275,4
152,275,3
153,275,5
154,275,1
155,275,5
156,275,1
157,275,1
158,275,3
159,275,5
160,275,5
161,275,4
162,275,5
163,275,5
164,275,4
165,275,1
166,275,5
167,275,4
168,275,1
169,275,5
170,275,5
171,275,5
172,275,5
173,275,5
174,275,4
175,275,1
176,275,5
177,275,3
178,275,4
179,275,4
180,275,3
181,275,5
182,275,1
183,275,1
184,275,5
185,275,1
186,275,4
187,275,5
188,275,1
189,275,4
190,275,5
191,275,5
192,275,4
193,275,5
194,275,1
195,275,3
196,275,4
197,275,3
198,275,3
199,275,5
200,275,1
201,275,5
202,275,5
203,275,5
204,275,5
205,275,5
206,275,4
207,275,5
208,275,3
209,275,4
210,275,3
211,275,4
212,275,1
213,275,5
214,275,5
215,275,3
216,275,4
217,275,4
218,275,3
219,275,3
220,275,3
221,275,5
222,275,5
223,275,4
224,275,4
225,275,3
226,275,1
227,275,5
228,275,5
229,275,5
230,275,1
231,275,1
232,275,5
233,275,5
234,275,1
235,275,3
236,275,5
237,275,3
238,275,4
239,275,1
240,275,1
241,275,3
242,275,5
243,275,5
244,275,3
245,275,3
246,275,5
247,275,3
248,275,1
249,275,3
250,275,5
1,276,5
2,276,5
3,276,3
4,276,1
5,276,5
6,276,1
7,276,5
8,276,1
9,276,5
10,276,5
11,276,5
12,276,5
13,276,3
14,276,5
15,276,4
16,276,5
17,276,1
18,276,3
19,276,4
20,276,5
21,276,4
22,276,4
23,276,3
24,276,5
25,276,5
26,276,1
27,276,1
28,276,1
29,276,1
30,276,1
31,276,4
32,276,5
33,276,1
34,276,5
35,276,1
36,276,4
37,276,1
38,276,1
39,276,5
40,276,3
41,276,5
42,276,5
43,276,5
44,276,3
45,276,1
46,276,5
47,276,4
48,276,4
49,276,1
50,276,1
51,276,5
52,276,1
53,276,3
54,276,1
55,276,3
56,276,5
57,276,5
58,276,4
59,276,5
60,276,5
61,276,1
62,276,4
63,276,5
64,276,4
65,276,5
66,276,5
67,276,3
68,276,4
69,276,5
70,276,5
71,276,4
72,276,4
73,276,5
74,276,1
75,276,4
76,276,3
77,276,4
78,276,5
79,276,5
80,276,5
81,276,5
82,276,5
83,276,4
84,276,5
85,276,1
86,276,3
87,276,5
88,276,5
89,276,5
90,276,5
91,276,5
92,276,1
93,276,4
94,276,3
95,276,5
96,276,4
97,276,3
98,276,5
99,276,1
100,276,3
101,276,1
102,276,4
103,276,5
104,276,5
105,276,4
106,276,3
107,276,3
108,276,5
109,276,3
110,276,3
111,276,1
112,276,4
113,276,5
114,276,5
115,276,5
116,276,1
117,276,4
118,276,4
119,276,5
120,276,4
121,276,4
122,276,3
123,276,1
124,276,3
125,276,5
126,276,5
127,276,3
128,276,5
129,276,1
130,276,1
131,276,1
132,276,1
133,276,5
134,276,5
135,276,5
136,276,1
137,276,4
138,276,4
139,276,1
140,276,4
141,276,1
142,276,5
143,276,5
144,276,5
145,276,5
146,276,5
147,276,4
148,276,3
149,276,5
150,276,5
151,276,5
152,276,3
153,276,5
154,276,1
155,276,5
156,276,1
157,276,1
158,276,3
159,276,5
160,276,5
161,276,4
162,276,5
163,276,5
164,276,4
165,276,1
166,276,4
167,276,4
168,276,1
169,276,4
170,276,5
171,276,5
172,276,5
173,276,5
174,276,4
175,276,1
176,276,5
177,276,3
178,276,4
179,276,4
180,276,3
181,276,5
182,276,1
183,276,1
184,276,5
185,276,1
186,276,4
187,276,5
188,276,1
189,276,5
190,276,5
191,276,4
192,276,5
193,276,5
194,276,1
195,276,3
196,276,4
197,276,3
198,276,3
199,276,5
200,276,1
201,276,5
202,276,5
203,276,5
204,276,5
205,276,5
206,276,4
207,276,5
208,276,3
209,276,4
210,276,3
211,276,4
212,276,1
213,276,5
214,276,5
215,276,3
216,276,4
217,276,4
218,276,3
219,276,3
220,276,3
221,276,4
222,276,5
223,276,4
224,276,4
225,276,3
226,276,1
227,276,4
228,276,5
229,276,5
230,276,1
231,276,1
232,276,5
233,276,4
234,276,1
235,276,3
236,276,5
237,276,3
238,276,4
239,276,1
240,276,1
241,276,3
242,276,5
243,276,5
244,276,3
245,276,3
246,276,5
247,276,3
248,276,1
249,276,3
250,276,5
1,277,5
2,277,5
3,277,3
4,277,1
5,277,5
6,277,1
7,277,5
8,277,1
9,277,5
10,277,5
11,277,5
12,277,5
13,277,3
14,277,5
15,277,5
16,277,5
17,277,1
18,277,3
19,277,4
20,277,5
21,277,4
22,277,5
23,277,3
24,277,5
25,277,5
26,277,1
27,277,1
28,277,1
29,277,1
30,277,1
31,277,5
32,277,5
33,277,1
34,277,5
35,277,1
36,277,5
37,277,1
38,277,1
39,277,5
40,277,3
41,277,5
42,277,5
43,277,5
44,277,3
45,277,1
46,277,5
47,277,4
48,277,4
49,277,1
50,277,1
51,277,5
52,277,1
53,277,3
54,277,1
55,277,3
56,277,5
57,277,5
58,277,4
59,277,5
60,277,5
61,277,1
62,277,4
63,277,5
64,277,4
65,277,4
66,277,5
67,277,3
68,277,4
69,277,5
70,277,5
71,277,4
72,277,4
73,277,5
74,277,1
75,277,4
76,277,3
77,277,5
78,277,5
79,277,5
80,277,5
81,277,5
82,277,5
83,277,4
84,277,5
85,277,1
86,277,3
87,277,5
88,277,5
89,277,5
90,277,5
91,277,5
92,277,1
93,277,4
94,277,3
95,277,5
96,277,4
97,277,3
98,277,5
99,277,1
100,277,3
101,277,1
102,277,4
103,277,5
104,277,5
105,277,4
106,277,3
107,277,3
108,277,5
109,277,3
110,277,3
111,277,1
112,277,4
113,277,5
114,277,5
115,277,5
116,277,1
117,277,4
118,277,4
119,277,5
120,277,4
121,277,4
122,277,3
123,277,1
124,277,3
125,277,5
126,277,5
127,277,3
128,277,5
129,277,1
130,277,1
131,277,1
132,277,1
133,277,5
134,277,5
135,277,5
136,277,1
137,277,4
138,277,4
139,277,1
140,277,5
141,277,1
142,277,5
143,277,5
144,277,5
145,277,5
146,277,5
147,277,4
148,277,3
149,277,5
150,277,5
151,277,4
152,277,3
153,277,5
154,277,1
155,277,5
156,277,1
157,277,1
158,277,3
159,277,5
160,277,5
161,277,4
162,277,5
163,277,5
164,277,4
165,277,1
166,277,4
167,277,5
168,277,1
169,277,4
170,277,5
171,277,5
172,277,5
173,277,5
174,277,4
175,277,1
176,277,5
177,277,3
178,277,5
179,277,4
180,277,3
181,277,5
182,277,1
183,277,1
184,277,5
185,277,1
186,277,4
187,277,5
188,277,1
189,277,5
190,277,5
191,277,4
192,277,4
193,277,5
194,277,1
195,277,3
196,277,4
197,277,3
198,277,3
199,277,5
200,277,1
201,277,4
202,277,5
203,277,5
204,277,5
205,277,5
206,277,5
207,277,5
208,277,3
209,277,4
210,277,3
211,277,4
212,277,1
213,277,5
214,277,5
215,277,3
216,277,4
217,277,5
218,277,3
219,277,3
220,277,3
221,277,4
222,277,5
223,277,4
224,277,4
225,277,3
226,277,1
227,277,4
228,277,5
229,277,5
230,277,1
231,277,1
232,277,5
233,277,4
234,277,1
235,277,3
236,277,5
237,277,3
238,277,4
239,277,1
240,277,1
241,277,3
242,277,5
243,277,5
244,277,3
245,277,3
246,277,5
247,277,3
248,277,1
249,277,3
250,277,5
1,278,5
2,278,5
3,278,3
4,278,1
5,278,5
6,278,1
7,278,5
8,278,1
9,278,5
10,278,5
11,278,5
12,278,5
13,278,3
14,278,5
15,278,4
16,278,5
17,278,1
18,278,3
19,278,4
20,278,5
21,278,4
22,278,4
23,278,3
24,278,5
25,278,5
26,278,1
27,278,1
28,278,1
29,278,1
30,278,1
31,278,4
32,278,5
33,278,1
34,278,5
35,278,1
36,278,4
37,278,1
38,278,1
39,278,5
40,278,3
41,278,5
42,278,5
43,278,5
44,278,3
45,278,1
46,278,5
47,278,4
48,278,4
49,278,1
50,278,1
51,278,5
52,278,1
53,278,3
54,278,1
55,278,3
56,278,5
57,278,5
58,278,4
59,278,5
60,278,5
61,278,1
62,278,4
63,278,5
64,278,4
65,278,4
66,278,5
67,278,3
68,278,4
69,278,5
70,278,5
71,278,4
72,278,5
73,278,5
74,278,1
75,278,4
76,278,3
77,278,4
78,278,5
79,278,5
80,278,5
81,278,5
82,278,5
83,278,4
84,278,5
85,278,1
86,278,3
87,278,5
88,278,5
89,278,5
90,278,5
91,278,5
92,278,1
93,278,4
94,278,3
95,278,5
96,278,5
97,278,3
98,278,5
99,278,1
100,278,3
101,278,1
102,278,5
103,278,5
104,278,5
105,278,4
106,278,3
107,278,3
108,278,5
109,278,3
110,278,3
111,278,1
112,278,4
113,278,5
114,278,5
115,278,5
116,278,1
117,278,4
118,278,4
119,278,5
120,278,4
121,278,4
122,278,3
123,278,1
124,278,3
125,278,5
126,278,5
127,278,3
128,278,5
129,278,1
130,278,1
131,278,1
132,278,1
133,278,5
134,278,5
135,278,5
136,278,1
137,278,4
138,278,5
139,278,1
140,278,4
141,278,1
142,278,5
143,278,5
144,278,5
145,278,5
146,278,5
147,278,4
148,278,3
149,278,5
150,278,5
151,278,4
152,278,3
153,278,5
154,278,1
155,278,5
156,278,1
157,278,1
158,278,3
159,278,5
160,278,5
161,278,4
162,278,5
163,278,5
164,278,5
165,278,1
166,278,4
167,278,5
168,278,1
169,278,4
170,278,5
171,278,5
172,278,5
173,278,5
174,278,4
175,278,1
176,278,5
177,278,3
178,278,4
179,278,4
180,278,3
181,278,5
182,278,1
183,278,1
184,278,5
185,278,1
186,278,5
187,278,5
188,278,1
189,278,4
190,278,5
191,278,4
192,278,5
193,278,5
194,278,1
195,278,3
196,278,4
197,278,3
198,278,3
199,278,5
200,278,1
201,278,4
202,278,5
203,278,5
204,278,5
205,278,5
206,278,4
207,278,5
208,278,3
209,278,4
210,278,3
211,278,4
212,278,1
213,278,5
214,278,5
215,278,3
216,278,4
217,278,4
218,278,3
219,278,3
220,278,3
221,278,4
222,278,5
223,278,4
224,278,4
225,278,3
226,278,1
227,278,4
228,278,5
229,278,5
230,278,1
231,278,1
232,278,5
233,278,4
234,278,1
235,278,3
236,278,5
237,278,3
238,278,4
239,278,1
240,278,1
241,278,3
242,278,5
243,278,5
244,278,3
245,278,3
246,278,5
247,278,3
248,278,1
249,278,3
250,278,5
1,279,1
2,279,1
3,279,1
4,279,4
5,279,4
6,279,3
7,279,1
8,279,5
9,279,5
10,279,4
11,279,1
12,279,1
13,279,3
14,279,1
15,279,3
16,279,5
17,279,3
18,279,5
19,279,1
20,279,4
21,279,1
22,279,4
23,279,3
24,279,5
25,279,5
26,279,5
27,279,5
28,279,5
29,279,1
30,279,1
31,279,4
32,279,4
33,279,4
34,279,1
35,279,1
36,279,3
37,279,5
38,279,3
39,279,5
40,279,3
41,279,5
42,279,4
43,279,1
44,279,3
45,279,5
46,279,4
47,279,4
48,279,1
49,279,3
50,279,5
51,279,5
52,279,4
53,279,3
54,279,4
55,279,1
56,279,3
57,279,3
58,279,3
59,279,3
60,279,1
61,279,1
62,279,4
63,279,5
64,279,3
65,279,1
66,279,1
67,279,5
68,279,3
69,279,3
70,279,4
71,279,1
72,279,1
73,279,3
74,279,5
75,279,1
76,279,3
77,279,1
78,279,4
79,279,1
80,279,1
81,279,4
82,279,1
83,279,4
84,279,5
85,279,1
86,279,1
87,279,1
88,279,1
89,279,1
90,279,1
91,279,1
92,279,1
93,279,1
94,279,5
95,279,4
96,279,5
97,279,1
98,279,4
99,279,1
100,279,5
101,279,3
102,279,1
103,279,4
104,279,5
105,279,3
106,279,1
107,279,1
108,279,1
109,279,3
110,279,3
111,279,5
112,279,5
113,279,5
114,279,4
115,279,1
116,279,5
117,279,4
118,279,1
119,279,1
120,279,3
121,279,1
122,279,5
123,279,1
124,279,5
125,279,5
126,279,1
127,279,4
128,279,1
129,279,1
130,279,5
131,279,1
132,279,1
133,279,5
134,279,1
135,279,1
136,279,3
137,279,1
138,279,4
139,279,3
140,279,4
141,279,5
142,279,5
143,279,1
144,279,1
145,279,3
146,279,4
147,279,1
148,279,5
149,279,5
150,279,3
151,279,3
152,279,1
153,279,5
154,279,1
155,279,3
156,279,1
157,279,1
158,279,4
159,279,5
160,279,5
161,279,3
162,279,1
163,279,1
164,279,5
165,279,1
166,279,4
167,279,1
168,279,5
169,279,1
170,279,1
171,279,1
172,279,5
173,279,1
174,279,3
175,279,1
176,279,5
177,279,1
178,279,1
179,279,1
180,279,3
181,279,5
182,279,1
183,279,5
184,279,1
185,279,4
186,279,1
187,279,5
188,279,1
189,279,1
190,279,1
191,279,5
192,279,3
193,279,3
194,279,4
195,279,1
196,279,4
197,279,1
198,279,1
199,279,1
200,279,5
201,279,1
202,279,4
203,279,1
204,279,5
205,279,4
206,279,5
207,279,1
208,279,1
209,279,1
210,279,1
211,279,4
212,279,1
213,279,3
214,279,1
215,279,1
216,279,1
217,279,5
218,279,1
219,279,1
220,279,1
221,279,4
222,279,1
223,279,3
224,279,5
225,279,3
226,279,1
227,279,1
228,279,4
229,279,1
230,279,1
231,279,5
232,279,1
233,279,5
234,279,3
235,279,1
236,279,1
237,279,1
238,279,5
239,279,1
240,279,5
241,279,1
242,279,1
243,279,4
244,279,3
245,279,1
246,279,1
247,279,1
248,279,1
249,279,1
250,279,1
1,280,1
2,280,1
3,280,1
4,280,4
5,280,4
6,280,3
7,280,3
8,280,5
9,280,5
10,280,4
11,280,1
12,280,1
13,280,1
14,280,1
15,280,3
16,280,4
17,280,3
18,280,5
19,280,1
20,280,4
21,280,1
22,280,5
23,280,3
24,280,4
25,280,4
26,280,4
27,280,5
28,280,5
29,280,1
30,280,1
31,280,4
32,280,5
33,280,4
34,280,1
35,280,1
36,280,3
37,280,5
38,280,1
39,280,5
40,280,3
41,280,5
42,280,4
43,280,1
44,280,3
45,280,5
46,280,5
47,280,5
48,280,1
49,280,3
50,280,4
51,280,4
52,280,5
53,280,1
54,280,5
55,280,1
56,280,3
57,280,1
58,280,3
59,280,3
60,280,3
61,280,3
62,280,5
63,280,4
64,280,1
65,280,1
66,280,1
67,280,4
68,280,1
69,280,1
70,280,5
71,280,1
72,280,1
73,280,3
74,280,4
75,280,1
76,280,1
77,280,1
78,280,4
79,280,1
80,280,1
81,280,5
82,280,3
83,280,5
84,280,4
85,280,1
86,280,3
87,280,3
88,280,1
89,280,1
90,280,3
91,280,1
92,280,3
93,280,1
94,280,4
95,280,5
96,280,4
97,280,1
98,280,4
99,280,1
100,280,5
101,280,3
102,280,1
103,280,5
104,280,4
105,280,3
106,280,3
107,280,1
108,280,1
109,280,3
110,280,3
111,280,5
112,280,5
113,280,5
114,280,5
115,280,3
116,280,5
117,280,5
118,280,1
119,280,1
120,280,1
121,280,1
122,280,5
123,280,1
124,280,4
125,280,5
126,280,3
127,280,5
128,280,1
129,280,3
130,280,4
131,280,1
132,280,1
133,280,5
134,280,1
135,280,3
136,280,3
137,280,1
138,280,5
139,280,1
140,280,5
141,280,5
142,280,4
143,280,3
144,280,1
145,280,3
146,280,5
147,280,1
148,280,4
149,280,5
150,280,3
151,280,3
152,280,1
153,280,4
154,280,1
155,280,3
156,280,1
157,280,1
158,280,5
159,280,5
160,280,5
161,280,3
162,280,1
163,280,1
164,280,5
165,280,3
166,280,4
167,280,1
168,280,5
169,280,1
170,280,1
171,280,1
172,280,5
173,280,1
174,280,3
175,280,1
176,280,5
177,280,1
178,280,1
179,280,1
180,280,3
181,280,5
182,280,1
183,280,4
184,280,3
185,280,4
186,280,1
187,280,5
188,280,1
189,280,1
190,280,1
191,280,5
192,280,1
193,280,3
194,280,5
195,280,1
196,280,4
197,280,1
198,280,3
199,280,1
200,280,5
201,280,1
202,280,4
203,280,1
204,280,4
205,280,4
206,280,5
207,280,1
208,280,1
209,280,1
210,280,1
211,280,5
212,280,3
213,280,3
214,280,1
215,280,1
216,280,3
217,280,4
218,280,1
219,280,1
220,280,3
221,280,5
222,280,1
223,280,1
224,280,5
225,280,3
226,280,1
227,280,1
228,280,5
229,280,1
230,280,1
231,280,4
232,280,3
233,280,4
234,280,1
235,280,1
236,280,1
237,280,1
238,280,5
239,280,1
240,280,4
241,280,1
242,280,3
243,280,5
244,280,1
245,280,3
246,280,1
247,280,1
248,280,3
249,280,1
250,280,1
1,281,1
2,281,1
3,281,3
4,281,5
5,281,5
6,281,1
7,281,3
8,281,5
9,281,5
10,281,4
11,281,1
12,281,1
13,281,1
14,281,1
15,281,1
16,281,5
17,281,3
18,281,5
19,281,1
20,281,5
21,281,1
22,281,4
23,281,3
24,281,5
25,281,4
26,281,4
27,281,5
28,281,5
29,281,3
30,281,3
31,281,5
32,281,5
33,281,5
34,281,1
35,281,3
36,281,3
37,281,5
38,281,1
39,281,4
40,281,3
41,281,5
42,281,5
43,281,1
44,281,1
45,281,5
46,281,4
47,281,5
48,281,1
49,281,3
50,281,5
51,281,5
52,281,5
53,281,3
54,281,4
55,281,1
56,281,3
57,281,1
58,281,3
59,281,3
60,281,1
61,281,1
62,281,4
63,281,5
64,281,3
65,281,1
66,281,1
67,281,4
68,281,1
69,281,1
70,281,5
71,281,1
72,281,3
73,281,3
74,281,4
75,281,1
76,281,3
77,281,3
78,281,5
79,281,1
80,281,1
81,281,5
82,281,3
83,281,5
84,281,5
85,281,1
86,281,1
87,281,3
88,281,1
89,281,1
90,281,3
91,281,1
92,281,3
93,281,1
94,281,5
95,281,5
96,281,5
97,281,1
98,281,4
99,281,1
100,281,5
101,281,3
102,281,1
103,281,5
104,281,4
105,281,1
106,281,1
107,281,1
108,281,1
109,281,1
110,281,1
111,281,5
112,281,5
113,281,5
114,281,5
115,281,3
116,281,4
117,281,5
118,281,3
119,281,1
120,281,1
121,281,1
122,281,5
123,281,1
124,281,5
125,281,4
126,281,3
127,281,5
128,281,1
129,281,3
130,281,4
131,281,1
132,281,3
133,281,5
134,281,1
135,281,3
136,281,1
137,281,1
138,281,5
139,281,1
140,281,4
141,281,4
142,281,4
143,281,3
144,281,1
145,281,1
146,281,5
147,281,1
148,281,5
149,281,5
150,281,1
151,281,1
152,281,1
153,281,4
154,281,1
155,281,3
156,281,1
157,281,3
158,281,4
159,281,4
160,281,4
161,281,3
162,281,1
163,281,1
164,281,5
165,281,3
166,281,4
167,281,1
168,281,5
169,281,1
170,281,1
171,281,1
172,281,4
173,281,1
174,281,3
175,281,1
176,281,5
177,281,1
178,281,1
179,281,1
180,281,1
181,281,5
182,281,1
183,281,4
184,281,1
185,281,5
186,281,1
187,281,4
188,281,1
189,281,1
190,281,1
191,281,5
192,281,3
193,281,1
194,281,4
195,281,1
196,281,4
197,281,1
198,281,3
199,281,1
200,281,4
201,281,1
202,281,5
203,281,1
204,281,4
205,281,5
206,281,5
207,281,1
208,281,1
209,281,1
210,281,3
211,281,5
212,281,3
213,281,1
214,281,1
215,281,1
216,281,1
217,281,4
218,281,1
219,281,1
220,281,3
221,281,4
222,281,1
223,281,1
224,281,5
225,281,3
226,281,1
227,281,1
228,281,4
229,281,1
230,281,1
231,281,5
232,281,3
233,281,5
234,281,3
235,281,1
236,281,1
237,281,1
238,281,4
239,281,1
240,281,4
241,281,3
242,281,1
243,281,5
244,281,3
245,281,1
246,281,1
247,281,1
248,281,1
249,281,1
250,281,1
1,282,3
2,282,1
3,282,3
4,282,4
5,282,5
6,282,3
7,282,3
8,282,5
9,282,4
10,282,5
11,282,3
12,282,1
13,282,3
14,282,1
15,282,1
16,282,5
17,282,3
18,282,5
19,282,3
20,282,4
21,282,1
22,282,5
23,282,1
24,282,4
25,282,5
26,282,4
27,282,4
28,282,4
29,282,1
30,282,3
31,282,4
32,282,5
33,282,5
34,282,1
35,282,1
36,282,3
37,282,5
38,282,3
39,282,5
40,282,3
41,282,5
42,282,5
43,282,1
44,282,3
45,282,4
46,282,5
47,282,5
48,282,1
49,282,3
50,282,4
51,282,5
52,282,4
53,282,3
54,282,5
55,282,1
56,282,3
57,282,1
58,282,3
59,282,1
60,282,1
61,282,1
62,282,4
63,282,5
64,282,3
65,282,1
66,282,1
67,282,5
68,282,3
69,282,1
70,282,5
71,282,1
72,282,1
73,282,1
74,282,4
75,282,1
76,282,3
77,282,3
78,282,5
79,282,1
80,282,3
81,282,4
82,282,3
83,282,4
84,282,4
85,282,1
86,282,3
87,282,1
88,282,1
89,282,1
90,282,3
91,282,1
92,282,3
93,282,1
94,282,4
95,282,5
96,282,5
97,282,1
98,282,4
99,282,1
100,282,4
101,282,3
102,282,1
103,282,4
104,282,5
105,282,1
106,282,1
107,282,1
108,282,1
109,282,3
110,282,3
111,282,5
112,282,5
113,282,5
114,282,4
115,282,3
116,282,5
117,282,5
118,282,3
119,282,3
120,282,1
121,282,1
122,282,5
123,282,1
124,282,4
125,282,5
126,282,3
127,282,4
128,282,1
129,282,3
130,282,5
131,282,1
132,282,3
133,282,5
134,282,1
135,282,1
136,282,1
137,282,1
138,282,5
139,282,3
140,282,5
141,282,5
142,282,5
143,282,1
144,282,1
145,282,1
146,282,5
147,282,1
148,282,5
149,282,5
150,282,1
151,282,1
152,282,1
153,282,5
154,282,1
155,282,3
156,282,1
157,282,3
158,282,4
159,282,4
160,282,5
161,282,3
162,282,1
163,282,3
164,282,5
165,282,3
166,282,4
167,282,1
168,282,4
169,282,1
170,282,1
171,282,1
172,282,5
173,282,1
174,282,3
175,282,1
176,282,5
177,282,1
178,282,1
179,282,1
180,282,3
181,282,4
182,282,1
183,282,4
184,282,3
185,282,5
186,282,1
187,282,5
188,282,1
189,282,1
190,282,3
191,282,5
192,282,3
193,282,3
194,282,4
195,282,1
196,282,5
197,282,1
198,282,3
199,282,1
200,282,4
201,282,1
202,282,4
203,282,1
204,282,5
205,282,4
206,282,5
207,282,1
208,282,1
209,282,1
210,282,3
211,282,5
212,282,3
213,282,3
214,282,3
215,282,1
216,282,3
217,282,4
218,282,1
219,282,1
220,282,3
221,282,5
222,282,1
223,282,3
224,282,5
225,282,1
226,282,1
227,282,1
228,282,4
229,282,1
230,282,1
231,282,5
232,282,1
233,282,5
234,282,3
235,282,1
236,282,1
237,282,1
238,282,5
239,282,1
240,282,5
241,282,1
242,282,3
243,282,4
244,282,3
245,282,3
246,282,1
247,282,1
248,282,3
249,282,1
250,282,1
1,283,3
2,283,1
3,283,1
4,283,5
5,283,4
6,283,1
7,283,3
8,283,4
9,283,5
10,283,4
11,283,3
12,283,1
13,283,1
14,283,1
15,283,1
16,283,5
17,283,3
18,283,5
19,283,3
20,283,5
21,283,3
22,283,5
23,283,3
24,283,4
25,283,4
26,283,4
27,283,5
28,283,5
29,283,3
30,283,3
31,283,4
32,283,5
33,283,5
34,283,1
35,283,3
36,283,1
37,283,5
38,283,3
39,283,4
40,283,3
41,283,5
42,283,5
43,283,1
44,283,3
45,283,4
46,283,5
47,283,5
48,283,1
49,283,1
50,283,4
51,283,5
52,283,4
53,283,3
54,283,5
55,283,1
56,283,3
57,283,3
58,283,3
59,283,1
60,283,3
61,283,3
62,283,4
63,283,5
64,283,1
65,283,1
66,283,1
67,283,5
68,283,3
69,283,1
70,283,5
71,283,1
72,283,1
73,283,1
74,283,5
75,283,1
76,283,1
77,283,1
78,283,5
79,283,1
80,283,1
81,283,5
82,283,3
83,283,5
84,283,5
85,283,1
86,283,1
87,283,3
88,283,1
89,283,1
90,283,3
91,283,1
92,283,1
93,283,1
94,283,4
95,283,4
96,283,5
97,283,1
98,283,4
99,283,1
100,283,5
101,283,1
102,283,3
103,283,4
104,283,4
105,283,1
106,283,3
107,283,1
108,283,1
109,283,3
110,283,1
111,283,4
112,283,4
113,283,5
114,283,4
115,283,1
116,283,5
117,283,4
118,283,3
119,283,1
120,283,3
121,283,1
122,283,4
123,283,1
124,283,5
125,283,4
126,283,1
127,283,5
128,283,1
129,283,3
130,283,5
131,283,1
132,283,3
133,283,4
134,283,1
135,283,3
136,283,1
137,283,3
138,283,4
139,283,3
140,283,4
141,283,5
142,283,5
143,283,3
144,283,1
145,283,3
146,283,5
147,283,1
148,283,4
149,283,4
150,283,3
151,283,1
152,283,1
153,283,5
154,283,1
155,283,3
156,283,1
157,283,3
158,283,4
159,283,5
160,283,5
161,283,3
162,283,1
163,283,3
164,283,4
165,283,3
166,283,4
167,283,1
168,283,5
169,283,1
170,283,1
171,283,1
172,283,4
173,283,1
174,283,1
175,283,1
176,283,5
177,283,1
178,283,1
179,283,1
180,283,1
181,283,5
182,283,1
183,283,5
184,283,1
185,283,4
186,283,1
187,283,5
188,283,3
189,283,1
190,283,3
191,283,5
192,283,1
193,283,3
194,283,4
195,283,1
196,283,5
197,283,1
198,283,1
199,283,1
200,283,4
201,283,1
202,283,5
203,283,1
204,283,4
205,283,5
206,283,5
207,283,1
208,283,1
209,283,1
210,283,1
211,283,4
212,283,3
213,283,1
214,283,1
215,283,1
216,283,1
217,283,5
218,283,1
219,283,1
220,283,1
221,283,5
222,283,1
223,283,1
224,283,5
225,283,3
226,283,1
227,283,1
228,283,4
229,283,1
230,283,1
231,283,5
232,283,1
233,283,5
234,283,1
235,283,1
236,283,1
237,283,1
238,283,4
239,283,1
240,283,4
241,283,1
242,283,3
243,283,4
244,283,1
245,283,1
246,283,3
247,283,1
248,283,1
249,283,1
250,283,1
1,284,1
2,284,1
3,284,1
4,284,5
5,284,5
6,284,3
7,284,3
8,284,4
9,284,5
10,284,5
11,284,3
12,284,1
13,284,1
14,284,1
15,284,3
16,284,5
17,284,3
18,284,5
19,284,1
20,284,5
21,284,1
22,284,4
23,284,3
24,284,5
25,284,5
26,284,4
27,284,5
28,284,5
29,284,1
30,284,3
31,284,5
32,284,5
33,284,4
34,284,1
35,284,1
36,284,1
37,284,5
38,284,1
39,284,5
40,284,3
41,284,5
42,284,5
43,284,1
44,284,3
45,284,5
46,284,4
47,284,5
48,284,1
49,284,1
50,284,5
51,284,5
52,284,4
53,284,1
54,284,5
55,284,1
56,284,3
57,284,1
58,284,3
59,284,1
60,284,3
61,284,3
62,284,4
63,284,4
64,284,1
65,284,1
66,284,1
67,284,4
68,284,3
69,284,1
70,284,5
71,284,1
72,284,3
73,284,1
74,284,4
75,284,1
76,284,3
77,284,3
78,284,4
79,284,1
80,284,3
81,284,5
82,284,1
83,284,5
84,284,5
85,284,1
86,284,3
87,284,1
88,284,1
89,284,1
90,284,1
91,284,1
92,284,1
93,284,1
94,284,4
95,284,5
96,284,5
97,284,1
98,284,4
99,284,1
100,284,5
101,284,1
102,284,3
103,284,5
104,284,5
105,284,3
106,284,3
107,284,1
108,284,1
109,284,3
110,284,3
111,284,5
112,284,4
113,284,5
114,284,4
115,284,1
116,284,4
117,284,5
118,284,3
119,284,1
120,284,3
121,284,1
122,284,5
123,284,1
124,284,4
125,284,5
126,284,1
127,284,4
128,284,1
129,284,3
130,284,4
131,284,1
132,284,1
133,284,5
134,284,1
135,284,1
136,284,1
137,284,3
138,284,4
139,284,3
140,284,5
141,284,5
142,284,4
143,284,3
144,284,1
145,284,3
146,284,5
147,284,1
148,284,4
149,284,4
150,284,3
151,284,1
152,284,1
153,284,5
154,284,1
155,284,3
156,284,1
157,284,1
158,284,5
159,284,5
160,284,4
161,284,3
162,284,1
163,284,1
164,284,4
165,284,3
166,284,5
167,284,1
168,284,5
169,284,1
170,284,1
171,284,1
172,284,5
173,284,1
174,284,3
175,284,1
176,284,5
177,284,1
178,284,1
179,284,1
180,284,1
181,284,5
182,284,1
183,284,4
184,284,3
185,284,4
186,284,1
187,284,5
188,284,1
189,284,1
190,284,1
191,284,5
192,284,1
193,284,3
194,284,5
195,284,1
196,284,5
197,284,1
198,284,3
199,284,1
200,284,5
201,284,1
202,284,5
203,284,1
204,284,5
205,284,4
206,284,5
207,284,1
208,284,1
209,284,1
210,284,3
211,284,4
212,284,1
213,284,3
214,284,1
215,284,1
216,284,3
217,284,4
218,284,1
219,284,1
220,284,3
221,284,5
222,284,1
223,284,1
224,284,5
225,284,1
226,284,1
227,284,1
228,284,4
229,284,1
230,284,1
231,284,5
232,284,1
233,284,5
234,284,1
235,284,1
236,284,1
237,284,1
238,284,5
239,284,1
240,284,4
241,284,1
242,284,3
243,284,4
244,284,3
245,284,1
246,284,3
247,284,1
248,284,3
249,284,1
250,284,1
1,285,5
2,285,1
3,285,5
4,285,5
5,285,1
6,285,5
7,285,4
8,285,3
9,285,3
10,285,4
11,285,4
12,285,3
13,285,5
14,285,1
15,285,4
16,285,4
17,285,4
18,285,4
19,285,5
20,285,3
21,285,5
22,285,3
23,285,4
24,285,3
25,285,4
26,285,3
27,285,3
28,285,1
29,285,5
30,285,5
31,285,1
32,285,3
33,285,3
34,285,3
35,285,5
36,285,4
37,285,1
38,285,5
39,285,4
40,285,4
41,285,3
42,285,3
43,285,1
44,285,5
45,285,1
46,285,1
47,285,5
48,285,1
49,285,4
50,285,3
51,285,1
52,285,3
53,285,4
54,285,1
55,285,1
56,285,5
57,285,4
58,285,4
59,285,4
60,285,5
61,285,5
62,285,3
63,285,3
64,285,4
65,285,1
66,285,1
67,285,1
68,285,5
69,285,4
70,285,1
71,285,1
72,285,5
73,285,5
74,285,1
75,285,1
76,285,5
77,285,4
78,285,3
79,285,3
80,285,5
81,285,1
82,285,5
83,285,1
84,285,3
85,285,1
86,285,4
87,285,5
88,285,3
89,285,1
90,285,5
91,285,1
92,285,4
93,285,1
94,285,1
95,285,3
96,285,1
97,285,3
98,285,1
99,285,3
100,285,1
101,285,5
102,285,5
103,285,3
104,285,3
105,285,4
106,285,5
107,285,1
108,285,1
109,285,5
110,285,4
111,285,3
112,285,4
113,285,3
114,285,5
115,285,5
116,285,5
117,285,1
118,285,5
119,285,4
120,285,4
121,285,3
122,285,1
123,285,1
124,285,4
125,285,4
126,285,4
127,285,1
128,285,3
129,285,5
130,285,4
131,285,3
132,285,5
133,285,3
134,285,1
135,285,4
136,285,5
137,285,5
138,285,1
139,285,5
140,285,3
141,285,1
142,285,4
143,285,4
144,285,1
145,285,5
146,285,5
147,285,3
148,285,3
149,285,3
150,285,5
151,285,4
152,285,1
153,285,4
154,285,1
155,285,5
156,285,3
157,285,4
158,285,3
159,285,4
160,285,3
161,285,5
162,285,3
163,285,5
164,285,3
165,285,5
166,285,4
167,285,1
168,285,1
169,285,1
170,285,3
171,285,3
172,285,1
173,285,1
174,285,4
175,285,1
176,285,4
177,285,1
178,285,4
179,285,1
180,285,5
181,285,4
182,285,1
183,285,3
184,285,5
185,285,3
186,285,1
187,285,4
188,285,4
189,285,1
190,285,4
191,285,1
192,285,4
193,285,5
194,285,4
195,285,3
196,285,3
197,285,3
198,285,4
199,285,1
200,285,1
201,285,3
202,285,3
203,285,3
204,285,1
205,285,4
206,285,1
207,285,1
208,285,3
209,285,1
210,285,5
211,285,3
212,285,4
213,285,4
214,285,4
215,285,1
216,285,4
217,285,1
218,285,1
219,285,3
220,285,4
221,285,4
222,285,1
223,285,5
224,285,3
225,285,5
226,285,1
227,285,1
228,285,1
229,285,3
230,285,3
231,285,3
232,285,4
233,285,3
234,285,5
235,285,3
236,285,1
237,285,3
238,285,1
239,285,3
240,285,3
241,285,5
242,285,4
243,285,3
244,285,4
245,285,5
246,285,4
247,285,3
248,285,5
249,285,1
250,285,1
1,286,3
2,286,1
3,286,3
4,286,5
5,286,5
6,286,3
7,286,3
8,286,5
9,286,5
10,286,5
11,286,3
12,286,1
13,286,3
14,286,1
15,286,3
16,286,5
17,286,3
18,286,4
19,286,1
20,286,4
21,286,3
22,286,4
23,286,3
24,286,4
25,286,4
26,286,5
27,286,5
28,286,5
29,286,1
30,286,3
31,286,4
32,286,5
33,286,5
34,286,1
35,286,3
36,286,3
37,286,4
38,286,3
39,286,5
40,286,1
41,286,5
42,286,4
43,286,1
44,286,3
45,286,5
46,286,5
47,286,5
48,286,1
49,286,3
50,286,5
51,286,5
52,286,5
53,286,1
54,286,4
55,286,1
56,286,1
57,286,3
58,286,3
59,286,1
60,286,1
61,286,3
62,286,4
63,286,5
64,286,1
65,286,1
66,286,1
67,286,4
68,286,1
69,286,3
70,286,5
71,286,1
72,286,3
73,286,3
74,286,5
75,286,1
76,286,3
77,286,3
78,286,5
79,286,1
80,286,1
81,286,5
82,286,3
83,286,4
84,286,5
85,286,1
86,286,3
87,286,3
88,286,1
89,286,1
90,286,1
91,286,1
92,286,3
93,286,1
94,286,5
95,286,4
96,286,4
97,286,1
98,286,5
99,286,1
100,286,5
101,286,1
102,286,1
103,286,5
104,286,4
105,286,3
106,286,3
107,286,1
108,286,1
109,286,3
110,286,3
111,286,5
112,286,5
113,286,4
114,286,5
115,286,3
116,286,5
117,286,4
118,286,3
119,286,3
120,286,1
121,286,1
122,286,5
123,286,1
124,286,5
125,286,4
126,286,1
127,286,4
128,286,1
129,286,1
130,286,4
131,286,1
132,286,3
133,286,5
134,286,1
135,286,3
136,286,1
137,286,3
138,286,4
139,286,3
140,286,4
141,286,5
142,286,5
143,286,3
144,286,1
145,286,3
146,286,5
147,286,1
148,286,4
149,286,5
150,286,1
151,286,3
152,286,1
153,286,4
154,286,1
155,286,1
156,286,1
157,286,1
158,286,4
159,286,4
160,286,5
161,286,1
162,286,1
163,286,3
164,286,4
165,286,3
166,286,5
167,286,1
168,286,5
169,286,1
170,286,1
171,286,1
172,286,4
173,286,1
174,286,3
175,286,1
176,286,4
177,286,1
178,286,1
179,286,1
180,286,3
181,286,5
182,286,1
183,286,5
184,286,3
185,286,5
186,286,1
187,286,5
188,286,3
189,286,1
190,286,3
191,286,5
192,286,3
193,286,3
194,286,5
195,286,1
196,286,4
197,286,1
198,286,1
199,286,1
200,286,5
201,286,1
202,286,5
203,286,1
204,286,5
205,286,5
206,286,4
207,286,1
208,286,1
209,286,1
210,286,1
211,286,4
212,286,1
213,286,3
214,286,1
215,286,1
216,286,1
217,286,5
218,286,1
219,286,1
220,286,3
221,286,4
222,286,1
223,286,3
224,286,4
225,286,1
226,286,1
227,286,1
228,286,5
229,286,1
230,286,1
231,286,5
232,286,1
233,286,5
234,286,1
235,286,1
236,286,1
237,286,1
238,286,4
239,286,1
240,286,4
241,286,1
242,286,3
243,286,5
244,286,1
245,286,3
246,286,1
247,286,1
248,286,3
249,286,1
250,286,1
1,287,3
2,287,1
3,287,3
4,287,5
5,287,5
6,287,1
7,287,1
8,287,5
9,287,5
10,287,5
11,287,1
12,287,1
13,287,3
14,287,1
15,287,3
16,287,5
17,287,1
18,287,5
19,287,3
20,287,4
21,287,3
22,287,5
23,287,1
24,287,5
25,287,4
26,287,5
27,287,4
28,287,4
29,287,3
30,287,1
31,287,5
32,287,5
33,287,5
34,287,1
35,287,1
36,287,1
37,287,4
38,287,3
39,287,5
40,287,1
41,287,5
42,287,4
43,287,1
44,287,1
45,287,5
46,287,5
47,287,4
48,287,1
49,287,3
50,287,4
51,287,5
52,287,5
53,287,3
54,287,4
55,287,1
56,287,1
57,287,3
58,287,1
59,287,1
60,287,1
61,287,1
62,287,4
63,287,5
64,287,3
65,287,1
66,287,1
67,287,5
68,287,1
69,287,3
70,287,5
71,287,1
72,287,1
73,287,3
74,287,4
75,287,1
76,287,1
77,287,1
78,287,5
79,287,1
80,287,3
81,287,4
82,287,1
83,287,4
84,287,5
85,287,1
86,287,3
87,287,3
88,287,1
89,287,1
90,287,3
91,287,1
92,287,3
93,287,1
94,287,5
95,287,5
96,287,5
97,287,1
98,287,5
99,287,1
100,287,5
101,287,3
102,287,1
103,287,4
104,287,4
105,287,1
106,287,3
107,287,1
108,287,1
109,287,1
110,287,3
111,287,5
112,287,5
113,287,4
114,287,4
115,287,3
116,287,5
117,287,5
118,287,3
119,287,3
120,287,1
121,287,1
122,287,4
123,287,1
124,287,4
125,287,4
126,287,1
127,287,4
128,287,1
129,287,3
130,287,4
131,287,1
132,287,1
133,287,4
134,287,1
135,287,3
136,287,1
137,287,3
138,287,5
139,287,3
140,287,4
141,287,4
142,287,4
143,287,1
144,287,1
145,287,1
146,287,5
147,287,1
148,287,5
149,287,5
150,287,1
151,287,3
152,287,1
153,287,5
154,287,1
155,287,3
156,287,1
157,287,1
158,287,5
159,287,5
160,287,4
161,287,3
162,287,1
163,287,3
164,287,5
165,287,1
166,287,5
167,287,1
168,287,5
169,287,1
170,287,1
171,287,1
172,287,5
173,287,1
174,287,3
175,287,1
176,287,4
177,287,1
178,287,3
179,287,1
180,287,3
181,287,4
182,287,1
183,287,4
184,287,1
185,287,4
186,287,1
187,287,4
188,287,1
189,287,1
190,287,1
191,287,5
192,287,1
193,287,1
194,287,4
195,287,1
196,287,4
197,287,1
198,287,1
199,287,1
200,287,4
201,287,1
202,287,4
203,287,1
204,287,5
205,287,4
206,287,5
207,287,1
208,287,1
209,287,1
210,287,1
211,287,5
212,287,3
213,287,1
214,287,1
215,287,1
216,287,1
217,287,5
218,287,1
219,287,1
220,287,3
221,287,5
222,287,1
223,287,3
224,287,4
225,287,3
226,287,1
227,287,1
228,287,4
229,287,1
230,287,1
231,287,5
232,287,3
233,287,4
234,287,1
235,287,1
236,287,1
237,287,1
238,287,5
239,287,1
240,287,4
241,287,1
242,287,3
243,287,4
244,287,1
245,287,1
246,287,3
247,287,1
248,287,3
249,287,1
250,287,1
1,288,3
2,288,1
3,288,3
4,288,5
5,288,4
6,288,1
7,288,1
8,288,5
9,288,5
10,288,5
11,288,1
12,288,1
13,288,3
14,288,1
15,288,1
16,288,4
17,288,3
18,288,5
19,288,3
20,288,5
21,288,3
22,288,4
23,288,3
24,288,4
25,288,5
26,288,5
27,288,4
28,288,5
29,288,3
30,288,1
31,288,4
32,288,5
33,288,5
34,288,1
35,288,1
36,288,3
37,288,4
38,288,3
39,288,5
40,288,3
41,288,4
42,288,5
43,288,1
44,288,3
45,288,5
46,288,4
47,288,5
48,288,1
49,288,1
50,288,5
51,288,5
52,288,5
53,288,1
54,288,4
55,288,1
56,288,3
57,288,3
58,288,3
59,288,3
60,288,3
61,288,3
62,288,4
63,288,4
64,288,3
65,288,1
66,288,1
67,288,5
68,288,1
69,288,3
70,288,5
71,288,1
72,288,3
73,288,3
74,288,5
75,288,1
76,288,3
77,288,1
78,288,5
79,288,1
80,288,3
81,288,4
82,288,1
83,288,5
84,288,5
85,288,1
86,288,1
87,288,1
88,288,1
89,288,1
90,288,3
91,288,1
92,288,3
93,288,1
94,288,5
95,288,4
96,288,5
97,288,1
98,288,5
99,288,1
100,288,4
101,288,1
102,288,1
103,288,5
104,288,4
105,288,3
106,288,1
107,288,1
108,288,1
109,288,3
110,288,3
111,288,5
112,288,4
113,288,5
114,288,5
115,288,3
116,288,4
117,288,4
118,288,3
119,288,3
120,288,3
121,288,1
122,288,4
123,288,1
124,288,5
125,288,5
126,288,3
127,288,5
128,288,1
129,288,1
130,288,4
131,288,1
132,288,1
133,288,5
134,288,1
135,288,3
136,288,3
137,288,3
138,288,5
139,288,1
140,288,4
141,288,4
142,288,4
143,288,3
144,288,1
145,288,1
146,288,4
147,288,1
148,288,5
149,288,5
150,288,1
151,288,1
152,288,1
153,288,4
154,288,1
155,288,3
156,288,1
157,288,3
158,288,5
159,288,5
160,288,5
161,288,3
162,288,1
163,288,1
164,288,4
165,288,3
166,288,5
167,288,1
168,288,5
169,288,1
170,288,1
171,288,1
172,288,5
173,288,1
174,288,1
175,288,1
176,288,4
177,288,1
178,288,1
179,288,1
180,288,3
181,288,5
182,288,1
183,288,4
184,288,3
185,288,5
186,288,1
187,288,4
188,288,1
189,288,1
190,288,1
191,288,5
192,288,1
193,288,1
194,288,4
195,288,1
196,288,5
197,288,1
198,288,3
199,288,1
200,288,4
201,288,1
202,288,5
203,288,1
204,288,5
205,288,5
206,288,5
207,288,1
208,288,1
209,288,1
210,288,1
211,288,4
212,288,1
213,288,3
214,288,3
215,288,1
216,288,1
217,288,4
218,288,1
219,288,1
220,288,3
221,288,4
222,288,1
223,288,3
224,288,4
225,288,1
226,288,1
227,288,1
228,288,4
229,288,1
230,288,1
231,288,4
232,288,3
233,288,5
234,288,3
235,288,1
236,288,1
237,288,1
238,288,4
239,288,1
240,288,4
241,288,3
242,288,1
243,288,4
244,288,3
245,288,1
246,288,1
247,288,1
248,288,1
249,288,1
250,288,1
1,289,5
2,289,3
3,289,4
4,289,3
5,289,1
6,289,5
7,289,4
8,289,1
9,289,1
10,289,3
11,289,5
12,289,1
13,289,5
14,289,1
15,289,5
16,289,3
17,289,5
18,289,4
19,289,4
20,289,3
21,289,5
22,289,4
23,289,5
24,289,3
25,289,4
26,289,3
27,289,3
28,289,3
29,289,5
30,289,5
31,289,1
32,289,3
33,289,3
34,289,3
35,289,4
36,289,4
37,289,3
38,289,5
39,289,4
40,289,4
41,289,3
42,289,1
43,289,1
44,289,4
45,289,3
46,289,1
47,289,1
48,289,1
49,289,4
50,289,1
51,289,4
52,289,5
53,289,5
54,289,1
55,289,3
56,289,5
57,289,4
58,289,5
59,289,4
60,289,5
61,289,5
62,289,3
63,289,1
64,289,4
65,289,3
66,289,1
67,289,3
68,289,4
69,289,5
70,289,3
71,289,1
72,289,4
73,289,5
74,289,1
75,289,1
76,289,4
77,289,4
78,289,1
79,289,3
80,289,4
81,289,3
82,289,5
83,289,1
84,289,1
85,289,1
86,289,4
87,289,5
88,289,3
89,289,3
90,289,4
91,289,1
92,289,5
93,289,1
94,289,3
95,289,4
96,289,4
97,289,1
98,289,4
99,289,1
100,289,5
101,289,4
102,289,4
103,289,3
104,289,4
105,289,5
106,289,4
107,289,3
108,289,3
109,289,4
110,289,5
111,289,1
112,289,3
113,289,4
114,289,1
115,289,4
116,289,1
117,289,1
118,289,5
119,289,5
120,289,5
121,289,1
122,289,4
123,289,1
124,289,3
125,289,1
126,289,4
127,289,4
128,289,1
129,289,5
130,289,1
131,289,3
132,289,4
133,289,3
134,289,1
135,289,5
136,289,5
137,289,4
138,289,3
139,289,5
140,289,4
141,289,3
142,289,3
143,289,5
144,289,3
145,289,5
146,289,3
147,289,1
148,289,4
149,289,3
150,289,4
151,289,4
152,289,1
153,289,3
154,289,3
155,289,5
156,289,3
157,289,4
158,289,4
159,289,4
160,289,4
161,289,4
162,289,1
163,289,4
164,289,1
165,289,5
166,289,3
167,289,3
168,289,3
169,289,3
170,289,3
171,289,3
172,289,5
173,289,3
174,289,5
175,289,3
176,289,3
177,289,1
178,289,4
179,289,3
180,289,4
181,289,3
182,289,3
183,289,5
184,289,5
185,289,3
186,289,3
187,289,3
188,289,5
189,289,3
190,289,4
191,289,3
192,289,5
193,289,4
194,289,1
195,289,3
196,289,3
197,289,1
198,289,5
199,289,1
200,289,3
201,289,3
202,289,4
203,289,3
204,289,1
205,289,1
206,289,1
207,289,1
208,289,1
209,289,1
210,289,5
211,289,4
212,289,4
213,289,4
214,289,5
215,289,3
216,289,5
217,289,4
218,289,1
219,289,3
220,289,4
221,289,3
222,289,1
223,289,5
224,289,3
225,289,4
226,289,3
227,289,3
228,289,1
229,289,3
230,289,3
231,289,4
232,289,4
233,289,1
234,289,5
235,289,1
236,289,1
237,289,3
238,289,1
239,289,3
240,289,5
241,289,5
242,289,4
243,289,1
244,289,5
245,289,5
246,289,4
247,289,1
248,289,5
249,289,3
250,289,1
1,290,5
2,290,3
3,290,4
4,290,4
5,290,3
6,290,5
7,290,5
8,290,3
9,290,1
10,290,1
11,290,4
12,290,3
13,290,4
14,290,1
15,290,4
16,290,3
17,290,5
18,290,3
19,290,4
20,290,1
21,290,5
22,290,3
23,290,5
24,290,4
25,290,1
26,290,3
27,290,3
28,290,1
29,290,5
30,290,5
31,290,3
32,290,1
33,290,5
34,290,3
35,290,4
36,290,4
37,290,3
38,290,5
39,290,3
40,290,5
41,290,4
42,290,1
43,290,3
44,290,4
45,290,4
46,290,3
47,290,1
48,290,3
49,290,5
50,290,3
51,290,5
52,290,3
53,290,5
54,290,3
55,290,1
56,290,4
57,290,4
58,290,5
59,290,4
60,290,5
61,290,5
62,290,1
63,290,4
64,290,4
65,290,3
66,290,1
67,290,1
68,290,5
69,290,5
70,290,4
71,290,1
72,290,5
73,290,5
74,290,4
75,290,1
76,290,5
77,290,4
78,290,1
79,290,1
80,290,5
81,290,4
82,290,4
83,290,1
84,290,4
85,290,3
86,290,5
87,290,4
88,290,1
89,290,1
90,290,5
91,290,3
92,290,5
93,290,1
94,290,3
95,290,3
96,290,1
97,290,1
98,290,3
99,290,3
100,290,1
101,290,4
102,290,4
103,290,1
104,290,1
105,290,5
106,290,5
107,290,1
108,290,1
109,290,5
110,290,4
111,290,1
112,290,1
113,290,3
114,290,4
115,290,4
116,290,4
117,290,4
118,290,4
119,290,5
120,290,4
121,290,3
122,290,4
123,290,1
124,290,1
125,290,1
126,290,5
127,290,1
128,290,3
129,290,4
130,290,3
131,290,3
132,290,5
133,290,3
134,290,3
135,290,5
136,290,5
137,290,4
138,290,4
139,290,4
140,290,5
141,290,3
142,290,1
143,290,5
144,290,3
145,290,5
146,290,4
147,290,1
148,290,1
149,290,3
150,290,5
151,290,4
152,290,1
153,290,3
154,290,3
155,290,5
156,290,1
157,290,4
158,290,3
159,290,3
160,290,3
161,290,5
162,290,3
163,290,4
164,290,3
165,290,5
166,290,3
167,290,1
168,290,1
169,290,3
170,290,1
171,290,1
172,290,1
173,290,1
174,290,4
175,290,3
176,290,3
177,290,3
178,290,5
179,290,1
180,290,5
181,290,1
182,290,3
183,290,1
184,290,5
185,290,1
186,290,1
187,290,1
188,290,4
189,290,1
190,290,4
191,290,4
192,290,5
193,290,5
194,290,1
195,290,1
196,290,1
197,290,1
198,290,5
199,290,3
200,290,5
201,290,1
202,290,4
203,290,3
204,290,1
205,290,1
206,290,1
207,290,1
208,290,3
209,290,3
210,290,4
211,290,5
212,290,4
213,290,5
214,290,5
215,290,3
216,290,5
217,290,1
218,290,1
219,290,1
220,290,4
221,290,4
222,290,1
223,290,5
224,290,3
225,290,5
226,290,3
227,290,1
228,290,3
229,290,3
230,290,1
231,290,1
232,290,4
233,290,3
234,290,4
235,290,1
236,290,1
237,290,1
238,290,4
239,290,3
240,290,4
241,290,5
242,290,5
243,290,5
244,290,4
245,290,4
246,290,5
247,290,1
248,290,4
249,290,1
250,290,1
1,291,5
2,291,1
3,291,4
4,291,1
5,291,4
6,291,5
7,291,5
8,291,4
9,291,1
10,291,3
11,291,5
12,291,1
13,291,5
14,291,1
15,291,4
16,291,4
17,291,5
18,291,1
19,291,5
20,291,3
21,291,4
22,291,4
23,291,5
24,291,3
25,291,3
26,291,4
27,291,4
28,291,3
29,291,4
30,291,5
31,291,1
32,291,4
33,291,1
34,291,1
35,291,5
36,291,5
37,291,3
38,291,5
39,291,1
40,291,5
41,291,3
42,291,3
43,291,1
44,291,4
45,291,1
46,291,4
47,291,3
48,291,1
49,291,4
50,291,1
51,291,3
52,291,3
53,291,5
54,291,4
55,291,3
56,291,5
57,291,4
58,291,5
59,291,5
60,291,5
61,291,5
62,291,1
63,291,1
64,291,5
65,291,1
66,291,3
67,291,4
68,291,4
69,291,5
70,291,5
71,291,3
72,291,5
73,291,4
74,291,3
75,291,3
76,291,5
77,291,5
78,291,4
79,291,3
80,291,4
81,291,3
82,291,4
83,291,4
84,291,3
85,291,1
86,291,4
87,291,5
88,291,1
89,291,3
90,291,5
91,291,3
92,291,4
93,291,1
94,291,3
95,291,3
96,291,4
97,291,1
98,291,3
99,291,3
100,291,3
101,291,5
102,291,4
103,291,4
104,291,1
105,291,5
106,291,5
107,291,3
108,291,1
109,291,4
110,291,5
111,291,1
112,291,1
113,291,1
114,291,1
115,291,5
116,291,1
117,291,3
118,291,5
119,291,5
120,291,4
121,291,3
122,291,4
123,291,1
124,291,4
125,291,4
126,291,5
127,291,3
128,291,3
129,291,5
130,291,4
131,291,1
132,291,4
133,291,3
134,291,3
135,291,4
136,291,4
137,291,4
138,291,1
139,291,4
140,291,4
141,291,3
142,291,3
143,291,5
144,291,3
145,291,5
146,291,1
147,291,1
148,291,3
149,291,4
150,291,5
151,291,4
152,291,1
153,291,4
154,291,1
155,291,4
156,291,1
157,291,4
158,291,1
159,291,3
160,291,1
161,291,5
162,291,1
163,291,4
164,291,3
165,291,4
166,291,1
167,291,3
168,291,3
169,291,1
170,291,1
171,291,1
172,291,1
173,291,1
174,291,4
175,291,3
176,291,3
177,291,3
178,291,5
179,291,3
180,291,4
181,291,3
182,291,3
183,291,3
184,291,5
185,291,1
186,291,3
187,291,1
188,291,4
189,291,1
190,291,5
191,291,4
192,291,5
193,291,4
194,291,3
195,291,1
196,291,3
197,291,1
198,291,5
199,291,1
200,291,4
201,291,3
202,291,1
203,291,3
204,291,1
205,291,1
206,291,1
207,291,1
208,291,1
209,291,3
210,291,5
211,291,1
212,291,4
213,291,4
214,291,4
215,291,1
216,291,5
217,291,1
218,291,1
219,291,3
220,291,4
221,291,3
222,291,1
223,291,4
224,291,1
225,291,5
226,291,3
227,291,3
228,291,1
229,291,1
230,291,1
231,291,3
232,291,5
233,291,3
234,291,5
235,291,3
236,291,3
237,291,3
238,291,4
239,291,3
240,291,1
241,291,5
242,291,5
243,291,3
244,291,4
245,291,5
246,291,5
247,291,3
248,291,5
249,291,1
250,291,1
1,292,5
2,292,1
3,292,5
4,292,1
5,292,4
6,292,4
7,292,4
8,292,1
9,292,3
10,292,4
11,292,4
12,292,1
13,292,4
14,292,3
15,292,5
16,292,1
17,292,5
18,292,1
19,292,5
20,292,4
21,292,5
22,292,3
23,292,4
24,292,3
25,292,3
26,292,4
27,292,4
28,292,1
29,292,5
30,292,4
31,292,3
32,292,1
33,292,4
34,292,1
35,292,5
36,292,5
37,292,3
38,292,5
39,292,3
40,292,5
41,292,3
42,292,1
43,292,3
44,292,5
45,292,3
46,292,1
47,292,5
48,292,1
49,292,5
50,292,3
51,292,3
52,292,1
53,292,4
54,292,1
55,292,1
56,292,4
57,292,5
58,292,5
59,292,4
60,292,4
61,292,5
62,292,3
63,292,1
64,292,4
65,292,3
66,292,3
67,292,3
68,292,5
69,292,4
70,292,4
71,292,3
72,292,5
73,292,5
74,292,1
75,292,3
76,292,5
77,292,4
78,292,5
79,292,1
80,292,4
81,292,3
82,292,5
83,292,4
84,292,3
85,292,3
86,292,5
87,292,5
88,292,1
89,292,3
90,292,5
91,292,3
92,292,5
93,292,3
94,292,3
95,292,3
96,292,3
97,292,1
98,292,1
99,292,1
100,292,3
101,292,4
102,292,5
103,292,4
104,292,1
105,292,5
106,292,5
107,292,1
108,292,3
109,292,5
110,292,4
111,292,1
112,292,3
113,292,1
114,292,3
115,292,5
116,292,5
117,292,4
118,292,5
119,292,5
120,292,4
121,292,1
122,292,1
123,292,3
124,292,3
125,292,3
126,292,5
127,292,1
128,292,1
129,292,5
130,292,3
131,292,3
132,292,5
133,292,1
134,292,1
135,292,4
136,292,5
137,292,5
138,292,4
139,292,5
140,292,3
141,292,4
142,292,3
143,292,4
144,292,3
145,292,5
146,292,1
147,292,3
148,292,5
149,292,4
150,292,5
151,292,5
152,292,1
153,292,3
154,292,1
155,292,5
156,292,1
157,292,4
158,292,3
159,292,3
160,292,3
161,292,4
162,292,1
163,292,5
164,292,3
165,292,5
166,292,4
167,292,1
168,292,1
169,292,3
170,292,1
171,292,3
172,292,1
173,292,3
174,292,5
175,292,1
176,292,4
177,292,1
178,292,4
179,292,1
180,292,5
181,292,4
182,292,1
183,292,3
184,292,5
185,292,1
186,292,3
187,292,4
188,292,5
189,292,3
190,292,5
191,292,1
192,292,4
193,292,5
194,292,3
195,292,1
196,292,1
197,292,3
198,292,5
199,292,1
200,292,4
201,292,3
202,292,4
203,292,1
204,292,4
205,292,3
206,292,1
207,292,3
208,292,3
209,292,3
210,292,4
211,292,5
212,292,4
213,292,4
214,292,5
215,292,3
216,292,5
217,292,3
218,292,1
219,292,3
220,292,5
221,292,3
222,292,1
223,292,4
224,292,4
225,292,4
226,292,1
227,292,1
228,292,1
229,292,3
230,292,1
231,292,1
232,292,5
233,292,4
234,292,5
235,292,1
236,292,3
237,292,3
238,292,1
239,292,3
240,292,3
241,292,4
242,292,5
243,292,3
244,292,4
245,292,5
246,292,4
247,292,3
248,292,4
249,292,1
250,292,1
1,293,4
2,293,1
3,293,5
4,293,4
5,293,4
6,293,4
7,293,4
8,293,3
9,293,3
10,293,4
11,293,4
12,293,3
13,293,4
14,293,1
15,293,4
16,293,3
17,293,5
18,293,4
19,293,5
20,293,3
21,293,5
22,293,1
23,293,4
24,293,3
25,293,1
26,293,3
27,293,4
28,293,4
29,293,5
30,293,5
31,293,4
32,293,1
33,293,4
34,293,3
35,293,5
36,293,5
37,293,1
38,293,5
39,293,3
40,293,4
41,293,1
42,293,3
43,293,3
44,293,5
45,293,4
46,293,1
47,293,3
48,293,3
49,293,5
50,293,3
51,293,4
52,293,1
53,293,4
54,293,4
55,293,1
56,293,4
57,293,5
58,293,5
59,293,4
60,293,5
61,293,5
62,293,4
63,293,3
64,293,5
65,293,1
66,293,3
67,293,1
68,293,5
69,293,5
70,293,3
71,293,1
72,293,4
73,293,4
74,293,3
75,293,1
76,293,5
77,293,4
78,293,1
79,293,3
80,293,5
81,293,1
82,293,4
83,293,3
84,293,4
85,293,3
86,293,5
87,293,4
88,293,3
89,293,1
90,293,4
91,293,3
92,293,5
93,293,1
94,293,5
95,293,1
96,293,1
97,293,1
98,293,5
99,293,3
100,293,1
101,293,4
102,293,4
103,293,1
104,293,1
105,293,5
106,293,4
107,293,1
108,293,3
109,293,5
110,293,5
111,293,5
112,293,3
113,293,3
114,293,1
115,293,4
116,293,3
117,293,4
118,293,5
119,293,4
120,293,5
121,293,3
122,293,4
123,293,3
124,293,1
125,293,4
126,293,4
127,293,1
128,293,1
129,293,5
130,293,1
131,293,1
132,293,5
133,293,4
134,293,3
135,293,4
136,293,5
137,293,5
138,293,3
139,293,5
140,293,4
141,293,1
142,293,4
143,293,5
144,293,1
145,293,5
146,293,3
147,293,3
148,293,1
149,293,1
150,293,4
151,293,5
152,293,1
153,293,3
154,293,3
155,293,4
156,293,3
157,293,4
158,293,1
159,293,3
160,293,1
161,293,5
162,293,1
163,293,4
164,293,3
165,293,4
166,293,4
167,293,1
168,293,4
169,293,3
170,293,1
171,293,3
172,293,1
173,293,3
174,293,5
175,293,1
176,293,3
177,293,3
178,293,4
179,293,3
180,293,4
181,293,4
182,293,1
183,293,3
184,293,4
185,293,1
186,293,3
187,293,3
188,293,4
189,293,3
190,293,4
191,293,3
192,293,5
193,293,4
194,293,3
195,293,3
196,293,3
197,293,3
198,293,5
199,293,3
200,293,1
201,293,3
202,293,4
203,293,3
204,293,5
205,293,3
206,293,3
207,293,1
208,293,1
209,293,3
210,293,5
211,293,4
212,293,5
213,293,5
214,293,4
215,293,1
216,293,5
217,293,4
218,293,3
219,293,1
220,293,4
221,293,4
222,293,1
223,293,5
224,293,4
225,293,5
226,293,3
227,293,3
228,293,1
229,293,3
230,293,1
231,293,1
232,293,4
233,293,3
234,293,5
235,293,1
236,293,3
237,293,1
238,293,4
239,293,1
240,293,3
241,293,4
242,293,4
243,293,3
244,293,5
245,293,5
246,293,5
247,293,1
248,293,4
249,293,1
250,293,3
1,294,5
2,294,3
3,294,4
4,294,3
5,294,4
6,294,4
7,294,4
8,294,4
9,294,1
10,294,4
11,294,4
12,294,3
13,294,4
14,294,1
15,294,5
16,294,1
17,294,5
18,294,3
19,294,5
20,294,3
21,294,5
22,294,3
23,294,4
24,294,1
25,294,3
26,294,1
27,294,4
28,294,3
29,294,5
30,294,5
31,294,4
32,294,4
33,294,3
34,294,1
35,294,4
36,294,5
37,294,3
38,294,4
39,294,1
40,294,5
41,294,1
42,294,3
43,294,1
44,294,5
45,294,4
46,294,4
47,294,3
48,294,3
49,294,4
50,294,5
51,294,4
52,294,1
53,294,5
54,294,1
55,294,3
56,294,5
57,294,5
58,294,5
59,294,5
60,294,5
61,294,5
62,294,4
63,294,3
64,294,4
65,294,1
66,294,1
67,294,3
68,294,5
69,294,5
70,294,1
71,294,1
72,294,5
73,294,4
74,294,3
75,294,1
76,294,5
77,294,5
78,294,1
79,294,1
80,294,4
81,294,5
82,294,5
83,294,1
84,294,3
85,294,3
86,294,5
87,294,4
88,294,1
89,294,3
90,294,4
91,294,1
92,294,5
93,294,3
94,294,4
95,294,4
96,294,3
97,294,1
98,294,1
99,294,1
100,294,1
101,294,5
102,294,5
103,294,1
104,294,3
105,294,5
106,294,5
107,294,1
108,294,1
109,294,5
110,294,4
111,294,1
112,294,3
113,294,3
114,294,4
115,294,5
116,294,1
117,294,4
118,294,4
119,294,5
120,294,5
121,294,3
122,294,4
123,294,1
124,294,1
125,294,3
126,294,5
127,294,3
128,294,1
129,294,5
130,294,4
131,294,3
132,294,4
133,294,3
134,294,1
135,294,4
136,294,5
137,294,4
138,294,1
139,294,5
140,294,3
141,294,1
142,294,3
143,294,5
144,294,1
145,294,4
146,294,3
147,294,1
148,294,3
149,294,3
150,294,4
151,294,5
152,294,3
153,294,4
154,294,3
155,294,4
156,294,3
157,294,4
158,294,4
159,294,3
160,294,1
161,294,5
162,294,1
163,294,5
164,294,1
165,294,4
166,294,3
167,294,1
168,294,1
169,294,3
170,294,3
171,294,1
172,294,4
173,294,3
174,294,5
175,294,3
176,294,1
177,294,1
178,294,5
179,294,1
180,294,4
181,294,4
182,294,1
183,294,3
184,294,4
185,294,4
186,294,3
187,294,3
188,294,5
189,294,1
190,294,5
191,294,1
192,294,4
193,294,4
194,294,4
195,294,1
196,294,4
197,294,1
198,294,4
199,294,1
200,294,1
201,294,3
202,294,3
203,294,1
204,294,4
205,294,1
206,294,1
207,294,3
208,294,1
209,294,3
210,294,4
211,294,5
212,294,5
213,294,5
214,294,4
215,294,1
216,294,5
217,294,1
218,294,3
219,294,1
220,294,5
221,294,1
222,294,3
223,294,4
224,294,4
225,294,4
226,294,3
227,294,3
228,294,3
229,294,3
230,294,1
231,294,4
232,294,5
233,294,4
234,294,5
235,294,1
236,294,3
237,294,1
238,294,1
239,294,3
240,294,5
241,294,4
242,294,4
243,294,4
244,294,4
245,294,5
246,294,4
247,294,1
248,294,5
249,294,3
250,294,1
1,295,4
2,295,3
3,295,5
4,295,1
5,295,3
6,295,4
7,295,4
8,295,4
9,295,3
10,295,4
11,295,5
12,295,3
13,295,5
14,295,1
15,295,4
16,295,4
17,295,5
18,295,4
19,295,4
20,295,4
21,295,4
22,295,1
23,295,5
24,295,4
25,295,4
26,295,5
27,295,4
28,295,4
29,295,4
30,295,4
31,295,1
32,295,3
33,295,3
34,295,3
35,295,4
36,295,4
37,295,1
38,295,4
39,295,4
40,295,5
41,295,1
42,295,1
43,295,1
44,295,5
45,295,3
46,295,4
47,295,3
48,295,3
49,295,5
50,295,3
51,295,1
52,295,4
53,295,4
54,295,3
55,295,1
56,295,4
57,295,5
58,295,4
59,295,4
60,295,5
61,295,5
62,295,3
63,295,5
64,295,4
65,295,3
66,295,3
67,295,5
68,295,5
69,295,4
70,295,3
71,295,3
72,295,4
73,295,4
74,295,3
75,295,1
76,295,5
77,295,5
78,295,4
79,295,3
80,295,5
81,295,3
82,295,4
83,295,1
84,295,1
85,295,3
86,295,4
87,295,5
88,295,1
89,295,3
90,295,5
91,295,1
92,295,4
93,295,1
94,295,4
95,295,4
96,295,4
97,295,3
98,295,1
99,295,3
100,295,3
101,295,5
102,295,4
103,295,3
104,295,5
105,295,4
106,295,5
107,295,1
108,295,1
109,295,4
110,295,4
111,295,3
112,295,3
113,295,1
114,295,3
115,295,5
116,295,1
117,295,3
118,295,5
119,295,5
120,295,4
121,295,1
122,295,3
123,295,3
124,295,1
125,295,1
126,295,4
127,295,3
128,295,3
129,295,5
130,295,3
131,295,1
132,295,5
133,295,1
134,295,3
135,295,4
136,295,5
137,295,5
138,295,1
139,295,4
140,295,1
141,295,3
142,295,3
143,295,5
144,295,1
145,295,5
146,295,4
147,295,3
148,295,1
149,295,3
150,295,5
151,295,5
152,295,1
153,295,1
154,295,1
155,295,5
156,295,3
157,295,5
158,295,1
159,295,1
160,295,4
161,295,4
162,295,3
163,295,5
164,295,3
165,295,5
166,295,1
167,295,1
168,295,4
169,295,3
170,295,3
171,295,1
172,295,3
173,295,1
174,295,5
175,295,3
176,295,3
177,295,3
178,295,4
179,295,3
180,295,4
181,295,5
182,295,3
183,295,3
184,295,5
185,295,3
186,295,3
187,295,1
188,295,4
189,295,1
190,295,5
191,295,3
192,295,4
193,295,4
194,295,3
195,295,1
196,295,1
197,295,1
198,295,4
199,295,1
200,295,4
201,295,1
202,295,1
203,295,3
204,295,1
205,295,3
206,295,4
207,295,3
208,295,1
209,295,1
210,295,5
211,295,3
212,295,5
213,295,5
214,295,5
215,295,1
216,295,4
217,295,4
218,295,3
219,295,3
220,295,5
221,295,1
222,295,3
223,295,5
224,295,3
225,295,4
226,295,1
227,295,1
228,295,1
229,295,3
230,295,1
231,295,1
232,295,4
233,295,1
234,295,5
235,295,3
236,295,1
237,295,1
238,295,3
239,295,1
240,295,1
241,295,4
242,295,4
243,295,1
244,295,5
245,295,4
246,295,5
247,295,3
248,295,5
249,295,3
250,295,3
1,296,4
2,296,3
3,296,5
4,296,1
5,296,3
6,296,4
7,296,4
8,296,4
9,296,3
10,296,4
11,296,4
12,296,1
13,296,5
14,296,1
15,296,4
16,296,4
17,296,4
18,296,4
19,296,4
20,296,4
21,296,5
22,296,3
23,296,5
24,296,3
25,296,1
26,296,4
27,296,3
28,296,4
29,296,5
30,296,5
31,296,1
32,296,4
33,296,4
34,296,3
35,296,5
36,296,5
37,296,3
38,296,4
39,296,3
40,296,5
41,296,4
42,296,1
43,296,3
44,296,5
45,296,3
46,296,3
47,296,1
48,296,3
49,296,4
50,296,1
51,296,4
52,296,3
53,296,4
54,296,4
55,296,1
56,296,5
57,296,5
58,296,5
59,296,5
60,296,4
61,296,4
62,296,3
63,296,4
64,296,5
65,296,3
66,296,1
67,296,1
68,296,5
69,296,4
70,296,4
71,296,1
72,296,4
73,296,4
74,296,1
75,296,1
76,296,5
77,296,4
78,296,3
79,296,1
80,296,4
81,296,3
82,296,4
83,296,1
84,296,4
85,296,1
86,296,5
87,296,5
88,296,3
89,296,1
90,296,5
91,296,3
92,296,5
93,296,3
94,296,1
95,296,4
96,296,3
97,296,1
98,296,4
99,296,3
100,296,1
101,296,5
102,296,5
103,296,4
104,296,1
105,296,5
106,296,4
107,296,1
108,296,1
109,296,5
110,296,5
111,296,1
112,296,3
113,296,4
114,296,3
115,296,4
116,296,4
117,296,3
118,296,4
119,296,4
120,296,5
121,296,3
122,296,1
123,296,3
124,296,4
125,296,4
126,296,5
127,296,3
128,296,1
129,296,5
130,296,3
131,296,1
132,296,5
133,296,5
134,296,1
135,296,4
136,296,5
137,296,4
138,296,1
139,296,5
140,296,4
141,296,3
142,296,4
143,296,4
144,296,3
145,296,5
146,296,1
147,296,3
148,296,4
149,296,1
150,296,4
151,296,5
152,296,1
153,296,4
154,296,3
155,296,5
156,296,3
157,296,4
158,296,1
159,296,1
160,296,1
161,296,4
162,296,1
163,296,5
164,296,4
165,296,5
166,296,4
167,296,3
168,296,3
169,296,1
170,296,1
171,296,3
172,296,4
173,296,1
174,296,5
175,296,1
176,296,4
177,296,1
178,296,4
179,296,1
180,296,4
181,296,1
182,296,1
183,296,1
184,296,5
185,296,3
186,296,3
187,296,4
188,296,5
189,296,1
190,296,5
191,296,1
192,296,5
193,296,4
194,296,1
195,296,3
196,296,1
197,296,1
198,296,4
199,296,1
200,296,4
201,296,3
202,296,3
203,296,3
204,296,3
205,296,3
206,296,1
207,296,1
208,296,1
209,296,1
210,296,5
211,296,3
212,296,5
213,296,4
214,296,5
215,296,3
216,296,4
217,296,4
218,296,3
219,296,1
220,296,5
221,296,3
222,296,3
223,296,5
224,296,1
225,296,5
226,296,3
227,296,3
228,296,3
229,296,1
230,296,3
231,296,3
232,296,4
233,296,4
234,296,5
235,296,1
236,296,1
237,296,3
238,296,4
239,296,1
240,296,1
241,296,5
242,296,4
243,296,1
244,296,5
245,296,5
246,296,4
247,296,3
248,296,5
249,296,1
250,296,3
1,297,5
2,297,3
3,297,5
4,297,4
5,297,1
6,297,4
7,297,5
8,297,1
9,297,1
10,297,1
11,297,4
12,297,3
13,297,5
14,297,1
15,297,5
16,297,1
17,297,4
18,297,4
19,297,4
20,297,1
21,297,5
22,297,4
23,297,4
24,297,3
25,297,3
26,297,3
27,297,3
28,297,1
29,297,5
30,297,4
31,297,3
32,297,4
33,297,1
34,297,1
35,297,5
36,297,4
37,297,4
38,297,5
39,297,1
40,297,5
41,297,4
42,297,3
43,297,1
44,297,4
45,297,4
46,297,3
47,297,3
48,297,3
49,297,5
50,297,4
51,297,4
52,297,4
53,297,5
54,297,4
55,297,1
56,297,5
57,297,5
58,297,5
59,297,5
60,297,4
61,297,5
62,297,1
63,297,4
64,297,4
65,297,3
66,297,3
67,297,1
68,297,4
69,297,4
70,297,3
71,297,3
72,297,5
73,297,4
74,297,1
75,297,1
76,297,4
77,297,5
78,297,3
79,297,3
80,297,5
81,297,5
82,297,5
83,297,1
84,297,4
85,297,1
86,297,4
87,297,5
88,297,3
89,297,1
90,297,5
91,297,1
92,297,4
93,297,3
94,297,5
95,297,3
96,297,5
97,297,3
98,297,4
99,297,3
100,297,1
101,297,4
102,297,5
103,297,1
104,297,3
105,297,5
106,297,5
107,297,3
108,297,3
109,297,5
110,297,5
111,297,4
112,297,3
113,297,4
114,297,1
115,297,5
116,297,1
117,297,4
118,297,5
119,297,4
120,297,4
121,297,1
122,297,1
123,297,1
124,297,4
125,297,1
126,297,5
127,297,4
128,297,3
129,297,4
130,297,1
131,297,3
132,297,4
133,297,1
134,297,1
135,297,4
136,297,4
137,297,5
138,297,1
139,297,4
140,297,1
141,297,3
142,297,3
143,297,5
144,297,3
145,297,5
146,297,1
147,297,3
148,297,1
149,297,5
150,297,5
151,297,5
152,297,1
153,297,1
154,297,3
155,297,4
156,297,1
157,297,4
158,297,3
159,297,1
160,297,1
161,297,4
162,297,1
163,297,5
164,297,1
165,297,4
166,297,1
167,297,3
168,297,1
169,297,3
170,297,1
171,297,3
172,297,1
173,297,3
174,297,4
175,297,3
176,297,3
177,297,1
178,297,4
179,297,1
180,297,4
181,297,3
182,297,3
183,297,3
184,297,4
185,297,5
186,297,1
187,297,3
188,297,5
189,297,1
190,297,5
191,297,1
192,297,4
193,297,4
194,297,4
195,297,3
196,297,3
197,297,1
198,297,5
199,297,3
200,297,3
201,297,3
202,297,1
203,297,3
204,297,4
205,297,4
206,297,1
207,297,3
208,297,3
209,297,1
210,297,5
211,297,3
212,297,4
213,297,4
214,297,4
215,297,1
216,297,5
217,297,1
218,297,3
219,297,3
220,297,4
221,297,4
222,297,3
223,297,5
224,297,5
225,297,5
226,297,3
227,297,3
228,297,3
229,297,3
230,297,3
231,297,1
232,297,4
233,297,3
234,297,4
235,297,3
236,297,1
237,297,3
238,297,3
239,297,1
240,297,4
241,297,5
242,297,5
243,297,1
244,297,4
245,297,5
246,297,4
247,297,1
248,297,4
249,297,1
250,297,3
1,298,3
2,298,1
3,298,3
4,298,4
5,298,4
6,298,1
7,298,1
8,298,5
9,298,5
10,298,5
11,298,1
12,298,1
13,298,3
14,298,1
15,298,1
16,298,5
17,298,1
18,298,4
19,298,1
20,298,5
21,298,3
22,298,5
23,298,3
24,298,5
25,298,4
26,298,4
27,298,5
28,298,4
29,298,3
30,298,1
31,298,4
32,298,5
33,298,5
34,298,1
35,298,3
36,298,1
37,298,5
38,298,1
39,298,5
40,298,3
41,298,4
42,298,5
43,298,1
44,298,3
45,298,4
46,298,5
47,298,4
48,298,1
49,298,1
50,298,5
51,298,5
52,298,4
53,298,1
54,298,4
55,298,1
56,298,1
57,298,3
58,298,1
59,298,1
60,298,3
61,298,3
62,298,5
63,298,4
64,298,3
65,298,1
66,298,1
67,298,5
68,298,3
69,298,3
70,298,5
71,298,1
72,298,3
73,298,3
74,298,4
75,298,1
76,298,3
77,298,3
78,298,5
79,298,1
80,298,1
81,298,5
82,298,3
83,298,5
84,298,5
85,298,1
86,298,3
87,298,1
88,298,1
89,298,1
90,298,1
91,298,1
92,298,1
93,298,1
94,298,4
95,298,5
96,298,5
97,298,1
98,298,5
99,298,1
100,298,5
101,298,1
102,298,1
103,298,5
104,298,4
105,298,3
106,298,1
107,298,1
108,298,1
109,298,1
110,298,3
111,298,4
112,298,5
113,298,5
114,298,5
115,298,1
116,298,4
117,298,5
118,298,1
119,298,3
120,298,1
121,298,1
122,298,5
123,298,1
124,298,5
125,298,5
126,298,3
127,298,5
128,298,1
129,298,1
130,298,4
131,298,1
132,298,3
133,298,4
134,298,1
135,298,1
136,298,1
137,298,1
138,298,5
139,298,1
140,298,4
141,298,5
142,298,5
143,298,1
144,298,1
145,298,3
146,298,5
147,298,1
148,298,5
149,298,4
150,298,1
151,298,1
152,298,1
153,298,5
154,298,1
155,298,3
156,298,1
157,298,1
158,298,5
159,298,4
160,298,5
161,298,3
162,298,1
163,298,3
164,298,4
165,298,1
166,298,4
167,298,1
168,298,5
169,298,1
170,298,1
171,298,1
172,298,5
173,298,1
174,298,3
175,298,1
176,298,4
177,298,1
178,298,3
179,298,1
180,298,3
181,298,4
182,298,1
183,298,5
184,298,1
185,298,4
186,298,1
187,298,5
188,298,1
189,298,1
190,298,1
191,298,5
192,298,1
193,298,1
194,298,4
195,298,1
196,298,4
197,298,1
198,298,3
199,298,1
200,298,5
201,298,1
202,298,5
203,298,1
204,298,4
205,298,5
206,298,5
207,298,1
208,298,1
209,298,1
210,298,3
211,298,4
212,298,1
213,298,3
214,298,1
215,298,1
216,298,3
217,298,4
218,298,1
219,298,1
220,298,3
221,298,5
222,298,1
223,298,3
224,298,4
225,298,1
226,298,1
227,298,1
228,298,5
229,298,1
230,298,1
231,298,5
232,298,3
233,298,4
234,298,3
235,298,1
236,298,1
237,298,1
238,298,4
239,298,1
240,298,5
241,298,3
242,298,1
243,298,5
244,298,1
245,298,1
246,298,3
247,298,1
248,298,3
249,298,1
250,298,1
1,299,1
2,299,1
3,299,1
4,299,5
5,299,5
6,299,3
7,299,1
8,299,4
9,299,5
10,299,4
11,299,1
12,299,1
13,299,1
14,299,1
15,299,3
16,299,4
17,299,1
18,299,5
19,299,1
20,299,4
21,299,1
22,299,4
23,299,1
24,299,5
25,299,4
26,299,5
27,299,5
28,299,4
29,299,3
30,299,3
31,299,4
32,299,4
33,299,5
34,299,1
35,299,3
36,299,3
37,299,4
38,299,3
39,299,5
40,299,1
41,299,5
42,299,4
43,299,1
44,299,3
45,299,5
46,299,4
47,299,5
48,299,1
49,299,1
50,299,4
51,299,5
52,299,5
53,299,3
54,299,5
55,299,1
56,299,3
57,299,1
58,299,1
59,299,1
60,299,3
61,299,3
62,299,4
63,299,5
64,299,3
65,299,1
66,299,1
67,299,5
68,299,1
69,299,1
70,299,4
71,299,1
72,299,1
73,299,1
74,299,4
75,299,1
76,299,1
77,299,1
78,299,5
79,299,1
80,299,3
81,299,5
82,299,3
83,299,5
84,299,5
85,299,1
86,299,1
87,299,3
88,299,1
89,299,1
90,299,1
91,299,1
92,299,3
93,299,1
94,299,4
95,299,4
96,299,5
97,299,1
98,299,5
99,299,1
100,299,5
101,299,1
102,299,3
103,299,5
104,299,5
105,299,3
106,299,1
107,299,1
108,299,1
109,299,1
110,299,1
111,299,4
112,299,5
113,299,5
114,299,5
115,299,1
116,299,5
117,299,4
118,299,3
119,299,3
120,299,3
121,299,1
122,299,4
123,299,1
124,299,4
125,299,5
126,299,1
127,299,5
128,299,1
129,299,3
130,299,4
131,299,1
132,299,3
133,299,4
134,299,1
135,299,1
136,299,1
137,299,3
138,299,5
139,299,1
140,299,5
141,299,4
142,299,4
143,299,3
144,299,1
145,299,1
146,299,5
147,299,1
148,299,5
149,299,4
150,299,1
151,299,3
152,299,1
153,299,5
154,299,1
155,299,3
156,299,1
157,299,1
158,299,4
159,299,5
160,299,4
161,299,3
162,299,1
163,299,3
164,299,5
165,299,1
166,299,5
167,299,1
168,299,5
169,299,1
170,299,1
171,299,1
172,299,4
173,299,1
174,299,1
175,299,1
176,299,4
177,299,1
178,299,3
179,299,1
180,299,1
181,299,5
182,299,1
183,299,4
184,299,1
185,299,5
186,299,1
187,299,4
188,299,1
189,299,1
190,299,1
191,299,5
192,299,1
193,299,1
194,299,5
195,299,1
196,299,5
197,299,1
198,299,1
199,299,1
200,299,5
201,299,1
202,299,5
203,299,1
204,299,5
205,299,4
206,299,4
207,299,1
208,299,1
209,299,1
210,299,3
211,299,5
212,299,3
213,299,1
214,299,3
215,299,1
216,299,3
217,299,5
218,299,1
219,299,1
220,299,3
221,299,4
222,299,1
223,299,1
224,299,5
225,299,3
226,299,1
227,299,1
228,299,4
229,299,1
230,299,1
231,299,5
232,299,1
233,299,5
234,299,1
235,299,1
236,299,1
237,299,1
238,299,4
239,299,1
240,299,4
241,299,3
242,299,1
243,299,5
244,299,1
245,299,3
246,299,3
247,299,1
248,299,1
249,299,1
250,299,1
1,300,3
2,300,1
3,300,3
4,300,5
5,300,5
6,300,1
7,300,3
8,300,5
9,300,4
10,300,4
11,300,1
12,300,1
13,300,3
14,300,1
15,300,3
16,300,5
17,300,1
18,300,5
19,300,1
20,300,5
21,300,1
22,300,4
23,300,3
24,300,4
25,300,4
26,300,4
27,300,4
28,300,5
29,300,3
30,300,3
31,300,5
32,300,4
33,300,5
34,300,1
35,300,3
36,300,3
37,300,5
38,300,1
39,300,4
40,300,3
41,300,5
42,300,4
43,300,1
44,300,1
45,300,5
46,300,5
47,300,4
48,300,1
49,300,3
50,300,4
51,300,4
52,300,5
53,300,1
54,300,4
55,300,1
56,300,1
57,300,3
58,300,3
59,300,1
60,300,3
61,300,1
62,300,5
63,300,5
64,300,1
65,300,1
66,300,1
67,300,5
68,300,1
69,300,3
70,300,4
71,300,1
72,300,3
73,300,1
74,300,5
75,300,1
76,300,3
77,300,3
78,300,5
79,300,1
80,300,1
81,300,5
82,300,1
83,300,5
84,300,5
85,300,1
86,300,3
87,300,3
88,300,1
89,300,1
90,300,3
91,300,1
92,300,3
93,300,1
94,300,5
95,300,5
96,300,5
97,300,1
98,300,4
99,300,1
100,300,5
101,300,3
102,300,3
103,300,5
104,300,5
105,300,1
106,300,1
107,300,1
108,300,1
109,300,3
110,300,1
111,300,5
112,300,5
113,300,5
114,300,5
115,300,3
116,300,5
117,300,5
118,300,1
119,300,1
120,300,1
121,300,1
122,300,5
123,300,1
124,300,5
125,300,4
126,300,3
127,300,4
128,300,1
129,300,3
130,300,5
131,300,1
132,300,1
133,300,5
134,300,1
135,300,3
136,300,1
137,300,3
138,300,4
139,300,1
140,300,5
141,300,4
142,300,4
143,300,1
144,300,1
145,300,1
146,300,5
147,300,1
148,300,4
149,300,5
150,300,3
151,300,1
152,300,1
153,300,4
154,300,1
155,300,3
156,300,1
157,300,3
158,300,4
159,300,5
160,300,4
161,300,1
162,300,1
163,300,1
164,300,5
165,300,1
166,300,4
167,300,1
168,300,4
169,300,1
170,300,1
171,300,1
172,300,5
173,300,1
174,300,3
175,300,1
176,300,4
177,300,1
178,300,1
179,300,1
180,300,1
181,300,5
182,300,1
183,300,4
184,300,3
185,300,5
186,300,1
187,300,5
188,300,1
189,300,1
190,300,3
191,300,5
192,300,1
193,300,1
194,300,4
195,300,1
196,300,5
197,300,1
198,300,1
199,300,1
200,300,4
201,300,1
202,300,4
203,300,1
204,300,5
205,300,4
206,300,5
207,300,1
208,300,1
209,300,1
210,300,3
211,300,5
212,300,3
213,300,1
214,300,1
215,300,1
216,300,3
217,300,5
218,300,1
219,300,1
220,300,3
221,300,5
222,300,1
223,300,3
224,300,4
225,300,3
226,300,1
227,300,1
228,300,4
229,300,1
230,300,1
231,300,5
232,300,1
233,300,5
234,300,3
235,300,1
236,300,1
237,300,1
238,300,5
239,300,1
240,300,4
241,300,1
242,300,3
243,300,5
244,300,1
245,300,1
246,300,1
247,300,1
248,300,3
249,300,1
250,300,1
1,301,5
2,301,1
3,301,4
4,301,4
5,301,4
6,301,4
7,301,4
8,301,3
9,301,1
10,301,3
11,301,4
12,301,1
13,301,5
14,301,3
15,301,5
16,301,3
17,301,5
18,301,3
19,301,5
20,301,1
21,301,5
22,301,5
23,301,4
24,301,1
25,301,1
26,301,1
27,301,4
28,301,5
29,301,4
30,301,4
31,301,3
32,301,1
33,301,1
34,301,1
35,301,5
36,301,5
37,301,5
38,301,5
39,301,4
40,301,5
41,301,3
42,301,1
43,301,3
44,301,4
45,301,1
46,301,3
47,301,3
48,301,3
49,301,5
50,301,4
51,301,3
52,301,1
53,301,5
54,301,3
55,301,1
56,301,5
57,301,4
58,301,4
59,301,5
60,301,4
61,301,4
62,301,3
63,301,4
64,301,4
65,301,3
66,301,3
67,301,4
68,301,5
69,301,5
70,301,3
71,301,1
72,301,5
73,301,5
74,301,1
75,301,3
76,301,5
77,301,4
78,301,4
79,301,3
80,301,4
81,301,3
82,301,5
83,301,3
84,301,1
85,301,3
86,301,5
87,301,4
88,301,3
89,301,3
90,301,4
91,301,3
92,301,4
93,301,1
94,301,4
95,301,1
96,301,4
97,301,3
98,301,1
99,301,1
100,301,4
101,301,4
102,301,5
103,301,1
104,301,4
105,301,4
106,301,5
107,301,1
108,301,1
109,301,5
110,301,4
111,301,1
112,301,1
113,301,4
114,301,1
115,301,4
116,301,4
117,301,4
118,301,4
119,301,5
120,301,5
121,301,1
122,301,1
123,301,3
124,301,3
125,301,3
126,301,5
127,301,1
128,301,3
129,301,5
130,301,4
131,301,1
132,301,4
133,301,1
134,301,1
135,301,4
136,301,5
137,301,5
138,301,1
139,301,5
140,301,4
141,301,3
142,301,3
143,301,4
144,301,3
145,301,4
146,301,3
147,301,1
148,301,5
149,301,4
150,301,5
151,301,5
152,301,3
153,301,4
154,301,3
155,301,5
156,301,1
157,301,4
158,301,3
159,301,4
160,301,4
161,301,5
162,301,3
163,301,5
164,301,1
165,301,4
166,301,4
167,301,1
168,301,1
169,301,1
170,301,3
171,301,3
172,301,3
173,301,3
174,301,5
175,301,1
176,301,3
177,301,3
178,301,4
179,301,1
180,301,5
181,301,3
182,301,3
183,301,3
184,301,5
185,301,1
186,301,1
187,301,3
188,301,4
189,301,3
190,301,5
191,301,4
192,301,5
193,301,5
194,301,1
195,301,1
196,301,3
197,301,1
198,301,5
199,301,3
200,301,3
201,301,3
202,301,3
203,301,3
204,301,1
205,301,4
206,301,4
207,301,1
208,301,3
209,301,3
210,301,5
211,301,1
212,301,5
213,301,5
214,301,4
215,301,3
216,301,4
217,301,4
218,301,3
219,301,1
220,301,5
221,301,1
222,301,3
223,301,4
224,301,4
225,301,5
226,301,1
227,301,1
228,301,3
229,301,3
230,301,1
231,301,1
232,301,5
233,301,4
234,301,4
235,301,3
236,301,1
237,301,3
238,301,1
239,301,3
240,301,4
241,301,5
242,301,4
243,301,3
244,301,5
245,301,5
246,301,4
247,301,3
248,301,5
249,301,3
250,301,3
1,302,3
2,302,1
3,302,3
4,302,5
5,302,5
6,302,3
7,302,1
8,302,5
9,302,5
10,302,4
11,302,3
12,302,1
13,302,3
14,302,1
15,302,1
16,302,4
17,302,1
18,302,5
19,302,1
20,302,5
21,302,3
22,302,5
23,302,3
24,302,5
25,302,5
26,302,5
27,302,4
28,302,5
29,302,3
30,302,3
31,302,5
32,302,4
33,302,5
34,302,1
35,302,1
36,302,3
37,302,4
38,302,3
39,302,5
40,302,3
41,302,5
42,302,5
43,302,1
44,302,1
45,302,4
46,302,4
47,302,5
48,302,1
49,302,1
50,302,4
51,302,4
52,302,5
53,302,3
54,302,5
55,302,1
56,302,3
57,302,1
58,302,3
59,302,3
60,302,3
61,302,1
62,302,5
63,302,5
64,302,1
65,302,1
66,302,1
67,302,4
68,302,3
69,302,1
70,302,4
71,302,1
72,302,3
73,302,1
74,302,5
75,302,1
76,302,3
77,302,1
78,302,4
79,302,1
80,302,3
81,302,5
82,302,1
83,302,5
84,302,4
85,302,1
86,302,3
87,302,3
88,302,1
89,302,1
90,302,1
91,302,1
92,302,3
93,302,1
94,302,4
95,302,4
96,302,4
97,302,1
98,302,5
99,302,1
100,302,5
101,302,3
102,302,1
103,302,4
104,302,4
105,302,3
106,302,3
107,302,1
108,302,1
109,302,1
110,302,3
111,302,4
112,302,5
113,302,4
114,302,5
115,302,3
116,302,4
117,302,4
118,302,1
119,302,3
120,302,1
121,302,1
122,302,4
123,302,1
124,302,4
125,302,4
126,302,1
127,302,5
128,302,1
129,302,3
130,302,5
131,302,1
132,302,3
133,302,5
134,302,1
135,302,1
136,302,3
137,302,3
138,302,5
139,302,1
140,302,5
141,302,4
142,302,5
143,302,3
144,302,1
145,302,3
146,302,5
147,302,1
148,302,4
149,302,4
150,302,3
151,302,3
152,302,1
153,302,5
154,302,1
155,302,1
156,302,1
157,302,1
158,302,5
159,302,5
160,302,5
161,302,3
162,302,1
163,302,1
164,302,4
165,302,1
166,302,4
167,302,1
168,302,4
169,302,1
170,302,1
171,302,1
172,302,4
173,302,1
174,302,3
175,302,1
176,302,4
177,302,1
178,302,1
179,302,1
180,302,1
181,302,5
182,302,1
183,302,5
184,302,1
185,302,4
186,302,1
187,302,5
188,302,1
189,302,1
190,302,3
191,302,5
192,302,3
193,302,1
194,302,4
195,302,1
196,302,5
197,302,1
198,302,3
199,302,1
200,302,5
201,302,1
202,302,5
203,302,1
204,302,5
205,302,5
206,302,4
207,302,1
208,302,1
209,302,1
210,302,3
211,302,4
212,302,3
213,302,1
214,302,3
215,302,1
216,302,3
217,302,4
218,302,1
219,302,1
220,302,1
221,302,5
222,302,1
223,302,3
224,302,4
225,302,1
226,302,1
227,302,1
228,302,4
229,302,1
230,302,1
231,302,5
232,302,1
233,302,5
234,302,1
235,302,1
236,302,1
237,302,1
238,302,4
239,302,1
240,302,4
241,302,1
242,302,3
243,302,4
244,302,3
245,302,3
246,302,3
247,302,1
248,302,1
249,302,1
250,302,1
1,303,1
2,303,1
3,303,1
4,303,4
5,303,5
6,303,1
7,303,3
8,303,5
9,303,5
10,303,4
11,303,3
12,303,1
13,303,1
14,303,1
15,303,1
16,303,5
17,303,3
18,303,5
19,303,1
20,303,4
21,303,1
22,303,4
23,303,1
24,303,5
25,303,5
26,303,4
27,303,5
28,303,4
29,303,3
30,303,3
31,303,5
32,303,5
33,303,4
34,303,1
35,303,1
36,303,1
37,303,5
38,303,3
39,303,4
40,303,1
41,303,4
42,303,5
43,303,1
44,303,1
45,303,5
46,303,4
47,303,5
48,303,1
49,303,1
50,303,4
51,303,5
52,303,4
53,303,1
54,303,4
55,303,1
56,303,1
57,303,1
58,303,1
59,303,3
60,303,1
61,303,1
62,303,5
63,303,5
64,303,3
65,303,1
66,303,1
67,303,5
68,303,1
69,303,1
70,303,4
71,303,1
72,303,3
73,303,1
74,303,4
75,303,1
76,303,3
77,303,3
78,303,4
79,303,1
80,303,3
81,303,5
82,303,1
83,303,4
84,303,5
85,303,1
86,303,3
87,303,3
88,303,1
89,303,1
90,303,1
91,303,1
92,303,3
93,303,1
94,303,5
95,303,5
96,303,4
97,303,1
98,303,5
99,303,1
100,303,5
101,303,1
102,303,3
103,303,5
104,303,5
105,303,1
106,303,1
107,303,1
108,303,1
109,303,1
110,303,1
111,303,5
112,303,4
113,303,5
114,303,5
115,303,3
116,303,5
117,303,4
118,303,1
119,303,1
120,303,1
121,303,1
122,303,5
123,303,1
124,303,4
125,303,5
126,303,3
127,303,4
128,303,1
129,303,1
130,303,5
131,303,1
132,303,3
133,303,5
134,303,1
135,303,1
136,303,3
137,303,1
138,303,4
139,303,3
140,303,5
141,303,4
142,303,5
143,303,3
144,303,1
145,303,3
146,303,4
147,303,1
148,303,4
149,303,5
150,303,3
151,303,1
152,303,1
153,303,5
154,303,1
155,303,3
156,303,1
157,303,1
158,303,4
159,303,5
160,303,5
161,303,1
162,303,1
163,303,1
164,303,4
165,303,3
166,303,5
167,303,1
168,303,4
169,303,1
170,303,1
171,303,1
172,303,4
173,303,1
174,303,1
175,303,1
176,303,5
177,303,1
178,303,3
179,303,1
180,303,3
181,303,5
182,303,1
183,303,5
184,303,1
185,303,4
186,303,1
187,303,5
188,303,1
189,303,1
190,303,1
191,303,4
192,303,1
193,303,1
194,303,4
195,303,1
196,303,4
197,303,1
198,303,1
199,303,1
200,303,5
201,303,1
202,303,5
203,303,1
204,303,5
205,303,5
206,303,5
207,303,1
208,303,1
209,303,1
210,303,1
211,303,5
212,303,3
213,303,1
214,303,3
215,303,1
216,303,1
217,303,5
218,303,1
219,303,1
220,303,3
221,303,4
222,303,1
223,303,1
224,303,4
225,303,3
226,303,1
227,303,1
228,303,5
229,303,1
230,303,1
231,303,5
232,303,1
233,303,5
234,303,3
235,303,1
236,303,1
237,303,1
238,303,4
239,303,1
240,303,5
241,303,3
242,303,3
243,303,5
244,303,3
245,303,3
246,303,1
247,303,1
248,303,3
249,303,1
250,303,1
1,304,1
2,304,1
3,304,3
4,304,5
5,304,5
6,304,3
7,304,3
8,304,5
9,304,5
10,304,4
11,304,1
12,304,1
13,304,1
14,304,1
15,304,3
16,304,5
17,304,3
18,304,5
19,304,3
20,304,4
21,304,1
22,304,5
23,304,1
24,304,5
25,304,5
26,304,5
27,304,5
28,304,5
29,304,1
30,304,1
31,304,4
32,304,5
33,304,5
34,304,1
35,304,3
36,304,1
37,304,4
38,304,1
39,304,5
40,304,3
41,304,5
42,304,4
43,304,1
44,304,3
45,304,4
46,304,5
47,304,5
48,304,1
49,304,1
50,304,5
51,304,5
52,304,5
53,304,3
54,304,5
55,304,1
56,304,3
57,304,1
58,304,1
59,304,3
60,304,1
61,304,3
62,304,5
63,304,4
64,304,3
65,304,1
66,304,1
67,304,4
68,304,1
69,304,3
70,304,4
71,304,1
72,304,1
73,304,3
74,304,5
75,304,1
76,304,3
77,304,3
78,304,4
79,304,1
80,304,3
81,304,4
82,304,1
83,304,4
84,304,4
85,304,1
86,304,3
87,304,3
88,304,1
89,304,1
90,304,1
91,304,1
92,304,3
93,304,1
94,304,5
95,304,5
96,304,4
97,304,1
98,304,5
99,304,1
100,304,4
101,304,1
102,304,3
103,304,5
104,304,4
105,304,3
106,304,3
107,304,1
108,304,1
109,304,3
110,304,1
111,304,5
112,304,4
113,304,5
114,304,5
115,304,3
116,304,5
117,304,5
118,304,1
119,304,1
120,304,1
121,304,1
122,304,5
123,304,1
124,304,4
125,304,5
126,304,1
127,304,4
128,304,1
129,304,1
130,304,4
131,304,1
132,304,1
133,304,5
134,304,1
135,304,3
136,304,3
137,304,3
138,304,4
139,304,1
140,304,5
141,304,5
142,304,4
143,304,1
144,304,1
145,304,1
146,304,4
147,304,1
148,304,5
149,304,5
150,304,1
151,304,1
152,304,1
153,304,4
154,304,1
155,304,3
156,304,1
157,304,3
158,304,5
159,304,5
160,304,4
161,304,1
162,304,1
163,304,1
164,304,5
165,304,1
166,304,5
167,304,1
168,304,5
169,304,1
170,304,1
171,304,1
172,304,5
173,304,1
174,304,3
175,304,1
176,304,5
177,304,1
178,304,1
179,304,1
180,304,3
181,304,5
182,304,1
183,304,5
184,304,3
185,304,5
186,304,1
187,304,5
188,304,3
189,304,1
190,304,1
191,304,4
192,304,3
193,304,1
194,304,5
195,304,1
196,304,4
197,304,1
198,304,3
199,304,1
200,304,5
201,304,1
202,304,5
203,304,1
204,304,5
205,304,5
206,304,4
207,304,1
208,304,1
209,304,1
210,304,3
211,304,4
212,304,1
213,304,1
214,304,3
215,304,1
216,304,1
217,304,4
218,304,1
219,304,1
220,304,3
221,304,4
222,304,1
223,304,1
224,304,4
225,304,1
226,304,1
227,304,1
228,304,5
229,304,1
230,304,1
231,304,4
232,304,1
233,304,5
234,304,3
235,304,1
236,304,1
237,304,1
238,304,5
239,304,1
240,304,5
241,304,3
242,304,3
243,304,5
244,304,3
245,304,1
246,304,1
247,304,1
248,304,1
249,304,1
250,304,1
1,305,3
2,305,1
3,305,1
4,305,5
5,305,4
6,305,1
7,305,1
8,305,5
9,305,5
10,305,5
11,305,1
12,305,1
13,305,1
14,305,1
15,305,1
16,305,4
17,305,3
18,305,5
19,305,3
20,305,5
21,305,3
22,305,5
23,305,1
24,305,5
25,305,4
26,305,4
27,305,5
28,305,5
29,305,1
30,305,3
31,305,4
32,305,5
33,305,5
34,305,1
35,305,1
36,305,3
37,305,4
38,305,3
39,305,4
40,305,1
41,305,4
42,305,5
43,305,1
44,305,1
45,305,4
46,305,4
47,305,4
48,305,1
49,305,1
50,305,5
51,305,5
52,305,4
53,305,1
54,305,4
55,305,1
56,305,3
57,305,1
58,305,3
59,305,3
60,305,1
61,305,3
62,305,4
63,305,5
64,305,1
65,305,1
66,305,1
67,305,5
68,305,3
69,305,3
70,305,5
71,305,1
72,305,1
73,305,3
74,305,4
75,305,1
76,305,3
77,305,3
78,305,5
79,305,1
80,305,1
81,305,4
82,305,1
83,305,5
84,305,4
85,305,1
86,305,3
87,305,3
88,305,1
89,305,1
90,305,3
91,305,1
92,305,3
93,305,1
94,305,5
95,305,5
96,305,5
97,305,1
98,305,4
99,305,1
100,305,5
101,305,3
102,305,1
103,305,4
104,305,4
105,305,1
106,305,3
107,305,1
108,305,1
109,305,1
110,305,3
111,305,5
112,305,4
113,305,5
114,305,5
115,305,3
116,305,5
117,305,5
118,305,3
119,305,1
120,305,3
121,305,1
122,305,5
123,305,1
124,305,5
125,305,5
126,305,3
127,305,5
128,305,1
129,305,1
130,305,4
131,305,1
132,305,1
133,305,5
134,305,1
135,305,3
136,305,1
137,305,1
138,305,5
139,305,3
140,305,4
141,305,5
142,305,5
143,305,3
144,305,1
145,305,1
146,305,5
147,305,1
148,305,4
149,305,4
150,305,1
151,305,1
152,305,1
153,305,4
154,305,1
155,305,3
156,305,1
157,305,1
158,305,5
159,305,5
160,305,4
161,305,3
162,305,1
163,305,1
164,305,4
165,305,1
166,305,5
167,305,1
168,305,4
169,305,1
170,305,1
171,305,1
172,305,4
173,305,1
174,305,3
175,305,1
176,305,4
177,305,1
178,305,1
179,305,1
180,305,1
181,305,5
182,305,1
183,305,5
184,305,1
185,305,5
186,305,1
187,305,4
188,305,1
189,305,1
190,305,3
191,305,5
192,305,3
193,305,1
194,305,5
195,305,1
196,305,4
197,305,1
198,305,3
199,305,1
200,305,4
201,305,1
202,305,4
203,305,1
204,305,5
205,305,4
206,305,5
207,305,1
208,305,1
209,305,1
210,305,1
211,305,5
212,305,1
213,305,1
214,305,1
215,305,1
216,305,1
217,305,5
218,305,1
219,305,1
220,305,1
221,305,5
222,305,1
223,305,1
224,305,5
225,305,1
226,305,1
227,305,1
228,305,5
229,305,1
230,305,1
231,305,5
232,305,3
233,305,4
234,305,3
235,305,1
236,305,1
237,305,1
238,305,5
239,305,1
240,305,5
241,305,3
242,305,1
243,305,5
244,305,3
245,305,1
246,305,1
247,305,1
248,305,3
249,305,1
250,305,1
1,306,4
2,306,3
3,306,4
4,306,4
5,306,4
6,306,5
7,306,5
8,306,3
9,306,3
10,306,4
11,306,4
12,306,3
13,306,5
14,306,1
15,306,4
16,306,3
17,306,4
18,306,1
19,306,4
20,306,5
21,306,5
22,306,1
23,306,4
24,306,5
25,306,4
26,306,1
27,306,4
28,306,3
29,306,5
30,306,5
31,306,1
32,306,4
33,306,3
34,306,3
35,306,4
36,306,5
37,306,5
38,306,5
39,306,3
40,306,4
41,306,1
42,306,1
43,306,1
44,306,5
45,306,4
46,306,3
47,306,4
48,306,1
49,306,5
50,306,3
51,306,3
52,306,3
53,306,5
54,306,3
55,306,1
56,306,5
57,306,5
58,306,5
59,306,4
60,306,5
61,306,4
62,306,3
63,306,3
64,306,4
65,306,3
66,306,3
67,306,1
68,306,5
69,306,5
70,306,1
71,306,1
72,306,4
73,306,5
74,306,4
75,306,1
76,306,5
77,306,4
78,306,4
79,306,3
80,306,5
81,306,4
82,306,5
83,306,4
84,306,5
85,306,3
86,306,5
87,306,4
88,306,3
89,306,3
90,306,4
91,306,1
92,306,5
93,306,1
94,306,3
95,306,3
96,306,3
97,306,3
98,306,4
99,306,1
100,306,3
101,306,5
102,306,5
103,306,4
104,306,4
105,306,5
106,306,4
107,306,1
108,306,3
109,306,5
110,306,4
111,306,3
112,306,1
113,306,1
114,306,1
115,306,5
116,306,4
117,306,5
118,306,5
119,306,4
120,306,4
121,306,3
122,306,5
123,306,1
124,306,1
125,306,4
126,306,5
127,306,5
128,306,1
129,306,5
130,306,4
131,306,1
132,306,4
133,306,5
134,306,1
135,306,4
136,306,4
137,306,5
138,306,1
139,306,4
140,306,4
141,306,3
142,306,4
143,306,5
144,306,1
145,306,5
146,306,1
147,306,3
148,306,4
149,306,1
150,306,5
151,306,5
152,306,1
153,306,1
154,306,3
155,306,4
156,306,3
157,306,4
158,306,3
159,306,1
160,306,4
161,306,5
162,306,1
163,306,4
164,306,4
165,306,5
166,306,4
167,306,1
168,306,3
169,306,1
170,306,1
171,306,1
172,306,3
173,306,1
174,306,5
175,306,3
176,306,3
177,306,3
178,306,5
179,306,1
180,306,5
181,306,3
182,306,3
183,306,1
184,306,5
185,306,1
186,306,3
187,306,3
188,306,5
189,306,3
190,306,4
191,306,4
192,306,5
193,306,4
194,306,1
195,306,3
196,306,4
197,306,3
198,306,5
199,306,3
200,306,1
201,306,1
202,306,3
203,306,1
204,306,3
205,306,3
206,306,3
207,306,1
208,306,3
209,306,1
210,306,4
211,306,5
212,306,5
213,306,5
214,306,4
215,306,3
216,306,4
217,306,1
218,306,1
219,306,1
220,306,5
221,306,1
222,306,1
223,306,4
224,306,4
225,306,4
226,306,1
227,306,3
228,306,1
229,306,3
230,306,1
231,306,4
232,306,5
233,306,4
234,306,5
235,306,3
236,306,3
237,306,1
238,306,1
239,306,1
240,306,4
241,306,4
242,306,4
243,306,3
244,306,5
245,306,4
246,306,5
247,306,1
248,306,5
249,306,3
250,306,3
1,307,5
2,307,3
3,307,5
4,307,3
5,307,3
6,307,5
7,307,4
8,307,1
9,307,1
10,307,1
11,307,5
12,307,1
13,307,4
14,307,1
15,307,5
16,307,1
17,307,4
18,307,3
19,307,4
20,307,4
21,307,4
22,307,3
23,307,5
24,307,1
25,307,4
26,307,3
27,307,5
28,307,3
29,307,5
30,307,5
31,307,1
32,307,1
33,307,3
34,307,3
35,307,4
36,307,5
37,307,3
38,307,4
39,307,3
40,307,5
41,307,4
42,307,3
43,307,1
44,307,4
45,307,1
46,307,1
47,307,3
48,307,3
49,307,5
50,307,1
51,307,4
52,307,4
53,307,5
54,307,4
55,307,1
56,307,4
57,307,5
58,307,5
59,307,4
60,307,5
61,307,5
62,307,3
63,307,3
64,307,4
65,307,1
66,307,3
67,307,4
68,307,5
69,307,4
70,307,3
71,307,1
72,307,5
73,307,5
74,307,3
75,307,3
76,307,4
77,307,5
78,307,1
79,307,1
80,307,5
81,307,4
82,307,5
83,307,3
84,307,1
85,307,1
86,307,5
87,307,5
88,307,3
89,307,1
90,307,5
91,307,3
92,307,5
93,307,3
94,307,1
95,307,1
96,307,1
97,307,3
98,307,4
99,307,3
100,307,1
101,307,4
102,307,5
103,307,3
104,307,4
105,307,5
106,307,5
107,307,1
108,307,1
109,307,5
110,307,5
111,307,1
112,307,1
113,307,4
114,307,4
115,307,5
116,307,1
117,307,4
118,307,5
119,307,5
120,307,5
121,307,3
122,307,3
123,307,1
124,307,3
125,307,1
126,307,4
127,307,5
128,307,3
129,307,4
130,307,3
131,307,1
132,307,4
133,307,4
134,307,3
135,307,5
136,307,4
137,307,4
138,307,1
139,307,4
140,307,3
141,307,3
142,307,4
143,307,5
144,307,3
145,307,5
146,307,4
147,307,1
148,307,5
149,307,3
150,307,4
151,307,4
152,307,3
153,307,1
154,307,1
155,307,5
156,307,1
157,307,5
158,307,4
159,307,4
160,307,3
161,307,5
162,307,3
163,307,4
164,307,3
165,307,5
166,307,4
167,307,1
168,307,1
169,307,3
170,307,1
171,307,1
172,307,4
173,307,3
174,307,4
175,307,3
176,307,4
177,307,1
178,307,4
179,307,3
180,307,4
181,307,4
182,307,1
183,307,3
184,307,5
185,307,3
186,307,3
187,307,4
188,307,5
189,307,3
190,307,5
191,307,4
192,307,4
193,307,5
194,307,3
195,307,1
196,307,1
197,307,3
198,307,5
199,307,1
200,307,4
201,307,3
202,307,4
203,307,1
204,307,1
205,307,1
206,307,1
207,307,3
208,307,1
209,307,3
210,307,4
211,307,1
212,307,4
213,307,5
214,307,4
215,307,3
216,307,4
217,307,1
218,307,3
219,307,1
220,307,5
221,307,1
222,307,1
223,307,5
224,307,3
225,307,5
226,307,1
227,307,1
228,307,3
229,307,1
230,307,1
231,307,4
232,307,4
233,307,4
234,307,5
235,307,1
236,307,3
237,307,1
238,307,1
239,307,3
240,307,3
241,307,4
242,307,5
243,307,3
244,307,4
245,307,5
246,307,4
247,307,1
248,307,4
249,307,3
250,307,1
1,308,4
2,308,1
3,308,4
4,308,1
5,308,4
6,308,5
7,308,4
8,308,4
9,308,3
10,308,3
11,308,5
12,308,3
13,308,5
14,308,1
15,308,4
16,308,1
17,308,5
18,308,1
19,308,4
20,308,1
21,308,4
22,308,3
23,308,4
24,308,1
25,308,3
26,308,3
27,308,4
28,308,3
29,308,5
30,308,4
31,308,5
32,308,4
33,308,1
34,308,1
35,308,4
36,308,4
37,308,1
38,308,4
39,308,4
40,308,4
41,308,4
42,308,3
43,308,1
44,308,4
45,308,3
46,308,1
47,308,3
48,308,1
49,308,4
50,308,3
51,308,4
52,308,4
53,308,5
54,308,3
55,308,1
56,308,5
57,308,4
58,308,4
59,308,5
60,308,5
61,308,5
62,308,4
63,308,5
64,308,5
65,308,1
66,308,3
67,308,1
68,308,5
69,308,4
70,308,3
71,308,3
72,308,5
73,308,4
74,308,4
75,308,1
76,308,4
77,308,5
78,308,1
79,308,3
80,308,4
81,308,4
82,308,5
83,308,4
84,308,4
85,308,3
86,308,5
87,308,4
88,308,3
89,308,1
90,308,5
91,308,1
92,308,5
93,308,3
94,308,5
95,308,3
96,308,5
97,308,3
98,308,4
99,308,1
100,308,1
101,308,4
102,308,4
103,308,4
104,308,1
105,308,4
106,308,5
107,308,3
108,308,1
109,308,4
110,308,4
111,308,1
112,308,1
113,308,3
114,308,3
115,308,4
116,308,1
117,308,3
118,308,5
119,308,5
120,308,4
121,308,1
122,308,3
123,308,1
124,308,1
125,308,3
126,308,4
127,308,4
128,308,1
129,308,5
130,308,4
131,308,3
132,308,5
133,308,1
134,308,3
135,308,4
136,308,4
137,308,4
138,308,3
139,308,5
140,308,3
141,308,4
142,308,4
143,308,4
144,308,1
145,308,5
146,308,4
147,308,1
148,308,4
149,308,1
150,308,4
151,308,4
152,308,3
153,308,1
154,308,1
155,308,5
156,308,1
157,308,5
158,308,1
159,308,1
160,308,4
161,308,5
162,308,3
163,308,5
164,308,3
165,308,5
166,308,1
167,308,1
168,308,1
169,308,3
170,308,1
171,308,3
172,308,3
173,308,1
174,308,4
175,308,1
176,308,3
177,308,1
178,308,5
179,308,3
180,308,5
181,308,4
182,308,3
183,308,4
184,308,4
185,308,3
186,308,3
187,308,3
188,308,5
189,308,3
190,308,5
191,308,1
192,308,4
193,308,4
194,308,5
195,308,1
196,308,3
197,308,3
198,308,4
199,308,1
200,308,4
201,308,1
202,308,1
203,308,1
204,308,1
205,308,5
206,308,4
207,308,1
208,308,3
209,308,1
210,308,4
211,308,5
212,308,4
213,308,4
214,308,5
215,308,1
216,308,5
217,308,3
218,308,3
219,308,1
220,308,5
221,308,4
222,308,3
223,308,5
224,308,3
225,308,4
226,308,3
227,308,3
228,308,5
229,308,3
230,308,1
231,308,3
232,308,5
233,308,3
234,308,5
235,308,1
236,308,1
237,308,3
238,308,3
239,308,3
240,308,1
241,308,4
242,308,4
243,308,1
244,308,5
245,308,5
246,308,5
247,308,3
248,308,5
249,308,3
250,308,1
1,309,1
2,309,1
3,309,3
4,309,5
5,309,4
6,309,1
7,309,1
8,309,5
9,309,4
10,309,4
11,309,1
12,309,1
13,309,3
14,309,1
15,309,1
16,309,5
17,309,1
18,309,5
19,309,1
20,309,5
21,309,1
22,309,5
23,309,3
24,309,4
25,309,5
26,309,5
27,309,4
28,309,5
29,309,3
30,309,3
31,309,5
32,309,4
33,309,4
34,309,1
35,309,1
36,309,1
37,309,4
38,309,1
39,309,4
40,309,1
41,309,5
42,309,4
43,309,1
44,309,1
45,309,5
46,309,4
47,309,5
48,309,1
49,309,1
50,309,4
51,309,4
52,309,4
53,309,1
54,309,5
55,309,1
56,309,3
57,309,1
58,309,1
59,309,3
60,309,1
61,309,3
62,309,5
63,309,5
64,309,1
65,309,1
66,309,1
67,309,4
68,309,3
69,309,1
70,309,4
71,309,1
72,309,3
73,309,3
74,309,4
75,309,1
76,309,1
77,309,1
78,309,5
79,309,1
80,309,1
81,309,5
82,309,3
83,309,4
84,309,5
85,309,1
86,309,1
87,309,1
88,309,1
89,309,1
90,309,3
91,309,1
92,309,3
93,309,1
94,309,4
95,309,5
96,309,5
97,309,1
98,309,5
99,309,1
100,309,5
101,309,3
102,309,3
103,309,5
104,309,5
105,309,3
106,309,3
107,309,1
108,309,1
109,309,1
110,309,1
111,309,5
112,309,5
113,309,5
114,309,4
115,309,3
116,309,5
117,309,4
118,309,3
119,309,1
120,309,3
121,309,1
122,309,4
123,309,1
124,309,5
125,309,5
126,309,3
127,309,4
128,309,1
129,309,1
130,309,4
131,309,1
132,309,1
133,309,5
134,309,1
135,309,3
136,309,3
137,309,3
138,309,4
139,309,1
140,309,5
141,309,5
142,309,5
143,309,1
144,309,1
145,309,1
146,309,4
147,309,1
148,309,5
149,309,4
150,309,1
151,309,3
152,309,1
153,309,4
154,309,1
155,309,3
156,309,1
157,309,1
158,309,5
159,309,5
160,309,4
161,309,3
162,309,1
163,309,3
164,309,4
165,309,3
166,309,4
167,309,1
168,309,4
169,309,1
170,309,1
171,309,1
172,309,4
173,309,1
174,309,1
175,309,1
176,309,4
177,309,1
178,309,3
179,309,1
180,309,3
181,309,5
182,309,1
183,309,4
184,309,1
185,309,5
186,309,1
187,309,5
188,309,1
189,309,1
190,309,1
191,309,5
192,309,1
193,309,1
194,309,4
195,309,1
196,309,4
197,309,1
198,309,3
199,309,1
200,309,5
201,309,1
202,309,5
203,309,1
204,309,5
205,309,5
206,309,5
207,309,1
208,309,1
209,309,1
210,309,3
211,309,5
212,309,3
213,309,3
214,309,3
215,309,1
216,309,3
217,309,5
218,309,1
219,309,1
220,309,1
221,309,4
222,309,1
223,309,3
224,309,5
225,309,1
226,309,1
227,309,1
228,309,5
229,309,1
230,309,1
231,309,4
232,309,1
233,309,5
234,309,3
235,309,1
236,309,1
237,309,1
238,309,5
239,309,1
240,309,4
241,309,1
242,309,1
243,309,5
244,309,1
245,309,3
246,309,1
247,309,1
248,309,3
249,309,1
250,309,1
1,310,5
2,310,1
3,310,5
4,310,4
5,310,3
6,310,5
7,310,4
8,310,4
9,310,4
10,310,3
11,310,5
12,310,3
13,310,4
14,310,3
15,310,5
16,310,5
17,310,4
18,310,1
19,310,4
20,310,3
21,310,5
22,310,4
23,310,5
24,310,4
25,310,4
26,310,3
27,310,1
28,310,1
29,310,4
30,310,4
31,310,3
32,310,4
33,310,4
34,310,1
35,310,5
36,310,4
37,310,3
38,310,4
39,310,1
40,310,5
41,310,1
42,310,1
43,310,3
44,310,5
45,310,3
46,310,4
47,310,3
48,310,3
49,310,5
50,310,1
51,310,1
52,310,4
53,310,5
54,310,4
55,310,1
56,310,5
57,310,5
58,310,5
59,310,4
60,310,4
61,310,5
62,310,4
63,310,1
64,310,5
65,310,3
66,310,1
67,310,1
68,310,4
69,310,5
70,310,3
71,310,1
72,310,4
73,310,4
74,310,3
75,310,3
76,310,5
77,310,4
78,310,1
79,310,3
80,310,4
81,310,1
82,310,5
83,310,4
84,310,3
85,310,1
86,310,4
87,310,5
88,310,1
89,310,3
90,310,4
91,310,3
92,310,4
93,310,1
94,310,1
95,310,3
96,310,1
97,310,3
98,310,4
99,310,3
100,310,1
101,310,5
102,310,4
103,310,1
104,310,3
105,310,5
106,310,5
107,310,1
108,310,3
109,310,5
110,310,5
111,310,1
112,310,4
113,310,1
114,310,3
115,310,5
116,310,4
117,310,4
118,310,5
119,310,4
120,310,5
121,310,3
122,310,4
123,310,1
124,310,4
125,310,4
126,310,5
127,310,1
128,310,3
129,310,4
130,310,1
131,310,3
132,310,4
133,310,1
134,310,3
135,310,5
136,310,4
137,310,4
138,310,3
139,310,5
140,310,4
141,310,4
142,310,5
143,310,4
144,310,3
145,310,5
146,310,1
147,310,3
148,310,1
149,310,3
150,310,4
151,310,5
152,310,3
153,310,3
154,310,1
155,310,5
156,310,1
157,310,5
158,310,1
159,310,1
160,310,3
161,310,4
162,310,3
163,310,5
164,310,3
165,310,5
166,310,3
167,310,3
168,310,1
169,310,1
170,310,1
171,310,1
172,310,3
173,310,3
174,310,5
175,310,3
176,310,1
177,310,3
178,310,4
179,310,3
180,310,5
181,310,3
182,310,3
183,310,1
184,310,5
185,310,4
186,310,3
187,310,1
188,310,5
189,310,1
190,310,5
191,310,1
192,310,5
193,310,4
194,310,4
195,310,1
196,310,3
197,310,3
198,310,5
199,310,1
200,310,1
201,310,3
202,310,1
203,310,1
204,310,3
205,310,1
206,310,1
207,310,3
208,310,1
209,310,1
210,310,5
211,310,4
212,310,4
213,310,4
214,310,4
215,310,1
216,310,4
217,310,4
218,310,1
219,310,1
220,310,4
221,310,3
222,310,1
223,310,4
224,310,4
225,310,5
226,310,1
227,310,1
228,310,1
229,310,3
230,310,3
231,310,4
232,310,4
233,310,1
234,310,5
235,310,3
236,310,3
237,310,3
238,310,4
239,310,1
240,310,1
241,310,4
242,310,4
243,310,3
244,310,4
245,310,5
246,310,5
247,310,1
248,310,4
249,310,1
250,310,1
1,311,1
2,311,1
3,311,1
4,311,4
5,311,5
6,311,3
7,311,3
8,311,4
9,311,5
10,311,5
11,311,3
12,311,1
13,311,1
14,311,1
15,311,3
16,311,5
17,311,1
18,311,5
19,311,3
20,311,4
21,311,3
22,311,5
23,311,1
24,311,5
25,311,5
26,311,5
27,311,5
28,311,5
29,311,1
30,311,3
31,311,4
32,311,4
33,311,5
34,311,1
35,311,3
36,311,3
37,311,5
38,311,1
39,311,4
40,311,1
41,311,4
42,311,5
43,311,1
44,311,1
45,311,5
46,311,5
47,311,4
48,311,1
49,311,3
50,311,4
51,311,4
52,311,5
53,311,3
54,311,5
55,311,1
56,311,3
57,311,3
58,311,1
59,311,3
60,311,1
61,311,3
62,311,5
63,311,4
64,311,3
65,311,1
66,311,1
67,311,5
68,311,3
69,311,1
70,311,5
71,311,1
72,311,3
73,311,3
74,311,5
75,311,1
76,311,3
77,311,3
78,311,5
79,311,1
80,311,1
81,311,5
82,311,1
83,311,4
84,311,5
85,311,1
86,311,1
87,311,3
88,311,1
89,311,1
90,311,1
91,311,1
92,311,3
93,311,1
94,311,4
95,311,5
96,311,5
97,311,1
98,311,4
99,311,1
100,311,5
101,311,3
102,311,3
103,311,5
104,311,4
105,311,1
106,311,1
107,311,1
108,311,1
109,311,1
110,311,3
111,311,5
112,311,5
113,311,4
114,311,4
115,311,1
116,311,5
117,311,4
118,311,1
119,311,3
120,311,1
121,311,1
122,311,4
123,311,1
124,311,4
125,311,5
126,311,1
127,311,5
128,311,1
129,311,1
130,311,5
131,311,1
132,311,3
133,311,4
134,311,1
135,311,3
136,311,1
137,311,1
138,311,5
139,311,1
140,311,5
141,311,5
142,311,4
143,311,3
144,311,1
145,311,3
146,311,4
147,311,1
148,311,4
149,311,4
150,311,1
151,311,3
152,311,1
153,311,4
154,311,1
155,311,3
156,311,1
157,311,3
158,311,4
159,311,5
160,311,5
161,311,1
162,311,1
163,311,3
164,311,5
165,311,3
166,311,5
167,311,1
168,311,5
169,311,1
170,311,1
171,311,1
172,311,4
173,311,1
174,311,3
175,311,1
176,311,4
177,311,1
178,311,1
179,311,1
180,311,3
181,311,4
182,311,1
183,311,5
184,311,1
185,311,5
186,311,1
187,311,5
188,311,3
189,311,1
190,311,3
191,311,4
192,311,1
193,311,1
194,311,5
195,311,1
196,311,4
197,311,1
198,311,1
199,311,1
200,311,5
201,311,1
202,311,5
203,311,1
204,311,4
205,311,5
206,311,5
207,311,1
208,311,1
209,311,1
210,311,1
211,311,4
212,311,3
213,311,1
214,311,3
215,311,1
216,311,1
217,311,5
218,311,1
219,311,1
220,311,1
221,311,5
222,311,1
223,311,3
224,311,5
225,311,3
226,311,1
227,311,1
228,311,5
229,311,1
230,311,1
231,311,5
232,311,3
233,311,4
234,311,1
235,311,1
236,311,1
237,311,1
238,311,4
239,311,1
240,311,5
241,311,1
242,311,1
243,311,5
244,311,3
245,311,3
246,311,1
247,311,1
248,311,1
249,311,1
250,311,1
1,313,4
2,313,3
3,313,4
4,313,4
5,313,1
6,313,5
7,313,5
8,313,5
9,313,1
10,313,1
11,313,5
12,313,1
13,313,5
14,313,1
15,313,4
16,313,3
17,313,5
18,313,3
19,313,4
20,313,4
21,313,5
22,313,4
23,313,5
24,313,4
25,313,1
26,313,3
27,313,4
28,313,1
29,313,5
30,313,4
31,313,1
32,313,1
33,313,1
34,313,3
35,313,4
36,313,4
37,313,4
38,313,5
39,313,3
40,313,5
41,313,5
42,313,4
43,313,3
44,313,4
45,313,3
46,313,3
47,313,1
48,313,1
49,313,5
50,313,3
51,313,1
52,313,4
53,313,5
54,313,4
55,313,3
56,313,4
57,313,5
58,313,4
59,313,4
60,313,5
61,313,4
62,313,1
63,313,1
64,313,5
65,313,1
66,313,3
67,313,3
68,313,5
69,313,5
70,313,3
71,313,1
72,313,4
73,313,5
74,313,3
75,313,1
76,313,4
77,313,5
78,313,5
79,313,1
80,313,4
81,313,3
82,313,5
83,313,4
84,313,1
85,313,1
86,313,4
87,313,5
88,313,1
89,313,3
90,313,5
91,313,3
92,313,5
93,313,3
94,313,3
95,313,1
96,313,3
97,313,3
98,313,1
99,313,1
100,313,1
101,313,5
102,313,5
103,313,3
104,313,4
105,313,4
106,313,4
107,313,1
108,313,3
109,313,5
110,313,5
111,313,1
112,313,3
113,313,4
114,313,3
115,313,5
116,313,3
117,313,3
118,313,4
119,313,4
120,313,4
121,313,3
122,313,3
123,313,1
124,313,4
125,313,4
126,313,4
127,313,4
128,313,3
129,313,4
130,313,1
131,313,3
132,313,5
133,313,1
134,313,1
135,313,5
136,313,5
137,313,5
138,313,4
139,313,4
140,313,4
141,313,3
142,313,3
143,313,5
144,313,1
145,313,5
146,313,5
147,313,1
148,313,4
149,313,1
150,313,5
151,313,5
152,313,3
153,313,1
154,313,3
155,313,5
156,313,3
157,313,5
158,313,4
159,313,1
160,313,3
161,313,4
162,313,3
163,313,5
164,313,1
165,313,4
166,313,1
167,313,1
168,313,1
169,313,1
170,313,1
171,313,1
172,313,1
173,313,3
174,313,5
175,313,3
176,313,3
177,313,1
178,313,4
179,313,1
180,313,4
181,313,3
182,313,3
183,313,1
184,313,5
185,313,1
186,313,1
187,313,4
188,313,4
189,313,3
190,313,4
191,313,4
192,313,4
193,313,5
194,313,1
195,313,1
196,313,4
197,313,3
198,313,4
199,313,1
200,313,4
201,313,3
202,313,3
203,313,3
204,313,4
205,313,3
206,313,3
207,313,3
208,313,3
209,313,1
210,313,4
211,313,4
212,313,5
213,313,4
214,313,4
215,313,1
216,313,4
217,313,3
218,313,3
219,313,1
220,313,4
221,313,3
222,313,3
223,313,5
224,313,3
225,313,5
226,313,1
227,313,1
228,313,3
229,313,1
230,313,3
231,313,1
232,313,5
233,313,5
234,313,5
235,313,1
236,313,1
237,313,1
238,313,1
239,313,3
240,313,4
241,313,5
242,313,4
243,313,3
244,313,5
245,313,4
246,313,4
247,313,1
248,313,4
249,313,3
250,313,1
1,314,5
2,314,1
3,314,4
4,314,3
5,314,1
6,314,4
7,314,4
8,314,1
9,314,3
10,314,1
11,314,5
12,314,1
13,314,4
14,314,1
15,314,5
16,314,4
17,314,4
18,314,3
19,314,5
20,314,1
21,314,5
22,314,3
23,314,4
24,314,4
25,314,4
26,314,4
27,314,3
28,314,3
29,314,5
30,314,5
31,314,3
32,314,3
33,314,4
34,314,1
35,314,5
36,314,4
37,314,1
38,314,5
39,314,3
40,314,5
41,314,4
42,314,1
43,314,1
44,314,5
45,314,3
46,314,3
47,314,4
48,314,1
49,314,5
50,314,3
51,314,5
52,314,1
53,314,5
54,314,3
55,314,1
56,314,5
57,314,5
58,314,4
59,314,4
60,314,5
61,314,4
62,314,1
63,314,3
64,314,5
65,314,1
66,314,1
67,314,1
68,314,5
69,314,5
70,314,3
71,314,1
72,314,5
73,314,5
74,314,1
75,314,1
76,314,4
77,314,4
78,314,4
79,314,1
80,314,5
81,314,1
82,314,4
83,314,3
84,314,4
85,314,1
86,314,4
87,314,4
88,314,1
89,314,1
90,314,4
91,314,3
92,314,5
93,314,3
94,314,3
95,314,4
96,314,1
97,314,1
98,314,4
99,314,1
100,314,5
101,314,4
102,314,4
103,314,5
104,314,3
105,314,4
106,314,5
107,314,3
108,314,3
109,314,4
110,314,5
111,314,3
112,314,4
113,314,1
114,314,4
115,314,5
116,314,1
117,314,3
118,314,4
119,314,5
120,314,4
121,314,3
122,314,1
123,314,1
124,314,3
125,314,1
126,314,5
127,314,3
128,314,1
129,314,5
130,314,1
131,314,1
132,314,1
133,314,3
134,314,1
135,314,1
136,314,5
137,314,5
138,314,3
139,314,1
140,314,1
141,314,3
142,314,1
143,314,5
144,314,3
145,314,5
146,314,1
147,314,3
148,314,1
149,314,3
150,314,5
151,314,5
152,314,1
153,314,3
154,314,1
155,314,5
156,314,3
157,314,5
158,314,1
159,314,1
160,314,3
161,314,1
162,314,3
163,314,5
164,314,3
165,314,5
166,314,1
167,314,1
168,314,1
169,314,1
170,314,3
171,314,3
172,314,3
173,314,3
174,314,5
175,314,3
176,314,3
177,314,1
178,314,1
179,314,3
180,314,5
181,314,1
182,314,3
183,314,3
184,314,1
185,314,1
186,314,3
187,314,1
188,314,1
189,314,1
190,314,1
191,314,1
192,314,1
193,314,5
194,314,1
195,314,1
196,314,1
197,314,1
198,314,1
199,314,3
200,314,3
201,314,3
202,314,1
203,314,1
204,314,1
205,314,1
206,314,1
207,314,1
208,314,1
209,314,1
210,314,1
211,314,1
212,314,5
213,314,5
214,314,1
215,314,1
216,314,1
217,314,1
218,314,3
219,314,1
220,314,5
221,314,3
222,314,3
223,314,1
224,314,1
225,314,1
226,314,3
227,314,1
228,314,1
229,314,3
230,314,3
231,314,1
232,314,5
233,314,3
234,314,1
235,314,1
236,314,1
237,314,1
238,314,1
239,314,3
240,314,1
241,314,1
242,314,5
243,314,3
244,314,1
245,314,5
246,314,5
247,314,1
248,314,5
249,314,1
250,314,3
1,315,3
2,315,1
3,315,3
4,315,5
5,315,1
6,315,1
7,315,1
8,315,5
9,315,1
10,315,5
11,315,3
12,315,1
13,315,3
14,315,1
15,315,1
16,315,1
17,315,1
18,315,1
19,315,3
20,315,5
21,315,3
22,315,1
23,315,1
24,315,5
25,315,5
26,315,5
27,315,5
28,315,5
29,315,1
30,315,1
31,315,5
32,315,5
33,315,1
34,315,1
35,315,1
36,315,3
37,315,1
38,315,3
39,315,1
40,315,1
41,315,1
42,315,5
43,315,1
44,315,3
45,315,1
46,315,5
47,315,1
48,315,1
49,315,1
50,315,5
51,315,1
52,315,5
53,315,1
54,315,5
55,315,1
56,315,3
57,315,3
58,315,3
59,315,1
60,315,1
61,315,1
62,315,5
63,315,5
64,315,1
65,315,1
66,315,1
67,315,1
68,315,3
69,315,1
70,315,5
71,315,1
72,315,3
73,315,3
74,315,5
75,315,1
76,315,3
77,315,1
78,315,1
79,315,1
80,315,3
81,315,1
82,315,3
83,315,1
84,315,1
85,315,1
86,315,1
87,315,3
88,315,1
89,315,1
90,315,1
91,315,1
92,315,1
93,315,1
94,315,1
95,315,5
96,315,5
97,315,1
98,315,1
99,315,1
100,315,5
101,315,1
102,315,1
103,315,5
104,315,5
105,315,3
106,315,3
107,315,1
108,315,1
109,315,3
110,315,1
111,315,5
112,315,1
113,315,1
114,315,1
115,315,3
116,315,1
117,315,5
118,315,1
119,315,3
120,315,1
121,315,1
122,315,5
123,315,1
124,315,5
125,315,1
126,315,3
127,315,5
128,315,1
129,315,1
130,315,1
131,315,1
132,315,1
133,315,1
134,315,1
135,315,1
136,315,3
137,315,3
138,315,5
139,315,1
140,315,1
141,315,5
142,315,5
143,315,3
144,315,1
145,315,1
146,315,1
147,315,1
148,315,5
149,315,5
150,315,1
151,315,1
152,315,1
153,315,5
154,315,1
155,315,3
156,315,1
157,315,1
158,315,5
159,315,1
160,315,5
161,315,1
162,315,1
163,315,3
164,315,5
165,315,1
166,315,1
167,315,1
168,315,1
169,315,1
170,315,1
171,315,1
172,315,5
173,315,1
174,315,3
175,315,1
176,315,1
177,315,1
178,315,3
179,315,1
180,315,1
181,315,1
182,315,1
183,315,5
184,315,1
185,315,5
186,315,1
187,315,5
188,315,1
189,315,1
190,315,1
191,315,5
192,315,1
193,315,1
194,315,1
195,315,1
196,315,5
197,315,1
198,315,3
199,315,1
200,315,5
201,315,1
202,315,1
203,315,1
204,315,1
205,315,1
206,315,1
207,315,1
208,315,1
209,315,1
210,315,1
211,315,5
212,315,3
213,315,1
214,315,3
215,315,1
216,315,1
217,315,5
218,315,1
219,315,1
220,315,1
221,315,1
222,315,1
223,315,1
224,315,1
225,315,1
226,315,1
227,315,1
228,315,1
229,315,1
230,315,1
231,315,5
232,315,3
233,315,1
234,315,1
235,315,1
236,315,1
237,315,1
238,315,1
239,315,1
240,315,5
241,315,1
242,315,3
243,315,5
244,315,1
245,315,1
246,315,1
247,315,1
248,315,3
249,315,1
250,315,1
1,316,1
2,316,3
3,316,1
4,316,1
5,316,1
6,316,1
7,316,1
8,316,3
9,316,3
10,316,1
11,316,5
12,316,1
13,316,5
14,316,1
15,316,5
16,316,1
17,316,5
18,316,1
19,316,5
20,316,1
21,316,5
22,316,3
23,316,5
24,316,1
25,316,3
26,316,1
27,316,1
28,316,1
29,316,5
30,316,5
31,316,3
32,316,3
33,316,1
34,316,1
35,316,1
36,316,5
37,316,3
38,316,1
39,316,3
40,316,5
41,316,3
42,316,1
43,316,1
44,316,1
45,316,3
46,316,1
47,316,1
48,316,1
49,316,5
50,316,1
51,316,1
52,316,1
53,316,1
54,316,1
55,316,3
56,316,5
57,316,5
58,316,5
59,316,5
60,316,5
61,316,1
62,316,3
63,316,1
64,316,5
65,316,1
66,316,3
67,316,1
68,316,5
69,316,1
70,316,1
71,316,1
72,316,1
73,316,5
74,316,1
75,316,1
76,316,1
77,316,1
78,316,3
79,316,1
80,316,5
81,316,1
82,316,1
83,316,3
84,316,1
85,316,1
86,316,1
87,316,1
88,316,1
89,316,3
90,316,5
91,316,1
92,316,5
93,316,1
94,316,1
95,316,1
96,316,1
97,316,3
98,316,3
99,316,3
100,316,3
101,316,1
102,316,5
103,316,1
104,316,3
105,316,1
106,316,5
107,316,3
108,316,1
109,316,5
110,316,1
111,316,3
112,316,1
113,316,3
114,316,1
115,316,1
116,316,1
117,316,1
118,316,1
119,316,1
120,316,5
121,316,1
122,316,1
123,316,3
124,316,3
125,316,1
126,316,5
127,316,1
128,316,1
129,316,1
130,316,3
131,316,1
132,316,1
133,316,3
134,316,3
135,316,1
136,316,1
137,316,1
138,316,1
139,316,5
140,316,1
141,316,1
142,316,1
143,316,1
144,316,3
145,316,5
146,316,1
147,316,3
148,316,3
149,316,1
150,316,5
151,316,1
152,316,1
153,316,3
154,316,1
155,316,1
156,316,1
157,316,5
158,316,3
159,316,1
160,316,3
161,316,5
162,316,1
163,316,1
164,316,3
165,316,1
166,316,3
167,316,3
168,316,1
169,316,3
170,316,1
171,316,3
172,316,3
173,316,3
174,316,5
175,316,1
176,316,3
177,316,3
178,316,1
179,316,1
180,316,1
181,316,1
182,316,1
183,316,3
184,316,1
185,316,3
186,316,1
187,316,1
188,316,1
189,316,3
190,316,1
191,316,1
192,316,5
193,316,1
194,316,3
195,316,3
196,316,3
197,316,1
198,316,1
199,316,1
200,316,3
201,316,1
202,316,1
203,316,3
204,316,1
205,316,3
206,316,1
207,316,1
208,316,1
209,316,3
210,316,1
211,316,1
212,316,1
213,316,5
214,316,5
215,316,3
216,316,5
217,316,3
218,316,3
219,316,3
220,316,1
221,316,3
222,316,3
223,316,5
224,316,3
225,316,1
226,316,1
227,316,1
228,316,1
229,316,1
230,316,3
231,316,1
232,316,5
233,316,1
234,316,1
235,316,1
236,316,1
237,316,1
238,316,3
239,316,1
240,316,1
241,316,5
242,316,5
243,316,1
244,316,5
245,316,5
246,316,5
247,316,3
248,316,5
249,316,1
250,316,3
1,317,1
2,317,1
3,317,5
4,317,1
5,317,3
6,317,1
7,317,5
8,317,1
9,317,1
10,317,1
11,317,1
12,317,3
13,317,1
14,317,1
15,317,1
16,317,1
17,317,5
18,317,1
19,317,5
20,317,1
21,317,1
22,317,1
23,317,1
24,317,3
25,317,1
26,317,1
27,317,3
28,317,1
29,317,5
30,317,5
31,317,1
32,317,1
33,317,1
34,317,3
35,317,5
36,317,5
37,317,3
38,317,1
39,317,1
40,317,1
41,317,3
42,317,1
43,317,1
44,317,1
45,317,1
46,317,1
47,317,1
48,317,1
49,317,1
50,317,1
51,317,1
52,317,1
53,317,1
54,317,3
55,317,3
56,317,5
57,317,5
58,317,5
59,317,1
60,317,1
61,317,1
62,317,1
63,317,3
64,317,1
65,317,1
66,317,1
67,317,1
68,317,5
69,317,5
70,317,3
71,317,3
72,317,1
73,317,5
74,317,3
75,317,3
76,317,1
77,317,1
78,317,1
79,317,3
80,317,5
81,317,1
82,317,5
83,317,1
84,317,1
85,317,1
86,317,1
87,317,5
88,317,3
89,317,1
90,317,5
91,317,1
92,317,5
93,317,3
94,317,3
95,317,1
96,317,1
97,317,3
98,317,3
99,317,1
100,317,1
101,317,1
102,317,5
103,317,1
104,317,1
105,317,5
106,317,1
107,317,1
108,317,3
109,317,1
110,317,5
111,317,3
112,317,3
113,317,3
114,317,1
115,317,1
116,317,1
117,317,3
118,317,1
119,317,5
120,317,1
121,317,1
122,317,1
123,317,1
124,317,1
125,317,1
126,317,1
127,317,3
128,317,3
129,317,1
130,317,1
131,317,3
132,317,5
133,317,1
134,317,1
135,317,5
136,317,5
137,317,5
138,317,1
139,317,5
140,317,3
141,317,1
142,317,1
143,317,1
144,317,1
145,317,5
146,317,3
147,317,3
148,317,1
149,317,1
150,317,5
151,317,5
152,317,1
153,317,1
154,317,1
155,317,5
156,317,1
157,317,5
158,317,1
159,317,3
160,317,1
161,317,5
162,317,3
163,317,1
164,317,1
165,317,1
166,317,3
167,317,1
168,317,1
169,317,3
170,317,1
171,317,3
172,317,3
173,317,1
174,317,1
175,317,3
176,317,1
177,317,3
178,317,1
179,317,1
180,317,1
181,317,3
182,317,3
183,317,3
184,317,1
185,317,3
186,317,3
187,317,3
188,317,5
189,317,1
190,317,5
191,317,3
192,317,1
193,317,1
194,317,1
195,317,3
196,317,3
197,317,3
198,317,5
199,317,3
200,317,1
201,317,1
202,317,3
203,317,3
204,317,3
205,317,1
206,317,3
207,317,3
208,317,1
209,317,1
210,317,5
211,317,1
212,317,5
213,317,1
214,317,5
215,317,3
216,317,1
217,317,1
218,317,1
219,317,1
220,317,1
221,317,1
222,317,1
223,317,1
224,317,1
225,317,1
226,317,1
227,317,3
228,317,1
229,317,3
230,317,3
231,317,1
232,317,5
233,317,1
234,317,1
235,317,1
236,317,1
237,317,1
238,317,1
239,317,3
240,317,1
241,317,1
242,317,1
243,317,1
244,317,1
245,317,1
246,317,1
247,317,3
248,317,5
249,317,3
250,317,3
1,318,3
2,318,1
3,318,3
4,318,5
5,318,5
6,318,1
7,318,1
8,318,1
9,318,5
10,318,1
11,318,1
12,318,1
13,318,1
14,318,1
15,318,1
16,318,1
17,318,1
18,318,1
19,318,3
20,318,5
21,318,3
22,318,1
23,318,3
24,318,1
25,318,5
26,318,5
27,318,1
28,318,1
29,318,1
30,318,3
31,318,1
32,318,5
33,318,1
34,318,1
35,318,1
36,318,3
37,318,1
38,318,3
39,318,1
40,318,3
41,318,1
42,318,1
43,318,1
44,318,1
45,318,1
46,318,5
47,318,5
48,318,1
49,318,3
50,318,1
51,318,1
52,318,5
53,318,1
54,318,5
55,318,1
56,318,3
57,318,3
58,318,3
59,318,3
60,318,1
61,318,1
62,318,5
63,318,5
64,318,1
65,318,1
66,318,1
67,318,5
68,318,3
69,318,1
70,318,5
71,318,1
72,318,3
73,318,3
74,318,5
75,318,1
76,318,3
77,318,1
78,318,5
79,318,1
80,318,3
81,318,5
82,318,1
83,318,1
84,318,5
85,318,1
86,318,3
87,318,3
88,318,1
89,318,1
90,318,3
91,318,1
92,318,3
93,318,1
94,318,1
95,318,1
96,318,5
97,318,1
98,318,1
99,318,1
100,318,1
101,318,1
102,318,3
103,318,1
104,318,5
105,318,3
106,318,1
107,318,1
108,318,1
109,318,1
110,318,1
111,318,5
112,318,5
113,318,5
114,318,5
115,318,1
116,318,5
117,318,1
118,318,1
119,318,1
120,318,1
121,318,1
122,318,1
123,318,1
124,318,5
125,318,1
126,318,1
127,318,1
128,318,1
129,318,3
130,318,5
131,318,1
132,318,3
133,318,5
134,318,1
135,318,3
136,318,3
137,318,1
138,318,5
139,318,3
140,318,1
141,318,5
142,318,1
143,318,1
144,318,1
145,318,1
146,318,1
147,318,1
148,318,5
149,318,5
150,318,3
151,318,1
152,318,1
153,318,1
154,318,1
155,318,1
156,318,1
157,318,1
158,318,1
159,318,1
160,318,5
161,318,1
162,318,1
163,318,1
164,318,1
165,318,1
166,318,1
167,318,1
168,318,1
169,318,1
170,318,1
171,318,1
172,318,1
173,318,1
174,318,1
175,318,1
176,318,1
177,318,1
178,318,3
179,318,1
180,318,1
181,318,5
182,318,1
183,318,5
184,318,3
185,318,1
186,318,1
187,318,5
188,318,3
189,318,1
190,318,3
191,318,1
192,318,1
193,318,3
194,318,5
195,318,1
196,318,1
197,318,1
198,318,3
199,318,1
200,318,1
201,318,1
202,318,5
203,318,1
204,318,1
205,318,5
206,318,1
207,318,1
208,318,1
209,318,1
210,318,3
211,318,1
212,318,3
213,318,3
214,318,3
215,318,1
216,318,3
217,318,5
218,318,1
219,318,1
220,318,3
221,318,5
222,318,1
223,318,1
224,318,5
225,318,1
226,318,1
227,318,1
228,318,1
229,318,1
230,318,1
231,318,1
232,318,1
233,318,5
234,318,1
235,318,1
236,318,1
237,318,1
238,318,5
239,318,1
240,318,5
241,318,1
242,318,3
243,318,1
244,318,1
245,318,1
246,318,1
247,318,1
248,318,1
249,318,1
250,318,1
1,319,1
2,319,1
3,319,5
4,319,1
5,319,1
6,319,5
7,319,1
8,319,1
9,319,1
10,319,3
11,319,5
12,319,1
13,319,1
14,319,3
15,319,5
16,319,1
17,319,5
18,319,1
19,319,1
20,319,1
21,319,1
22,319,1
23,319,1
24,319,3
25,319,1
26,319,1
27,319,1
28,319,1
29,319,5
30,319,5
31,319,1
32,319,1
33,319,1
34,319,1
35,319,1
36,319,5
37,319,3
38,319,5
39,319,3
40,319,1
41,319,3
42,319,1
43,319,3
44,319,5
45,319,1
46,319,1
47,319,1
48,319,3
49,319,1
50,319,1
51,319,3
52,319,3
53,319,5
54,319,1
55,319,3
56,319,5
57,319,5
58,319,5
59,319,1
60,319,5
61,319,1
62,319,1
63,319,1
64,319,1
65,319,1
66,319,1
67,319,3
68,319,1
69,319,5
70,319,3
71,319,1
72,319,1
73,319,5
74,319,3
75,319,1
76,319,1
77,319,1
78,319,1
79,319,1
80,319,1
81,319,3
82,319,1
83,319,1
84,319,3
85,319,1
86,319,1
87,319,5
88,319,3
89,319,1
90,319,5
91,319,3
92,319,5
93,319,1
94,319,1
95,319,3
96,319,1
97,319,1
98,319,1
99,319,3
100,319,1
101,319,5
102,319,1
103,319,3
104,319,3
105,319,1
106,319,5
107,319,3
108,319,3
109,319,1
110,319,5
111,319,3
112,319,1
113,319,3
114,319,1
115,319,5
116,319,1
117,319,1
118,319,5
119,319,5
120,319,1
121,319,3
122,319,1
123,319,1
124,319,1
125,319,1
126,319,1
127,319,3
128,319,3
129,319,5
130,319,1
131,319,1
132,319,1
133,319,3
134,319,1
135,319,1
136,319,5
137,319,1
138,319,1
139,319,1
140,319,1
141,319,3
142,319,1
143,319,5
144,319,3
145,319,1
146,319,3
147,319,1
148,319,3
149,319,1
150,319,1
151,319,1
152,319,3
153,319,1
154,319,1
155,319,1
156,319,3
157,319,1
158,319,3
159,319,1
160,319,1
161,319,1
162,319,3
163,319,1
164,319,1
165,319,5
166,319,1
167,319,1
168,319,1
169,319,3
170,319,3
171,319,3
172,319,3
173,319,3
174,319,1
175,319,3
176,319,1
177,319,3
178,319,1
179,319,3
180,319,1
181,319,3
182,319,1
183,319,1
184,319,1
185,319,1
186,319,1
187,319,1
188,319,5
189,319,3
190,319,5
191,319,1
192,319,1
193,319,5
194,319,1
195,319,3
196,319,1
197,319,3
198,319,5
199,319,1
200,319,1
201,319,1
202,319,1
203,319,1
204,319,1
205,319,3
206,319,3
207,319,3
208,319,1
209,319,3
210,319,1
211,319,1
212,319,5
213,319,5
214,319,5
215,319,3
216,319,1
217,319,1
218,319,1
219,319,1
220,319,1
221,319,1
222,319,3
223,319,5
224,319,1
225,319,1
226,319,3
227,319,1
228,319,3
229,319,1
230,319,1
231,319,3
232,319,5
233,319,1
234,319,5
235,319,1
236,319,3
237,319,1
238,319,3
239,319,3
240,319,1
241,319,5
242,319,1
243,319,1
244,319,5
245,319,5
246,319,5
247,319,1
248,319,1
249,319,1
250,319,1
1,320,3
2,320,1
3,320,3
4,320,5
5,320,1
6,320,1
7,320,1
8,320,5
9,320,5
10,320,1
11,320,3
12,320,1
13,320,3
14,320,1
15,320,3
16,320,1
17,320,3
18,320,5
19,320,1
20,320,5
21,320,3
22,320,1
23,320,1
24,320,1
25,320,1
26,320,5
27,320,1
28,320,1
29,320,3
30,320,1
31,320,5
32,320,5
33,320,1
34,320,1
35,320,3
36,320,1
37,320,5
38,320,3
39,320,5
40,320,1
41,320,5
42,320,5
43,320,1
44,320,3
45,320,1
46,320,1
47,320,5
48,320,1
49,320,1
50,320,1
51,320,5
52,320,1
53,320,3
54,320,1
55,320,1
56,320,1
57,320,1
58,320,1
59,320,1
60,320,3
61,320,3
62,320,1
63,320,1
64,320,3
65,320,1
66,320,1
67,320,1
68,320,3
69,320,3
70,320,1
71,320,1
72,320,3
73,320,3
74,320,5
75,320,1
76,320,3
77,320,3
78,320,5
79,320,1
80,320,3
81,320,1
82,320,1
83,320,1
84,320,1
85,320,1
86,320,3
87,320,3
88,320,1
89,320,1
90,320,1
91,320,1
92,320,3
93,320,1
94,320,5
95,320,5
96,320,1
97,320,1
98,320,1
99,320,1
100,320,1
101,320,1
102,320,1
103,320,5
104,320,1
105,320,3
106,320,1
107,320,1
108,320,1
109,320,1
110,320,1
111,320,5
112,320,1
113,320,1
114,320,5
115,320,1
116,320,5
117,320,1
118,320,3
119,320,1
120,320,1
121,320,1
122,320,1
123,320,1
124,320,1
125,320,1
126,320,3
127,320,5
128,320,1
129,320,3
130,320,1
131,320,1
132,320,1
133,320,1
134,320,1
135,320,3
136,320,3
137,320,3
138,320,5
139,320,3
140,320,1
141,320,5
142,320,5
143,320,1
144,320,1
145,320,3
146,320,5
147,320,1
148,320,1
149,320,5
150,320,3
151,320,3
152,320,1
153,320,5
154,320,1
155,320,3
156,320,1
157,320,1
158,320,1
159,320,5
160,320,1
161,320,1
162,320,1
163,320,3
164,320,5
165,320,1
166,320,1
167,320,1
168,320,1
169,320,1
170,320,1
171,320,1
172,320,1
173,320,1
174,320,3
175,320,1
176,320,5
177,320,1
178,320,1
179,320,1
180,320,3
181,320,5
182,320,1
183,320,5
184,320,1
185,320,1
186,320,1
187,320,5
188,320,3
189,320,1
190,320,3
191,320,1
192,320,3
193,320,1
194,320,1
195,320,1
196,320,5
197,320,1
198,320,3
199,320,1
200,320,5
201,320,1
202,320,5
203,320,1
204,320,5
205,320,1
206,320,1
207,320,1
208,320,1
209,320,1
210,320,1
211,320,1
212,320,3
213,320,1
214,320,1
215,320,1
216,320,1
217,320,5
218,320,1
219,320,1
220,320,3
221,320,1
222,320,1
223,320,3
224,320,5
225,320,1
226,320,1
227,320,1
228,320,5
229,320,1
230,320,1
231,320,1
232,320,1
233,320,5
234,320,1
235,320,1
236,320,1
237,320,1
238,320,5
239,320,1
240,320,1
241,320,3
242,320,3
243,320,1
244,320,1
245,320,3
246,320,1
247,320,1
248,320,1
249,320,1
250,320,1
1,321,1
2,321,3
3,321,5
4,321,1
5,321,1
6,321,1
7,321,5
8,321,1
9,321,3
10,321,1
11,321,5
12,321,1
13,321,5
14,321,1
15,321,1
16,321,3
17,321,1
18,321,1
19,321,1
20,321,1
21,321,5
22,321,3
23,321,5
24,321,1
25,321,1
26,321,1
27,321,1
28,321,1
29,321,5
30,321,1
31,321,1
32,321,3
33,321,1
34,321,1
35,321,1
36,321,1
37,321,3
38,321,5
39,321,3
40,321,5
41,321,1
42,321,1
43,321,1
44,321,1
45,321,3
46,321,3
47,321,1
48,321,3
49,321,1
50,321,1
51,321,1
52,321,3
53,321,1
54,321,3
55,321,1
56,321,1
57,321,5
58,321,5
59,321,5
60,321,5
61,321,5
62,321,3
63,321,1
64,321,5
65,321,1
66,321,3
67,321,3
68,321,1
69,321,1
70,321,1
71,321,1
72,321,1
73,321,1
74,321,1
75,321,3
76,321,5
77,321,5
78,321,3
79,321,3
80,321,1
81,321,3
82,321,1
83,321,3
84,321,1
85,321,1
86,321,5
87,321,1
88,321,1
89,321,3
90,321,1
91,321,1
92,321,5
93,321,1
94,321,1
95,321,1
96,321,1
97,321,3
98,321,1
99,321,3
100,321,1
101,321,1
102,321,1
103,321,1
104,321,1
105,321,5
106,321,1
107,321,3
108,321,1
109,321,5
110,321,5
111,321,1
112,321,1
113,321,3
114,321,1
115,321,5
116,321,1
117,321,1
118,321,5
119,321,5
120,321,5
121,321,3
122,321,1
123,321,3
124,321,1
125,321,1
126,321,1
127,321,1
128,321,3
129,321,1
130,321,1
131,321,1
132,321,5
133,321,1
134,321,3
135,321,5
136,321,5
137,321,5
138,321,3
139,321,5
140,321,1
141,321,1
142,321,1
143,321,5
144,321,1
145,321,5
146,321,1
147,321,3
148,321,1
149,321,1
150,321,5
151,321,1
152,321,1
153,321,1
154,321,1
155,321,1
156,321,1
157,321,1
158,321,1
159,321,3
160,321,3
161,321,1
162,321,3
163,321,1
164,321,1
165,321,1
166,321,3
167,321,1
168,321,1
169,321,3
170,321,3
171,321,3
172,321,3
173,321,3
174,321,1
175,321,1
176,321,1
177,321,3
178,321,5
179,321,3
180,321,1
181,321,1
182,321,1
183,321,3
184,321,5
185,321,1
186,321,3
187,321,1
188,321,1
189,321,3
190,321,5
191,321,1
192,321,5
193,321,1
194,321,3
195,321,1
196,321,1
197,321,1
198,321,1
199,321,1
200,321,1
201,321,1
202,321,1
203,321,1
204,321,1
205,321,3
206,321,1
207,321,3
208,321,1
209,321,1
210,321,1
211,321,3
212,321,1
213,321,5
214,321,5
215,321,3
216,321,1
217,321,3
218,321,1
219,321,3
220,321,5
221,321,1
222,321,1
223,321,5
224,321,1
225,321,1
226,321,3
227,321,3
228,321,1
229,321,3
230,321,3
231,321,1
232,321,1
233,321,1
234,321,1
235,321,1
236,321,1
237,321,1
238,321,1
239,321,1
240,321,1
241,321,1
242,321,1
243,321,1
244,321,5
245,321,5
246,321,1
247,321,1
248,321,1
249,321,3
250,321,3
1,322,3
2,322,1
3,322,1
4,322,5
5,322,5
6,322,3
7,322,1
8,322,5
9,322,1
10,322,5
11,322,3
12,322,1
13,322,1
14,322,1
15,322,1
16,322,5
17,322,1
18,322,5
19,322,1
20,322,5
21,322,1
22,322,5
23,322,3
24,322,1
25,322,5
26,322,5
27,322,5
28,322,5
29,322,1
30,322,1
31,322,1
32,322,5
33,322,5
34,322,1
35,322,3
36,322,1
37,322,1
38,322,1
39,322,5
40,322,1
41,322,1
42,322,5
43,322,1
44,322,1
45,322,1
46,322,1
47,322,1
48,322,1
49,322,3
50,322,1
51,322,5
52,322,1
53,322,3
54,322,5
55,322,1
56,322,1
57,322,3
58,322,3
59,322,1
60,322,3
61,322,3
62,322,1
63,322,5
64,322,1
65,322,1
66,322,1
67,322,1
68,322,3
69,322,1
70,322,5
71,322,1
72,322,3
73,322,1
74,322,5
75,322,1
76,322,3
77,322,1
78,322,5
79,322,1
80,322,1
81,322,1
82,322,3
83,322,5
84,322,1
85,322,1
86,322,1
87,322,3
88,322,1
89,322,1
90,322,3
91,322,1
92,322,1
93,322,1
94,322,5
95,322,5
96,322,1
97,322,1
98,322,5
99,322,1
100,322,5
101,322,3
102,322,3
103,322,5
104,322,1
105,322,1
106,322,3
107,322,1
108,322,1
109,322,3
110,322,1
111,322,1
112,322,1
113,322,1
114,322,1
115,322,1
116,322,5
117,322,1
118,322,1
119,322,1
120,322,1
121,322,1
122,322,5
123,322,1
124,322,5
125,322,1
126,322,1
127,322,1
128,322,1
129,322,3
130,322,1
131,322,1
132,322,3
133,322,5
134,322,1
135,322,1
136,322,3
137,322,3
138,322,5
139,322,1
140,322,5
141,322,5
142,322,5
143,322,3
144,322,1
145,322,1
146,322,1
147,322,1
148,322,1
149,322,1
150,322,1
151,322,3
152,322,1
153,322,1
154,322,1
155,322,1
156,322,1
157,322,3
158,322,1
159,322,1
160,322,5
161,322,3
162,322,1
163,322,1
164,322,5
165,322,1
166,322,5
167,322,1
168,322,5
169,322,1
170,322,1
171,322,1
172,322,1
173,322,1
174,322,3
175,322,1
176,322,1
177,322,1
178,322,1
179,322,1
180,322,3
181,322,5
182,322,1
183,322,5
184,322,3
185,322,5
186,322,1
187,322,5
188,322,3
189,322,1
190,322,1
191,322,1
192,322,1
193,322,1
194,322,5
195,322,1
196,322,5
197,322,1
198,322,1
199,322,1
200,322,5
201,322,1
202,322,5
203,322,1
204,322,5
205,322,5
206,322,5
207,322,1
208,322,1
209,322,1
210,322,1
211,322,5
212,322,1
213,322,3
214,322,3
215,322,1
216,322,1
217,322,1
218,322,1
219,322,1
220,322,1
221,322,5
222,322,1
223,322,3
224,322,1
225,322,1
226,322,1
227,322,1
228,322,1
229,322,1
230,322,1
231,322,1
232,322,1
233,322,5
234,322,3
235,322,1
236,322,1
237,322,1
238,322,1
239,322,1
240,322,1
241,322,1
242,322,3
243,322,1
244,322,1
245,322,3
246,322,3
247,322,1
248,322,1
249,322,1
250,322,1
1,323,1
2,323,1
3,323,3
4,323,5
5,323,1
6,323,3
7,323,3
8,323,1
9,323,1
10,323,5
11,323,3
12,323,1
13,323,1
14,323,1
15,323,3
16,323,1
17,323,1
18,323,1
19,323,3
20,323,1
21,323,1
22,323,1
23,323,1
24,323,5
25,323,5
26,323,5
27,323,1
28,323,5
29,323,1
30,323,3
31,323,1
32,323,1
33,323,5
34,323,1
35,323,1
36,323,1
37,323,5
38,323,1
39,323,1
40,323,1
41,323,1
42,323,1
43,323,1
44,323,1
45,323,1
46,323,1
47,323,5
48,323,1
49,323,1
50,323,1
51,323,5
52,323,5
53,323,3
54,323,5
55,323,1
56,323,1
57,323,3
58,323,1
59,323,1
60,323,3
61,323,3
62,323,5
63,323,1
64,323,3
65,323,1
66,323,1
67,323,1
68,323,1
69,323,1
70,323,1
71,323,1
72,323,3
73,323,3
74,323,1
75,323,1
76,323,3
77,323,1
78,323,5
79,323,1
80,323,1
81,323,5
82,323,3
83,323,5
84,323,1
85,323,1
86,323,3
87,323,3
88,323,1
89,323,1
90,323,3
91,323,1
92,323,1
93,323,1
94,323,1
95,323,5
96,323,5
97,323,1
98,323,1
99,323,1
100,323,1
101,323,1
102,323,3
103,323,5
104,323,1
105,323,3
106,323,1
107,323,1
108,323,1
109,323,3
110,323,1
111,323,5
112,323,5
113,323,1
114,323,1
115,323,3
116,323,5
117,323,1
118,323,3
119,323,3
120,323,1
121,323,1
122,323,1
123,323,1
124,323,1
125,323,5
126,323,3
127,323,5
128,323,1
129,323,1
130,323,5
131,323,1
132,323,3
133,323,1
134,323,1
135,323,3
136,323,1
137,323,3
138,323,5
139,323,3
140,323,5
141,323,5
142,323,5
143,323,1
144,323,1
145,323,1
146,323,5
147,323,1
148,323,5
149,323,5
150,323,3
151,323,1
152,323,1
153,323,1
154,323,1
155,323,1
156,323,1
157,323,3
158,323,1
159,323,1
160,323,5
161,323,3
162,323,1
163,323,1
164,323,1
165,323,1
166,323,5
167,323,1
168,323,5
169,323,1
170,323,1
171,323,1
172,323,5
173,323,1
174,323,3
175,323,1
176,323,1
177,323,1
178,323,1
179,323,1
180,323,1
181,323,1
182,323,1
183,323,1
184,323,3
185,323,1
186,323,1
187,323,1
188,323,3
189,323,1
190,323,3
191,323,1
192,323,3
193,323,3
194,323,5
195,323,1
196,323,5
197,323,1
198,323,1
199,323,1
200,323,1
201,323,1
202,323,1
203,323,1
204,323,5
205,323,1
206,323,1
207,323,1
208,323,1
209,323,1
210,323,3
211,323,5
212,323,3
213,323,1
214,323,3
215,323,1
216,323,1
217,323,1
218,323,1
219,323,1
220,323,1
221,323,1
222,323,1
223,323,1
224,323,1
225,323,1
226,323,1
227,323,1
228,323,1
229,323,1
230,323,1
231,323,1
232,323,3
233,323,1
234,323,1
235,323,1
236,323,1
237,323,1
238,323,1
239,323,1
240,323,5
241,323,3
242,323,1
243,323,5
244,323,3
245,323,3
246,323,3
247,323,1
248,323,1
249,323,1
250,323,1
1,324,1
2,324,3
3,324,5
4,324,1
5,324,1
6,324,5
7,324,1
8,324,1
9,324,3
10,324,1
11,324,1
12,324,3
13,324,5
14,324,3
15,324,1
16,324,3
17,324,5
18,324,1
19,324,1
20,324,1
21,324,5
22,324,1
23,324,1
24,324,3
25,324,1
26,324,1
27,324,3
28,324,1
29,324,5
30,324,1
31,324,1
32,324,3
33,324,1
34,324,1
35,324,5
36,324,5
37,324,3
38,324,1
39,324,3
40,324,1
41,324,3
42,324,1
43,324,3
44,324,5
45,324,3
46,324,1
47,324,1
48,324,3
49,324,1
50,324,3
51,324,1
52,324,1
53,324,5
54,324,3
55,324,3
56,324,5
57,324,5
58,324,1
59,324,5
60,324,1
61,324,1
62,324,1
63,324,3
64,324,1
65,324,1
66,324,1
67,324,1
68,324,5
69,324,1
70,324,1
71,324,1
72,324,1
73,324,5
74,324,3
75,324,1
76,324,1
77,324,5
78,324,3
79,324,1
80,324,5
81,324,1
82,324,5
83,324,1
84,324,3
85,324,3
86,324,5
87,324,5
88,324,3
89,324,3
90,324,1
91,324,3
92,324,5
93,324,1
94,324,3
95,324,3
96,324,3
97,324,1
98,324,1
99,324,3
100,324,3
101,324,5
102,324,1
103,324,1
104,324,3
105,324,1
106,324,1
107,324,3
108,324,3
109,324,1
110,324,5
111,324,1
112,324,1
113,324,3
114,324,1
115,324,5
116,324,1
117,324,1
118,324,5
119,324,1
120,324,1
121,324,3
122,324,3
123,324,1
124,324,1
125,324,1
126,324,5
127,324,3
128,324,3
129,324,5
130,324,1
131,324,1
132,324,5
133,324,1
134,324,3
135,324,1
136,324,1
137,324,1
138,324,3
139,324,5
140,324,1
141,324,3
142,324,1
143,324,5
144,324,3
145,324,1
146,324,1
147,324,1
148,324,3
149,324,1
150,324,5
151,324,1
152,324,3
153,324,1
154,324,3
155,324,1
156,324,1
157,324,1
158,324,3
159,324,3
160,324,1
161,324,1
162,324,3
163,324,5
164,324,1
165,324,5
166,324,1
167,324,3
168,324,1
169,324,1
170,324,1
171,324,3
172,324,1
173,324,1
174,324,5
175,324,1
176,324,1
177,324,1
178,324,1
179,324,3
180,324,5
181,324,1
182,324,1
183,324,1
184,324,1
185,324,1
186,324,3
187,324,3
188,324,1
189,324,3
190,324,5
191,324,3
192,324,1
193,324,1
194,324,3
195,324,1
196,324,1
197,324,1
198,324,5
199,324,1
200,324,1
201,324,1
202,324,1
203,324,3
204,324,3
205,324,1
206,324,1
207,324,1
208,324,1
209,324,1
210,324,1
211,324,1
212,324,5
213,324,5
214,324,1
215,324,1
216,324,5
217,324,1
218,324,1
219,324,1
220,324,5
221,324,1
222,324,1
223,324,5
224,324,3
225,324,5
226,324,3
227,324,3
228,324,3
229,324,1
230,324,1
231,324,1
232,324,1
233,324,1
234,324,5
235,324,3
236,324,3
237,324,3
238,324,1
239,324,1
240,324,1
241,324,1
242,324,1
243,324,3
244,324,5
245,324,1
246,324,5
247,324,3
248,324,1
249,324,3
250,324,3
1,325,1
2,325,1
3,325,3
4,325,1
5,325,5
6,325,1
7,325,3
8,325,1
9,325,5
10,325,5
11,325,1
12,325,1
13,325,3
14,325,1
15,325,1
16,325,5
17,325,1
18,325,5
19,325,1
20,325,5
21,325,1
22,325,5
23,325,1
24,325,5
25,325,5
26,325,5
27,325,1
28,325,1
29,325,1
30,325,3
31,325,1
32,325,1
33,325,1
34,325,1
35,325,1
36,325,3
37,325,5
38,325,1
39,325,1
40,325,3
41,325,5
42,325,1
43,325,1
44,325,1
45,325,1
46,325,5
47,325,1
48,325,1
49,325,3
50,325,5
51,325,1
52,325,1
53,325,1
54,325,1
55,325,1
56,325,3
57,325,3
58,325,1
59,325,3
60,325,1
61,325,3
62,325,5
63,325,1
64,325,1
65,325,1
66,325,1
67,325,1
68,325,3
69,325,3
70,325,5
71,325,1
72,325,1
73,325,3
74,325,1
75,325,1
76,325,3
77,325,1
78,325,5
79,325,1
80,325,3
81,325,5
82,325,1
83,325,5
84,325,5
85,325,1
86,325,3
87,325,3
88,325,1
89,325,1
90,325,3
91,325,1
92,325,1
93,325,1
94,325,1
95,325,5
96,325,1
97,325,1
98,325,1
99,325,1
100,325,1
101,325,1
102,325,3
103,325,5
104,325,1
105,325,1
106,325,1
107,325,1
108,325,1
109,325,3
110,325,3
111,325,1
112,325,1
113,325,1
114,325,5
115,325,1
116,325,5
117,325,1
118,325,1
119,325,1
120,325,1
121,325,1
122,325,1
123,325,1
124,325,1
125,325,5
126,325,3
127,325,1
128,325,1
129,325,3
130,325,5
131,325,1
132,325,1
133,325,1
134,325,1
135,325,3
136,325,1
137,325,3
138,325,5
139,325,3
140,325,1
141,325,1
142,325,1
143,325,1
144,325,1
145,325,1
146,325,5
147,325,1
148,325,5
149,325,5
150,325,3
151,325,3
152,325,1
153,325,5
154,325,1
155,325,1
156,325,1
157,325,1
158,325,5
159,325,1
160,325,1
161,325,1
162,325,1
163,325,3
164,325,5
165,325,1
166,325,5
167,325,1
168,325,5
169,325,1
170,325,1
171,325,1
172,325,1
173,325,1
174,325,1
175,325,1
176,325,5
177,325,1
178,325,3
179,325,1
180,325,3
181,325,1
182,325,1
183,325,1
184,325,3
185,325,1
186,325,1
187,325,5
188,325,1
189,325,1
190,325,1
191,325,1
192,325,1
193,325,3
194,325,5
195,325,1
196,325,1
197,325,1
198,325,3
199,325,1
200,325,5
201,325,1
202,325,5
203,325,1
204,325,1
205,325,1
206,325,5
207,325,1
208,325,1
209,325,1
210,325,3
211,325,5
212,325,1
213,325,3
214,325,1
215,325,1
216,325,1
217,325,5
218,325,1
219,325,1
220,325,3
221,325,5
222,325,1
223,325,3
224,325,1
225,325,1
226,325,1
227,325,1
228,325,5
229,325,1
230,325,1
231,325,1
232,325,3
233,325,1
234,325,1
235,325,1
236,325,1
237,325,1
238,325,5
239,325,1
240,325,5
241,325,3
242,325,1
243,325,5
244,325,1
245,325,1
246,325,3
247,325,1
248,325,3
249,325,1
250,325,1
1,326,5
2,326,3
3,326,1
4,326,1
5,326,1
6,326,1
7,326,5
8,326,1
9,326,3
10,326,3
11,326,5
12,326,3
13,326,5
14,326,1
15,326,1
16,326,1
17,326,5
18,326,1
19,326,5
20,326,1
21,326,5
22,326,1
23,326,5
24,326,1
25,326,3
26,326,1
27,326,1
28,326,1
29,326,5
30,326,1
31,326,3
32,326,1
33,326,1
34,326,3
35,326,1
36,326,1
37,326,1
38,326,5
39,326,3
40,326,1
41,326,3
42,326,1
43,326,3
44,326,1
45,326,3
46,326,3
47,326,1
48,326,1
49,326,5
50,326,3
51,326,1
52,326,1
53,326,1
54,326,3
55,326,1
56,326,1
57,326,5
58,326,5
59,326,1
60,326,1
61,326,5
62,326,3
63,326,1
64,326,1
65,326,1
66,326,3
67,326,1
68,326,1
69,326,5
70,326,1
71,326,3
72,326,5
73,326,5
74,326,3
75,326,1
76,326,1
77,326,1
78,326,1
79,326,1
80,326,1
81,326,3
82,326,1
83,326,3
84,326,1
85,326,1
86,326,1
87,326,5
88,326,1
89,326,3
90,326,1
91,326,3
92,326,5
93,326,3
94,326,1
95,326,3
96,326,1
97,326,1
98,326,1
99,326,1
100,326,1
101,326,5
102,326,5
103,326,1
104,326,1
105,326,5
106,326,5
107,326,1
108,326,3
109,326,5
110,326,1
111,326,1
112,326,3
113,326,3
114,326,1
115,326,5
116,326,3
117,326,3
118,326,5
119,326,1
120,326,1
121,326,1
122,326,1
123,326,3
124,326,1
125,326,3
126,326,1
127,326,1
128,326,3
129,326,5
130,326,3
131,326,1
132,326,1
133,326,1
134,326,3
135,326,1
136,326,5
137,326,5
138,326,1
139,326,1
140,326,1
141,326,1
142,326,1
143,326,1
144,326,3
145,326,1
146,326,1
147,326,3
148,326,1
149,326,1
150,326,1
151,326,1
152,326,1
153,326,1
154,326,3
155,326,5
156,326,1
157,326,1
158,326,3
159,326,3
160,326,3
161,326,5
162,326,3
163,326,5
164,326,1
165,326,1
166,326,3
167,326,1
168,326,1
169,326,3
170,326,3
171,326,3
172,326,3
173,326,3
174,326,1
175,326,3
176,326,1
177,326,1
178,326,5
179,326,3
180,326,5
181,326,1
182,326,3
183,326,1
184,326,5
185,326,1
186,326,1
187,326,1
188,326,5
189,326,3
190,326,1
191,326,3
192,326,5
193,326,5
194,326,1
195,326,3
196,326,1
197,326,1
198,326,5
199,326,3
200,326,3
201,326,3
202,326,1
203,326,1
204,326,1
205,326,3
206,326,1
207,326,3
208,326,1
209,326,3
210,326,1
211,326,3
212,326,5
213,326,5
214,326,1
215,326,3
216,326,5
217,326,3
218,326,1
219,326,1
220,326,1
221,326,3
222,326,3
223,326,5
224,326,1
225,326,5
226,326,3
227,326,3
228,326,1
229,326,1
230,326,1
231,326,3
232,326,5
233,326,1
234,326,5
235,326,1
236,326,1
237,326,3
238,326,1
239,326,3
240,326,1
241,326,5
242,326,5
243,326,1
244,326,1
245,326,5
246,326,5
247,326,1
248,326,5
249,326,1
250,326,1
1,327,1
2,327,1
3,327,3
4,327,5
5,327,5
6,327,3
7,327,3
8,327,1
9,327,1
10,327,5
11,327,3
12,327,1
13,327,1
14,327,1
15,327,3
16,327,5
17,327,1
18,327,5
19,327,1
20,327,1
21,327,3
22,327,5
23,327,1
24,327,5
25,327,1
26,327,1
27,327,5
28,327,5
29,327,1
30,327,1
31,327,1
32,327,5
33,327,1
34,327,1
35,327,1
36,327,3
37,327,1
38,327,1
39,327,5
40,327,3
41,327,1
42,327,1
43,327,1
44,327,1
45,327,1
46,327,1
47,327,5
48,327,1
49,327,1
50,327,5
51,327,1
52,327,1
53,327,1
54,327,5
55,327,1
56,327,3
57,327,3
58,327,3
59,327,3
60,327,1
61,327,3
62,327,5
63,327,5
64,327,1
65,327,1
66,327,1
67,327,1
68,327,3
69,327,1
70,327,5
71,327,1
72,327,1
73,327,1
74,327,5
75,327,1
76,327,3
77,327,3
78,327,5
79,327,1
80,327,1
81,327,1
82,327,1
83,327,5
84,327,5
85,327,1
86,327,3
87,327,3
88,327,1
89,327,1
90,327,3
91,327,1
92,327,3
93,327,1
94,327,1
95,327,5
96,327,1
97,327,1
98,327,5
99,327,1
100,327,5
101,327,1
102,327,1
103,327,5
104,327,5
105,327,3
106,327,1
107,327,1
108,327,1
109,327,1
110,327,3
111,327,1
112,327,5
113,327,5
114,327,5
115,327,1
116,327,1
117,327,5
118,327,1
119,327,3
120,327,3
121,327,1
122,327,1
123,327,1
124,327,1
125,327,1
126,327,3
127,327,5
128,327,1
129,327,3
130,327,1
131,327,1
132,327,3
133,327,5
134,327,1
135,327,3
136,327,3
137,327,3
138,327,1
139,327,1
140,327,1
141,327,5
142,327,5
143,327,1
144,327,1
145,327,1
146,327,1
147,327,1
148,327,5
149,327,5
150,327,1
151,327,3
152,327,1
153,327,5
154,327,1
155,327,3
156,327,1
157,327,3
158,327,1
159,327,1
160,327,1
161,327,3
162,327,1
163,327,3
164,327,1
165,327,1
166,327,5
167,327,1
168,327,5
169,327,1
170,327,1
171,327,1
172,327,5
173,327,1
174,327,1
175,327,1
176,327,5
177,327,1
178,327,3
179,327,1
180,327,1
181,327,5
182,327,1
183,327,5
184,327,1
185,327,5
186,327,1
187,327,1
188,327,1
189,327,1
190,327,1
191,327,5
192,327,3
193,327,1
194,327,5
195,327,1
196,327,1
197,327,1
198,327,1
199,327,1
200,327,5
201,327,1
202,327,5
203,327,1
204,327,5
205,327,5
206,327,5
207,327,1
208,327,1
209,327,1
210,327,1
211,327,5
212,327,1
213,327,1
214,327,3
215,327,1
216,327,1
217,327,5
218,327,1
219,327,1
220,327,1
221,327,1
222,327,1
223,327,1
224,327,1
225,327,1
226,327,1
227,327,1
228,327,5
229,327,1
230,327,1
231,327,5
232,327,3
233,327,5
234,327,3
235,327,1
236,327,1
237,327,1
238,327,5
239,327,1
240,327,5
241,327,3
242,327,1
243,327,5
244,327,3
245,327,1
246,327,1
247,327,1
248,327,3
249,327,1
250,327,1
1,328,1
2,328,1
3,328,1
4,328,1
5,328,1
6,328,1
7,328,1
8,328,1
9,328,1
10,328,1
11,328,1
12,328,1
13,328,1
14,328,1
15,328,1
16,328,1
17,328,1
18,328,1
19,328,3
20,328,1
21,328,1
22,328,1
23,328,3
24,328,1
25,328,1
26,328,1
27,328,1
28,328,1
29,328,1
30,328,1
31,328,1
32,328,1
33,328,1
34,328,1
35,328,3
36,328,1
37,328,1
38,328,3
39,328,5
40,328,3
41,328,5
42,328,5
43,328,1
44,328,1
45,328,1
46,328,5
47,328,5
48,328,1
49,328,1
50,328,1
51,328,5
52,328,1
53,328,3
54,328,1
55,328,1
56,328,1
57,328,1
58,328,1
59,328,3
60,328,1
61,328,3
62,328,5
63,328,1
64,328,3
65,328,1
66,328,1
67,328,5
68,328,1
69,328,1
70,328,1
71,328,1
72,328,3
73,328,1
74,328,5
75,328,1
76,328,3
77,328,1
78,328,1
79,328,1
80,328,1
81,328,1
82,328,1
83,328,1
84,328,5
85,328,1
86,328,3
87,328,1
88,328,1
89,328,1
90,328,3
91,328,1
92,328,1
93,328,1
94,328,5
95,328,1
96,328,1
97,328,1
98,328,5
99,328,1
100,328,1
101,328,1
102,328,1
103,328,1
104,328,5
105,328,3
106,328,3
107,328,1
108,328,1
109,328,1
110,328,3
111,328,1
112,328,1
113,328,1
114,328,1
115,328,1
116,328,5
117,328,1
118,328,1
119,328,3
120,328,3
121,328,1
122,328,5
123,328,1
124,328,1
125,328,5
126,328,1
127,328,1
128,328,1
129,328,1
130,328,1
131,328,1
132,328,3
133,328,1
134,328,1
135,328,3
136,328,3
137,328,3
138,328,1
139,328,3
140,328,5
141,328,5
142,328,5
143,328,1
144,328,1
145,328,3
146,328,1
147,328,1
148,328,1
149,328,5
150,328,1
151,328,3
152,328,1
153,328,1
154,328,1
155,328,3
156,328,1
157,328,3
158,328,1
159,328,5
160,328,1
161,328,3
162,328,1
163,328,1
164,328,1
165,328,1
166,328,1
167,328,1
168,328,5
169,328,1
170,328,1
171,328,1
172,328,1
173,328,1
174,328,3
175,328,1
176,328,1
177,328,1
178,328,3
179,328,1
180,328,3
181,328,5
182,328,1
183,328,1
184,328,3
185,328,1
186,328,1
187,328,5
188,328,1
189,328,1
190,328,3
191,328,1
192,328,3
193,328,3
194,328,5
195,328,1
196,328,1
197,328,1
198,328,3
199,328,1
200,328,1
201,328,1
202,328,1
203,328,1
204,328,1
205,328,1
206,328,1
207,328,1
208,328,1
209,328,1
210,328,3
211,328,5
212,328,3
213,328,3
214,328,3
215,328,1
216,328,3
217,328,1
218,328,1
219,328,1
220,328,3
221,328,5
222,328,1
223,328,3
224,328,5
225,328,3
226,328,1
227,328,1
228,328,1
229,328,1
230,328,1
231,328,1
232,328,3
233,328,5
234,328,1
235,328,1
236,328,1
237,328,1
238,328,1
239,328,1
240,328,1
241,328,1
242,328,1
243,328,1
244,328,3
245,328,3
246,328,1
247,328,1
248,328,3
249,328,1
250,328,1
1,329,3
2,329,1
3,329,1
4,329,5
5,329,5
6,329,3
7,329,3
8,329,1
9,329,5
10,329,5
11,329,1
12,329,1
13,329,3
14,329,1
15,329,1
16,329,1
17,329,1
18,329,5
19,329,3
20,329,5
21,329,3
22,329,5
23,329,1
24,329,5
25,329,1
26,329,5
27,329,5
28,329,1
29,329,1
30,329,1
31,329,1
32,329,1
33,329,1
34,329,1
35,329,1
36,329,3
37,329,5
38,329,1
39,329,5
40,329,1
41,329,5
42,329,5
43,329,1
44,329,1
45,329,5
46,329,5
47,329,5
48,329,1
49,329,1
50,329,5
51,329,5
52,329,5
53,329,1
54,329,1
55,329,1
56,329,3
57,329,1
58,329,3
59,329,3
60,329,1
61,329,1
62,329,1
63,329,1
64,329,1
65,329,1
66,329,1
67,329,1
68,329,1
69,329,1
70,329,1
71,329,1
72,329,1
73,329,3
74,329,5
75,329,1
76,329,1
77,329,3
78,329,5
79,329,1
80,329,1
81,329,5
82,329,3
83,329,1
84,329,5
85,329,1
86,329,3
87,329,3
88,329,1
89,329,1
90,329,1
91,329,1
92,329,3
93,329,1
94,329,1
95,329,5
96,329,5
97,329,1
98,329,5
99,329,1
100,329,5
101,329,3
102,329,3
103,329,1
104,329,5
105,329,3
106,329,3
107,329,1
108,329,1
109,329,1
110,329,3
111,329,5
112,329,5
113,329,1
114,329,5
115,329,3
116,329,1
117,329,5
118,329,3
119,329,1
120,329,1
121,329,1
122,329,5
123,329,1
124,329,5
125,329,5
126,329,1
127,329,1
128,329,1
129,329,1
130,329,5
131,329,1
132,329,1
133,329,1
134,329,1
135,329,1
136,329,3
137,329,1
138,329,5
139,329,3
140,329,5
141,329,1
142,329,5
143,329,3
144,329,1
145,329,3
146,329,5
147,329,1
148,329,5
149,329,1
150,329,1
151,329,3
152,329,1
153,329,5
154,329,1
155,329,3
156,329,1
157,329,1
158,329,1
159,329,1
160,329,1
161,329,3
162,329,1
163,329,3
164,329,1
165,329,1
166,329,5
167,329,1
168,329,5
169,329,1
170,329,1
171,329,1
172,329,5
173,329,1
174,329,3
175,329,1
176,329,5
177,329,1
178,329,3
179,329,1
180,329,1
181,329,1
182,329,1
183,329,1
184,329,3
185,329,5
186,329,1
187,329,1
188,329,3
189,329,1
190,329,3
191,329,5
192,329,3
193,329,1
194,329,1
195,329,1
196,329,5
197,329,1
198,329,3
199,329,1
200,329,1
201,329,1
202,329,5
203,329,1
204,329,5
205,329,1
206,329,5
207,329,1
208,329,1
209,329,1
210,329,1
211,329,1
212,329,3
213,329,3
214,329,1
215,329,1
216,329,1
217,329,5
218,329,1
219,329,1
220,329,1
221,329,5
222,329,1
223,329,1
224,329,1
225,329,3
226,329,1
227,329,1
228,329,1
229,329,1
230,329,1
231,329,1
232,329,1
233,329,5
234,329,3
235,329,1
236,329,1
237,329,1
238,329,5
239,329,1
240,329,1
241,329,3
242,329,1
243,329,1
244,329,1
245,329,1
246,329,3
247,329,1
248,329,3
249,329,1
250,329,1
1,330,5
2,330,1
3,330,1
4,330,3
5,330,1
6,330,5
7,330,5
8,330,1
9,330,3
10,330,1
11,330,1
12,330,1
13,330,5
14,330,1
15,330,5
16,330,1
17,330,1
18,330,1
19,330,1
20,330,1
21,330,1
22,330,1
23,330,5
24,330,1
25,330,1
26,330,1
27,330,1
28,330,1
29,330,5
30,330,5
31,330,1
32,330,1
33,330,1
34,330,1
35,330,5
36,330,1
37,330,1
38,330,1
39,330,3
40,330,5
41,330,1
42,330,3
43,330,3
44,330,5
45,330,1
46,330,3
47,330,3
48,330,1
49,330,1
50,330,1
51,330,1
52,330,1
53,330,5
54,330,1
55,330,1
56,330,1
57,330,5
58,330,5
59,330,5
60,330,1
61,330,5
62,330,1
63,330,1
64,330,5
65,330,3
66,330,1
67,330,1
68,330,1
69,330,5
70,330,3
71,330,1
72,330,1
73,330,5
74,330,1
75,330,1
76,330,5
77,330,5
78,330,1
79,330,3
80,330,1
81,330,3
82,330,5
83,330,3
84,330,1
85,330,1
86,330,1
87,330,1
88,330,1
89,330,3
90,330,5
91,330,1
92,330,5
93,330,3
94,330,1
95,330,3
96,330,1
97,330,3
98,330,1
99,330,1
100,330,3
101,330,1
102,330,5
103,330,1
104,330,1
105,330,5
106,330,1
107,330,3
108,330,1
109,330,1
110,330,1
111,330,1
112,330,3
113,330,1
114,330,1
115,330,5
116,330,3
117,330,1
118,330,1
119,330,5
120,330,5
121,330,1
122,330,3
123,330,3
124,330,3
125,330,3
126,330,5
127,330,1
128,330,3
129,330,1
130,330,1
131,330,3
132,330,5
133,330,3
134,330,3
135,330,5
136,330,5
137,330,1
138,330,1
139,330,5
140,330,1
141,330,3
142,330,1
143,330,1
144,330,1
145,330,5
146,330,1
147,330,1
148,330,3
149,330,1
150,330,5
151,330,1
152,330,3
153,330,3
154,330,1
155,330,1
156,330,3
157,330,5
158,330,1
159,330,3
160,330,3
161,330,1
162,330,3
163,330,5
164,330,1
165,330,1
166,330,1
167,330,3
168,330,1
169,330,1
170,330,1
171,330,3
172,330,3
173,330,3
174,330,1
175,330,3
176,330,1
177,330,3
178,330,1
179,330,1
180,330,1
181,330,3
182,330,3
183,330,1
184,330,5
185,330,3
186,330,3
187,330,1
188,330,5
189,330,1
190,330,5
191,330,3
192,330,1
193,330,5
194,330,1
195,330,1
196,330,1
197,330,1
198,330,5
199,330,3
200,330,3
201,330,1
202,330,1
203,330,1
204,330,1
205,330,1
206,330,1
207,330,1
208,330,1
209,330,3
210,330,1
211,330,1
212,330,5
213,330,1
214,330,5
215,330,3
216,330,1
217,330,1
218,330,3
219,330,3
220,330,1
221,330,1
222,330,1
223,330,1
224,330,1
225,330,1
226,330,3
227,330,3
228,330,3
229,330,3
230,330,1
231,330,3
232,330,5
233,330,1
234,330,5
235,330,3
236,330,1
237,330,3
238,330,1
239,330,1
240,330,1
241,330,5
242,330,1
243,330,1
244,330,1
245,330,1
246,330,1
247,330,3
248,330,1
249,330,3
250,330,1
1,331,1
2,331,1
3,331,3
4,331,5
5,331,1
6,331,3
7,331,3
8,331,1
9,331,1
10,331,1
11,331,3
12,331,1
13,331,3
14,331,1
15,331,1
16,331,1
17,331,1
18,331,1
19,331,3
20,331,5
21,331,3
22,331,5
23,331,3
24,331,5
25,331,5
26,331,5
27,331,5
28,331,5
29,331,3
30,331,1
31,331,5
32,331,1
33,331,5
34,331,1
35,331,1
36,331,3
37,331,1
38,331,3
39,331,1
40,331,1
41,331,1
42,331,1
43,331,1
44,331,1
45,331,1
46,331,1
47,331,1
48,331,1
49,331,3
50,331,1
51,331,1
52,331,5
53,331,3
54,331,5
55,331,1
56,331,3
57,331,1
58,331,3
59,331,3
60,331,1
61,331,1
62,331,5
63,331,1
64,331,3
65,331,1
66,331,1
67,331,5
68,331,3
69,331,3
70,331,5
71,331,1
72,331,1
73,331,1
74,331,1
75,331,1
76,331,1
77,331,1
78,331,5
79,331,1
80,331,1
81,331,5
82,331,1
83,331,1
84,331,5
85,331,1
86,331,1
87,331,3
88,331,1
89,331,1
90,331,1
91,331,1
92,331,1
93,331,1
94,331,5
95,331,5
96,331,5
97,331,1
98,331,1
99,331,1
100,331,5
101,331,3
102,331,1
103,331,1
104,331,1
105,331,1
106,331,3
107,331,1
108,331,1
109,331,3
110,331,1
111,331,5
112,331,5
113,331,1
114,331,5
115,331,3
116,331,5
117,331,5
118,331,3
119,331,1
120,331,3
121,331,1
122,331,5
123,331,1
124,331,1
125,331,5
126,331,3
127,331,5
128,331,1
129,331,3
130,331,1
131,331,1
132,331,3
133,331,1
134,331,1
135,331,1
136,331,1
137,331,1
138,331,1
139,331,3
140,331,5
141,331,1
142,331,5
143,331,3
144,331,1
145,331,1
146,331,1
147,331,1
148,331,1
149,331,1
150,331,3
151,331,3
152,331,1
153,331,1
154,331,1
155,331,1
156,331,1
157,331,1
158,331,1
159,331,5
160,331,5
161,331,3
162,331,1
163,331,3
164,331,1
165,331,3
166,331,1
167,331,1
168,331,5
169,331,1
170,331,1
171,331,1
172,331,5
173,331,1
174,331,3
175,331,1
176,331,1
177,331,1
178,331,1
179,331,1
180,331,3
181,331,1
182,331,1
183,331,5
184,331,3
185,331,5
186,331,1
187,331,5
188,331,3
189,331,1
190,331,3
191,331,1
192,331,3
193,331,3
194,331,1
195,331,1
196,331,1
197,331,1
198,331,3
199,331,1
200,331,1
201,331,1
202,331,5
203,331,1
204,331,5
205,331,5
206,331,5
207,331,1
208,331,1
209,331,1
210,331,1
211,331,5
212,331,3
213,331,1
214,331,1
215,331,1
216,331,3
217,331,1
218,331,1
219,331,1
220,331,3
221,331,1
222,331,1
223,331,3
224,331,1
225,331,1
226,331,1
227,331,1
228,331,1
229,331,1
230,331,1
231,331,5
232,331,1
233,331,5
234,331,1
235,331,1
236,331,1
237,331,1
238,331,1
239,331,1
240,331,1
241,331,1
242,331,1
243,331,1
244,331,3
245,331,3
246,331,1
247,331,1
248,331,3
249,331,1
250,331,1
1,332,1
2,332,1
3,332,1
4,332,1
5,332,5
6,332,1
7,332,3
8,332,5
9,332,5
10,332,1
11,332,3
12,332,1
13,332,1
14,332,1
15,332,1
16,332,5
17,332,1
18,332,5
19,332,3
20,332,5
21,332,1
22,332,1
23,332,3
24,332,5
25,332,5
26,332,1
27,332,1
28,332,1
29,332,1
30,332,1
31,332,1
32,332,1
33,332,5
34,332,1
35,332,1
36,332,3
37,332,5
38,332,1
39,332,5
40,332,1
41,332,5
42,332,1
43,332,1
44,332,3
45,332,1
46,332,5
47,332,5
48,332,1
49,332,3
50,332,5
51,332,1
52,332,5
53,332,3
54,332,1
55,332,1
56,332,3
57,332,3
58,332,3
59,332,3
60,332,1
61,332,3
62,332,5
63,332,1
64,332,3
65,332,1
66,332,1
67,332,1
68,332,1
69,332,1
70,332,1
71,332,1
72,332,1
73,332,1
74,332,5
75,332,1
76,332,1
77,332,3
78,332,1
79,332,1
80,332,3
81,332,1
82,332,1
83,332,1
84,332,1
85,332,1
86,332,3
87,332,1
88,332,1
89,332,1
90,332,1
91,332,1
92,332,1
93,332,1
94,332,1
95,332,1
96,332,5
97,332,1
98,332,1
99,332,1
100,332,5
101,332,1
102,332,3
103,332,5
104,332,5
105,332,1
106,332,3
107,332,1
108,332,1
109,332,1
110,332,3
111,332,5
112,332,1
113,332,1
114,332,1
115,332,1
116,332,5
117,332,1
118,332,3
119,332,3
120,332,3
121,332,1
122,332,1
123,332,1
124,332,1
125,332,5
126,332,3
127,332,1
128,332,1
129,332,3
130,332,5
131,332,1
132,332,3
133,332,1
134,332,1
135,332,1
136,332,3
137,332,1
138,332,5
139,332,1
140,332,5
141,332,5
142,332,1
143,332,1
144,332,1
145,332,3
146,332,5
147,332,1
148,332,1
149,332,5
150,332,3
151,332,3
152,332,1
153,332,1
154,332,1
155,332,3
156,332,1
157,332,3
158,332,5
159,332,5
160,332,1
161,332,1
162,332,1
163,332,3
164,332,5
165,332,3
166,332,5
167,332,1
168,332,1
169,332,1
170,332,1
171,332,1
172,332,5
173,332,1
174,332,3
175,332,1
176,332,1
177,332,1
178,332,3
179,332,1
180,332,3
181,332,1
182,332,1
183,332,5
184,332,1
185,332,5
186,332,1
187,332,1
188,332,1
189,332,1
190,332,1
191,332,1
192,332,1
193,332,1
194,332,5
195,332,1
196,332,5
197,332,1
198,332,1
199,332,1
200,332,5
201,332,1
202,332,1
203,332,1
204,332,5
205,332,1
206,332,1
207,332,1
208,332,1
209,332,1
210,332,3
211,332,1
212,332,1
213,332,3
214,332,3
215,332,1
216,332,1
217,332,5
218,332,1
219,332,1
220,332,3
221,332,5
222,332,1
223,332,1
224,332,1
225,332,1
226,332,1
227,332,1
228,332,1
229,332,1
230,332,1
231,332,1
232,332,3
233,332,5
234,332,3
235,332,1
236,332,1
237,332,1
238,332,5
239,332,1
240,332,1
241,332,1
242,332,3
243,332,1
244,332,3
245,332,3
246,332,1
247,332,1
248,332,1
249,332,1
250,332,1
1,333,3
2,333,1
3,333,1
4,333,5
5,333,1
6,333,1
7,333,3
8,333,1
9,333,1
10,333,1
11,333,1
12,333,1
13,333,1
14,333,1
15,333,3
16,333,1
17,333,3
18,333,5
19,333,3
20,333,1
21,333,1
22,333,5
23,333,3
24,333,5
25,333,1
26,333,5
27,333,5
28,333,5
29,333,1
30,333,1
31,333,1
32,333,5
33,333,1
34,333,1
35,333,1
36,333,3
37,333,5
38,333,3
39,333,1
40,333,1
41,333,5
42,333,5
43,333,1
44,333,3
45,333,5
46,333,5
47,333,1
48,333,1
49,333,1
50,333,1
51,333,5
52,333,1
53,333,3
54,333,5
55,333,1
56,333,1
57,333,3
58,333,1
59,333,1
60,333,3
61,333,1
62,333,1
63,333,5
64,333,1
65,333,1
66,333,1
67,333,5
68,333,1
69,333,3
70,333,1
71,333,1
72,333,3
73,333,3
74,333,5
75,333,1
76,333,1
77,333,1
78,333,1
79,333,1
80,333,3
81,333,5
82,333,1
83,333,5
84,333,5
85,333,1
86,333,3
87,333,3
88,333,1
89,333,1
90,333,3
91,333,1
92,333,3
93,333,1
94,333,1
95,333,5
96,333,5
97,333,1
98,333,1
99,333,1
100,333,5
101,333,3
102,333,3
103,333,1
104,333,5
105,333,1
106,333,3
107,333,1
108,333,1
109,333,1
110,333,3
111,333,5
112,333,5
113,333,5
114,333,5
115,333,3
116,333,1
117,333,1
118,333,3
119,333,1
120,333,1
121,333,1
122,333,5
123,333,1
124,333,5
125,333,1
126,333,1
127,333,5
128,333,1
129,333,1
130,333,5
131,333,1
132,333,1
133,333,5
134,333,1
135,333,1
136,333,3
137,333,1
138,333,1
139,333,1
140,333,5
141,333,1
142,333,1
143,333,1
144,333,1
145,333,3
146,333,5
147,333,1
148,333,5
149,333,5
150,333,3
151,333,3
152,333,1
153,333,5
154,333,1
155,333,3
156,333,1
157,333,3
158,333,5
159,333,5
160,333,1
161,333,3
162,333,1
163,333,3
164,333,5
165,333,1
166,333,1
167,333,1
168,333,5
169,333,1
170,333,1
171,333,1
172,333,5
173,333,1
174,333,3
175,333,1
176,333,5
177,333,1
178,333,3
179,333,1
180,333,3
181,333,5
182,333,1
183,333,5
184,333,3
185,333,5
186,333,1
187,333,5
188,333,3
189,333,1
190,333,1
191,333,1
192,333,3
193,333,3
194,333,1
195,333,1
196,333,5
197,333,1
198,333,1
199,333,1
200,333,1
201,333,1
202,333,1
203,333,1
204,333,5
205,333,5
206,333,1
207,333,1
208,333,1
209,333,1
210,333,3
211,333,5
212,333,1
213,333,1
214,333,1
215,333,1
216,333,3
217,333,5
218,333,1
219,333,1
220,333,1
221,333,1
222,333,1
223,333,1
224,333,5
225,333,3
226,333,1
227,333,1
228,333,1
229,333,1
230,333,1
231,333,5
232,333,3
233,333,1
234,333,3
235,333,1
236,333,1
237,333,1
238,333,5
239,333,1
240,333,5
241,333,1
242,333,1
243,333,5
244,333,3
245,333,3
246,333,1
247,333,1
248,333,3
249,333,1
250,333,1
1,334,5
2,334,1
3,334,1
4,334,1
5,334,1
6,334,1
7,334,1
8,334,3
9,334,1
10,334,3
11,334,5
12,334,3
13,334,5
14,334,3
15,334,1
16,334,1
17,334,1
18,334,1
19,334,5
20,334,1
21,334,1
22,334,1
23,334,1
24,334,1
25,334,3
26,334,1
27,334,3
28,334,1
29,334,5
30,334,5
31,334,1
32,334,1
33,334,3
34,334,3
35,334,5
36,334,5
37,334,3
38,334,1
39,334,3
40,334,1
41,334,3
42,334,3
43,334,3
44,334,1
45,334,3
46,334,3
47,334,1
48,334,3
49,334,5
50,334,3
51,334,1
52,334,1
53,334,1
54,334,3
55,334,1
56,334,5
57,334,1
58,334,1
59,334,5
60,334,5
61,334,1
62,334,1
63,334,1
64,334,1
65,334,3
66,334,3
67,334,1
68,334,5
69,334,5
70,334,1
71,334,1
72,334,5
73,334,5
74,334,1
75,334,1
76,334,5
77,334,5
78,334,1
79,334,1
80,334,5
81,334,1
82,334,1
83,334,3
84,334,3
85,334,3
86,334,5
87,334,5
88,334,3
89,334,1
90,334,1
91,334,3
92,334,1
93,334,1
94,334,1
95,334,1
96,334,1
97,334,3
98,334,1
99,334,1
100,334,3
101,334,1
102,334,5
103,334,1
104,334,1
105,334,1
106,334,1
107,334,1
108,334,3
109,334,1
110,334,5
111,334,1
112,334,1
113,334,1
114,334,3
115,334,5
116,334,1
117,334,1
118,334,1
119,334,5
120,334,1
121,334,1
122,334,1
123,334,3
124,334,1
125,334,3
126,334,1
127,334,1
128,334,1
129,334,5
130,334,1
131,334,1
132,334,1
133,334,1
134,334,3
135,334,1
136,334,5
137,334,5
138,334,1
139,334,5
140,334,1
141,334,3
142,334,1
143,334,1
144,334,1
145,334,5
146,334,1
147,334,1
148,334,1
149,334,3
150,334,1
151,334,5
152,334,3
153,334,1
154,334,1
155,334,5
156,334,1
157,334,1
158,334,1
159,334,3
160,334,3
161,334,1
162,334,3
163,334,1
164,334,1
165,334,1
166,334,1
167,334,1
168,334,1
169,334,3
170,334,1
171,334,1
172,334,3
173,334,3
174,334,1
175,334,1
176,334,3
177,334,1
178,334,1
179,334,3
180,334,5
181,334,3
182,334,3
183,334,1
184,334,1
185,334,1
186,334,1
187,334,1
188,334,1
189,334,1
190,334,1
191,334,1
192,334,1
193,334,5
194,334,3
195,334,3
196,334,1
197,334,1
198,334,1
199,334,1
200,334,1
201,334,1
202,334,3
203,334,3
204,334,3
205,334,1
206,334,3
207,334,1
208,334,3
209,334,1
210,334,1
211,334,1
212,334,5
213,334,5
214,334,5
215,334,3
216,334,5
217,334,1
218,334,3
219,334,3
220,334,5
221,334,3
222,334,3
223,334,5
224,334,1
225,334,5
226,334,1
227,334,1
228,334,1
229,334,1
230,334,1
231,334,1
232,334,1
233,334,1
234,334,5
235,334,1
236,334,3
237,334,3
238,334,1
239,334,3
240,334,1
241,334,1
242,334,5
243,334,1
244,334,1
245,334,1
246,334,1
247,334,1
248,334,1
249,334,3
250,334,3
1,335,5
2,335,3
3,335,1
4,335,1
5,335,1
6,335,1
7,335,1
8,335,1
9,335,1
10,335,3
11,335,1
12,335,3
13,335,5
14,335,3
15,335,5
16,335,1
17,335,1
18,335,1
19,335,5
20,335,3
21,335,5
22,335,1
23,335,5
24,335,1
25,335,1
26,335,1
27,335,3
28,335,1
29,335,1
30,335,5
31,335,3
32,335,1
33,335,1
34,335,3
35,335,5
36,335,1
37,335,1
38,335,1
39,335,3
40,335,5
41,335,1
42,335,3
43,335,1
44,335,1
45,335,1
46,335,1
47,335,1
48,335,3
49,335,5
50,335,3
51,335,3
52,335,1
53,335,5
54,335,1
55,335,1
56,335,5
57,335,5
58,335,5
59,335,1
60,335,5
61,335,5
62,335,1
63,335,1
64,335,1
65,335,3
66,335,3
67,335,1
68,335,5
69,335,5
70,335,3
71,335,3
72,335,1
73,335,5
74,335,1
75,335,1
76,335,5
77,335,5
78,335,1
79,335,3
80,335,1
81,335,3
82,335,1
83,335,1
84,335,3
85,335,1
86,335,1
87,335,1
88,335,3
89,335,1
90,335,1
91,335,1
92,335,1
93,335,1
94,335,1
95,335,3
96,335,1
97,335,3
98,335,1
99,335,3
100,335,1
101,335,5
102,335,5
103,335,1
104,335,1
105,335,5
106,335,1
107,335,3
108,335,3
109,335,1
110,335,1
111,335,1
112,335,1
113,335,1
114,335,1
115,335,5
116,335,3
117,335,1
118,335,1
119,335,5
120,335,5
121,335,1
122,335,3
123,335,1
124,335,1
125,335,1
126,335,1
127,335,1
128,335,1
129,335,1
130,335,1
131,335,1
132,335,1
133,335,1
134,335,1
135,335,1
136,335,1
137,335,5
138,335,3
139,335,5
140,335,1
141,335,3
142,335,3
143,335,5
144,335,3
145,335,5
146,335,1
147,335,3
148,335,1
149,335,1
150,335,5
151,335,5
152,335,1
153,335,3
154,335,1
155,335,5
156,335,3
157,335,1
158,335,1
159,335,1
160,335,1
161,335,1
162,335,1
163,335,5
164,335,3
165,335,5
166,335,3
167,335,3
168,335,1
169,335,3
170,335,1
171,335,1
172,335,3
173,335,1
174,335,1
175,335,1
176,335,1
177,335,1
178,335,5
179,335,1
180,335,5
181,335,3
182,335,1
183,335,3
184,335,5
185,335,1
186,335,3
187,335,3
188,335,1
189,335,1
190,335,1
191,335,1
192,335,5
193,335,5
194,335,3
195,335,3
196,335,1
197,335,3
198,335,5
199,335,3
200,335,1
201,335,3
202,335,3
203,335,3
204,335,1
205,335,1
206,335,3
207,335,3
208,335,3
209,335,1
210,335,5
211,335,1
212,335,1
213,335,5
214,335,1
215,335,3
216,335,1
217,335,1
218,335,1
219,335,1
220,335,1
221,335,1
222,335,1
223,335,1
224,335,3
225,335,5
226,335,3
227,335,3
228,335,3
229,335,3
230,335,3
231,335,3
232,335,5
233,335,1
234,335,5
235,335,1
236,335,3
237,335,3
238,335,1
239,335,3
240,335,3
241,335,1
242,335,5
243,335,1
244,335,5
245,335,5
246,335,1
247,335,3
248,335,5
249,335,3
250,335,3
1,336,1
2,336,1
3,336,3
4,336,1
5,336,1
6,336,3
7,336,1
8,336,1
9,336,5
10,336,5
11,336,1
12,336,1
13,336,1
14,336,1
15,336,1
16,336,5
17,336,1
18,336,5
19,336,3
20,336,5
21,336,1
22,336,5
23,336,3
24,336,5
25,336,1
26,336,1
27,336,1
28,336,5
29,336,1
30,336,1
31,336,5
32,336,5
33,336,5
34,336,1
35,336,3
36,336,3
37,336,1
38,336,1
39,336,5
40,336,1
41,336,5
42,336,1
43,336,1
44,336,1
45,336,5
46,336,5
47,336,5
48,336,1
49,336,3
50,336,5
51,336,5
52,336,5
53,336,1
54,336,1
55,336,1
56,336,3
57,336,3
58,336,3
59,336,3
60,336,3
61,336,3
62,336,1
63,336,5
64,336,3
65,336,1
66,336,1
67,336,1
68,336,3
69,336,1
70,336,5
71,336,1
72,336,1
73,336,1
74,336,5
75,336,1
76,336,1
77,336,1
78,336,5
79,336,1
80,336,3
81,336,5
82,336,3
83,336,5
84,336,5
85,336,1
86,336,1
87,336,3
88,336,1
89,336,1
90,336,1
91,336,1
92,336,3
93,336,1
94,336,5
95,336,5
96,336,1
97,336,1
98,336,5
99,336,1
100,336,5
101,336,1
102,336,3
103,336,1
104,336,1
105,336,3
106,336,3
107,336,1
108,336,1
109,336,3
110,336,3
111,336,1
112,336,1
113,336,5
114,336,1
115,336,1
116,336,5
117,336,5
118,336,3
119,336,3
120,336,3
121,336,1
122,336,5
123,336,1
124,336,5
125,336,1
126,336,3
127,336,1
128,336,1
129,336,3
130,336,5
131,336,1
132,336,3
133,336,5
134,336,1
135,336,1
136,336,3
137,336,1
138,336,5
139,336,3
140,336,5
141,336,5
142,336,1
143,336,1
144,336,1
145,336,3
146,336,5
147,336,1
148,336,1
149,336,5
150,336,3
151,336,1
152,336,1
153,336,5
154,336,1
155,336,1
156,336,1
157,336,1
158,336,5
159,336,5
160,336,5
161,336,1
162,336,1
163,336,1
164,336,5
165,336,3
166,336,5
167,336,1
168,336,5
169,336,1
170,336,1
171,336,1
172,336,1
173,336,1
174,336,3
175,336,1
176,336,1
177,336,1
178,336,3
179,336,1
180,336,1
181,336,5
182,336,1
183,336,5
184,336,1
185,336,1
186,336,1
187,336,1
188,336,1
189,336,1
190,336,1
191,336,1
192,336,3
193,336,1
194,336,1
195,336,1
196,336,5
197,336,1
198,336,3
199,336,1
200,336,5
201,336,1
202,336,1
203,336,1
204,336,1
205,336,5
206,336,5
207,336,1
208,336,1
209,336,1
210,336,1
211,336,1
212,336,3
213,336,1
214,336,3
215,336,1
216,336,3
217,336,1
218,336,1
219,336,1
220,336,1
221,336,1
222,336,1
223,336,3
224,336,5
225,336,1
226,336,1
227,336,1
228,336,5
229,336,1
230,336,1
231,336,5
232,336,3
233,336,1
234,336,1
235,336,1
236,336,1
237,336,1
238,336,1
239,336,1
240,336,5
241,336,1
242,336,3
243,336,1
244,336,3
245,336,1
246,336,3
247,336,1
248,336,1
249,336,1
250,336,1
1,337,1
2,337,1
3,337,3
4,337,5
5,337,5
6,337,3
7,337,3
8,337,1
9,337,5
10,337,5
11,337,1
12,337,1
13,337,3
14,337,1
15,337,3
16,337,1
17,337,1
18,337,1
19,337,3
20,337,1
21,337,1
22,337,5
23,337,3
24,337,5
25,337,5
26,337,5
27,337,1
28,337,5
29,337,3
30,337,3
31,337,5
32,337,1
33,337,1
34,337,1
35,337,1
36,337,1
37,337,5
38,337,3
39,337,5
40,337,3
41,337,1
42,337,5
43,337,1
44,337,3
45,337,5
46,337,5
47,337,5
48,337,1
49,337,3
50,337,5
51,337,1
52,337,1
53,337,1
54,337,1
55,337,1
56,337,3
57,337,3
58,337,3
59,337,1
60,337,1
61,337,3
62,337,1
63,337,5
64,337,3
65,337,1
66,337,1
67,337,5
68,337,3
69,337,1
70,337,5
71,337,1
72,337,3
73,337,1
74,337,1
75,337,1
76,337,1
77,337,1
78,337,5
79,337,1
80,337,3
81,337,5
82,337,3
83,337,1
84,337,5
85,337,1
86,337,1
87,337,1
88,337,1
89,337,1
90,337,3
91,337,1
92,337,3
93,337,1
94,337,1
95,337,1
96,337,5
97,337,1
98,337,5
99,337,1
100,337,5
101,337,1
102,337,1
103,337,1
104,337,5
105,337,3
106,337,1
107,337,1
108,337,1
109,337,1
110,337,3
111,337,1
112,337,5
113,337,1
114,337,1
115,337,3
116,337,5
117,337,1
118,337,1
119,337,1
120,337,1
121,337,1
122,337,1
123,337,1
124,337,1
125,337,5
126,337,3
127,337,5
128,337,1
129,337,1
130,337,1
131,337,1
132,337,3
133,337,5
134,337,1
135,337,1
136,337,3
137,337,3
138,337,5
139,337,3
140,337,1
141,337,5
142,337,1
143,337,1
144,337,1
145,337,1
146,337,5
147,337,1
148,337,5
149,337,5
150,337,1
151,337,1
152,337,1
153,337,5
154,337,1
155,337,3
156,337,1
157,337,1
158,337,5
159,337,1
160,337,5
161,337,3
162,337,1
163,337,1
164,337,5
165,337,1
166,337,1
167,337,1
168,337,1
169,337,1
170,337,1
171,337,1
172,337,5
173,337,1
174,337,1
175,337,1
176,337,5
177,337,1
178,337,3
179,337,1
180,337,1
181,337,1
182,337,1
183,337,5
184,337,3
185,337,1
186,337,1
187,337,1
188,337,1
189,337,1
190,337,3
191,337,5
192,337,3
193,337,1
194,337,1
195,337,1
196,337,5
197,337,1
198,337,1
199,337,1
200,337,1
201,337,1
202,337,1
203,337,1
204,337,5
205,337,1
206,337,5
207,337,1
208,337,1
209,337,1
210,337,3
211,337,5
212,337,1
213,337,1
214,337,3
215,337,1
216,337,3
217,337,1
218,337,1
219,337,1
220,337,3
221,337,5
222,337,1
223,337,1
224,337,1
225,337,1
226,337,1
227,337,1
228,337,1
229,337,1
230,337,1
231,337,5
232,337,3
233,337,1
234,337,3
235,337,1
236,337,1
237,337,1
238,337,5
239,337,1
240,337,5
241,337,3
242,337,3
243,337,5
244,337,3
245,337,1
246,337,3
247,337,1
248,337,1
249,337,1
250,337,1
1,338,3
2,338,1
3,338,1
4,338,5
5,338,5
6,338,3
7,338,1
8,338,1
9,338,5
10,338,5
11,338,3
12,338,1
13,338,1
14,338,1
15,338,1
16,338,5
17,338,1
18,338,1
19,338,1
20,338,5
21,338,3
22,338,5
23,338,1
24,338,5
25,338,1
26,338,1
27,338,1
28,338,5
29,338,3
30,338,3
31,338,1
32,338,1
33,338,1
34,338,1
35,338,1
36,338,3
37,338,1
38,338,3
39,338,5
40,338,1
41,338,1
42,338,1
43,338,1
44,338,3
45,338,1
46,338,5
47,338,1
48,338,1
49,338,1
50,338,5
51,338,1
52,338,5
53,338,3
54,338,1
55,338,1
56,338,3
57,338,1
58,338,3
59,338,1
60,338,3
61,338,1
62,338,1
63,338,5
64,338,1
65,338,1
66,338,1
67,338,5
68,338,3
69,338,3
70,338,5
71,338,1
72,338,1
73,338,1
74,338,1
75,338,1
76,338,1
77,338,1
78,338,1
79,338,1
80,338,3
81,338,1
82,338,3
83,338,1
84,338,1
85,338,1
86,338,3
87,338,3
88,338,1
89,338,1
90,338,1
91,338,1
92,338,1
93,338,1
94,338,5
95,338,5
96,338,1
97,338,1
98,338,1
99,338,1
100,338,1
101,338,3
102,338,3
103,338,5
104,338,5
105,338,3
106,338,1
107,338,1
108,338,1
109,338,1
110,338,1
111,338,1
112,338,1
113,338,1
114,338,5
115,338,3
116,338,1
117,338,5
118,338,1
119,338,1
120,338,3
121,338,1
122,338,1
123,338,1
124,338,1
125,338,1
126,338,3
127,338,5
128,338,1
129,338,3
130,338,1
131,338,1
132,338,3
133,338,5
134,338,1
135,338,3
136,338,3
137,338,1
138,338,1
139,338,1
140,338,1
141,338,5
142,338,5
143,338,1
144,338,1
145,338,3
146,338,1
147,338,1
148,338,5
149,338,5
150,338,3
151,338,1
152,338,1
153,338,5
154,338,1
155,338,1
156,338,1
157,338,3
158,338,1
159,338,1
160,338,1
161,338,1
162,338,1
163,338,1
164,338,5
165,338,3
166,338,1
167,338,1
168,338,5
169,338,1
170,338,1
171,338,1
172,338,1
173,338,1
174,338,3
175,338,1
176,338,5
177,338,1
178,338,1
179,338,1
180,338,3
181,338,5
182,338,1
183,338,1
184,338,3
185,338,5
186,338,1
187,338,5
188,338,1
189,338,1
190,338,1
191,338,5
192,338,1
193,338,1
194,338,5
195,338,1
196,338,1
197,338,1
198,338,1
199,338,1
200,338,1
201,338,1
202,338,1
203,338,1
204,338,5
205,338,5
206,338,5
207,338,1
208,338,1
209,338,1
210,338,3
211,338,5
212,338,3
213,338,3
214,338,1
215,338,1
216,338,1
217,338,5
218,338,1
219,338,1
220,338,3
221,338,5
222,338,1
223,338,1
224,338,1
225,338,1
226,338,1
227,338,1
228,338,1
229,338,1
230,338,1
231,338,1
232,338,3
233,338,5
234,338,1
235,338,1
236,338,1
237,338,1
238,338,1
239,338,1
240,338,1
241,338,3
242,338,3
243,338,5
244,338,3
245,338,1
246,338,3
247,338,1
248,338,1
249,338,1
250,338,1
1,339,1
2,339,1
3,339,5
4,339,1
5,339,3
6,339,5
7,339,5
8,339,1
9,339,1
10,339,3
11,339,5
12,339,3
13,339,1
14,339,1
15,339,1
16,339,1
17,339,5
18,339,1
19,339,1
20,339,3
21,339,1
22,339,1
23,339,1
24,339,1
25,339,3
26,339,1
27,339,3
28,339,1
29,339,5
30,339,1
31,339,1
32,339,1
33,339,1
34,339,1
35,339,1
36,339,5
37,339,1
38,339,5
39,339,1
40,339,1
41,339,1
42,339,1
43,339,1
44,339,1
45,339,1
46,339,1
47,339,1
48,339,1
49,339,5
50,339,1
51,339,1
52,339,1
53,339,5
54,339,3
55,339,1
56,339,5
57,339,1
58,339,5
59,339,5
60,339,5
61,339,1
62,339,1
63,339,1
64,339,5
65,339,1
66,339,1
67,339,1
68,339,5
69,339,1
70,339,1
71,339,1
72,339,5
73,339,5
74,339,1
75,339,3
76,339,5
77,339,5
78,339,1
79,339,1
80,339,1
81,339,1
82,339,1
83,339,1
84,339,1
85,339,3
86,339,1
87,339,1
88,339,3
89,339,1
90,339,1
91,339,3
92,339,5
93,339,3
94,339,3
95,339,1
96,339,1
97,339,3
98,339,1
99,339,1
100,339,1
101,339,1
102,339,5
103,339,1
104,339,3
105,339,1
106,339,5
107,339,3
108,339,3
109,339,1
110,339,5
111,339,3
112,339,1
113,339,3
114,339,3
115,339,5
116,339,3
117,339,1
118,339,5
119,339,5
120,339,5
121,339,1
122,339,1
123,339,1
124,339,1
125,339,1
126,339,5
127,339,1
128,339,1
129,339,1
130,339,1
131,339,3
132,339,1
133,339,1
134,339,1
135,339,1
136,339,1
137,339,1
138,339,1
139,339,5
140,339,3
141,339,3
142,339,1
143,339,1
144,339,1
145,339,5
146,339,3
147,339,3
148,339,1
149,339,3
150,339,1
151,339,1
152,339,3
153,339,3
154,339,3
155,339,1
156,339,3
157,339,5
158,339,3
159,339,1
160,339,3
161,339,5
162,339,3
163,339,1
164,339,3
165,339,1
166,339,1
167,339,1
168,339,1
169,339,3
170,339,3
171,339,3
172,339,1
173,339,1
174,339,1
175,339,3
176,339,3
177,339,3
178,339,5
179,339,3
180,339,1
181,339,1
182,339,1
183,339,1
184,339,1
185,339,1
186,339,1
187,339,3
188,339,5
189,339,3
190,339,5
191,339,3
192,339,5
193,339,5
194,339,1
195,339,1
196,339,1
197,339,3
198,339,1
199,339,3
200,339,1
201,339,3
202,339,3
203,339,1
204,339,3
205,339,3
206,339,1
207,339,1
208,339,3
209,339,1
210,339,1
211,339,3
212,339,1
213,339,1
214,339,1
215,339,3
216,339,1
217,339,1
218,339,1
219,339,3
220,339,1
221,339,1
222,339,3
223,339,1
224,339,1
225,339,5
226,339,1
227,339,3
228,339,1
229,339,1
230,339,3
231,339,1
232,339,5
233,339,3
234,339,5
235,339,3
236,339,1
237,339,3
238,339,1
239,339,1
240,339,3
241,339,5
242,339,5
243,339,1
244,339,5
245,339,5
246,339,1
247,339,3
248,339,1
249,339,3
250,339,1
1,340,1
2,340,1
3,340,1
4,340,1
5,340,3
6,340,1
7,340,5
8,340,1
9,340,1
10,340,1
11,340,1
12,340,1
13,340,5
14,340,3
15,340,5
16,340,3
17,340,1
18,340,3
19,340,5
20,340,1
21,340,5
22,340,1
23,340,5
24,340,1
25,340,1
26,340,3
27,340,1
28,340,3
29,340,1
30,340,5
31,340,1
32,340,1
33,340,1
34,340,1
35,340,5
36,340,1
37,340,1
38,340,1
39,340,1
40,340,1
41,340,1
42,340,1
43,340,1
44,340,1
45,340,1
46,340,1
47,340,1
48,340,1
49,340,1
50,340,1
51,340,1
52,340,1
53,340,5
54,340,3
55,340,1
56,340,5
57,340,1
58,340,1
59,340,1
60,340,5
61,340,5
62,340,1
63,340,1
64,340,5
65,340,1
66,340,1
67,340,1
68,340,1
69,340,5
70,340,3
71,340,1
72,340,1
73,340,1
74,340,1
75,340,1
76,340,5
77,340,1
78,340,1
79,340,1
80,340,1
81,340,1
82,340,1
83,340,1
84,340,3
85,340,3
86,340,1
87,340,5
88,340,1
89,340,3
90,340,5
91,340,1
92,340,1
93,340,1
94,340,1
95,340,1
96,340,1
97,340,1
98,340,1
99,340,1
100,340,1
101,340,1
102,340,5
103,340,1
104,340,1
105,340,1
106,340,5
107,340,3
108,340,1
109,340,1
110,340,5
111,340,1
112,340,1
113,340,3
114,340,1
115,340,1
116,340,1
117,340,1
118,340,1
119,340,1
120,340,5
121,340,3
122,340,1
123,340,3
124,340,1
125,340,1
126,340,1
127,340,1
128,340,1
129,340,1
130,340,3
131,340,1
132,340,1
133,340,3
134,340,1
135,340,5
136,340,5
137,340,1
138,340,1
139,340,1
140,340,1
141,340,3
142,340,3
143,340,5
144,340,1
145,340,5
146,340,1
147,340,3
148,340,3
149,340,1
150,340,1
151,340,1
152,340,3
153,340,1
154,340,3
155,340,5
156,340,1
157,340,5
158,340,3
159,340,1
160,340,1
161,340,1
162,340,3
163,340,1
164,340,3
165,340,1
166,340,1
167,340,1
168,340,3
169,340,3
170,340,1
171,340,3
172,340,1
173,340,3
174,340,5
175,340,3
176,340,1
177,340,3
178,340,5
179,340,1
180,340,5
181,340,1
182,340,3
183,340,1
184,340,5
185,340,3
186,340,3
187,340,1
188,340,5
189,340,3
190,340,1
191,340,1
192,340,1
193,340,1
194,340,1
195,340,1
196,340,1
197,340,3
198,340,1
199,340,3
200,340,1
201,340,1
202,340,3
203,340,1
204,340,1
205,340,1
206,340,3
207,340,1
208,340,1
209,340,3
210,340,1
211,340,1
212,340,1
213,340,5
214,340,5
215,340,1
216,340,5
217,340,1
218,340,3
219,340,3
220,340,5
221,340,3
222,340,1
223,340,1
224,340,3
225,340,1
226,340,3
227,340,3
228,340,3
229,340,1
230,340,3
231,340,1
232,340,5
233,340,1
234,340,5
235,340,3
236,340,3
237,340,3
238,340,1
239,340,1
240,340,1
241,340,5
242,340,1
243,340,1
244,340,1
245,340,5
246,340,1
247,340,3
248,340,1
249,340,3
250,340,3
1,341,5
2,341,3
3,341,1
4,341,3
5,341,1
6,341,1
7,341,1
8,341,1
9,341,1
10,341,1
11,341,1
12,341,3
13,341,5
14,341,3
15,341,1
16,341,3
17,341,5
18,341,1
19,341,1
20,341,1
21,341,1
22,341,3
23,341,5
24,341,1
25,341,1
26,341,3
27,341,1
28,341,1
29,341,1
30,341,5
31,341,3
32,341,1
33,341,1
34,341,1
35,341,1
36,341,1
37,341,1
38,341,1
39,341,1
40,341,1
41,341,1
42,341,1
43,341,1
44,341,5
45,341,3
46,341,1
47,341,1
48,341,1
49,341,5
50,341,1
51,341,1
52,341,3
53,341,5
54,341,1
55,341,1
56,341,5
57,341,5
58,341,5
59,341,1
60,341,5
61,341,5
62,341,1
63,341,3
64,341,1
65,341,1
66,341,1
67,341,3
68,341,5
69,341,5
70,341,3
71,341,1
72,341,1
73,341,5
74,341,3
75,341,1
76,341,5
77,341,1
78,341,1
79,341,3
80,341,1
81,341,1
82,341,1
83,341,1
84,341,3
85,341,1
86,341,5
87,341,1
88,341,1
89,341,1
90,341,1
91,341,3
92,341,1
93,341,1
94,341,1
95,341,1
96,341,3
97,341,1
98,341,1
99,341,1
100,341,1
101,341,5
102,341,5
103,341,1
104,341,1
105,341,1
106,341,5
107,341,1
108,341,1
109,341,5
110,341,1
111,341,1
112,341,1
113,341,3
114,341,3
115,341,5
116,341,3
117,341,3
118,341,5
119,341,5
120,341,5
121,341,1
122,341,3
123,341,3
124,341,1
125,341,1
126,341,1
127,341,1
128,341,3
129,341,1
130,341,1
131,341,3
132,341,5
133,341,1
134,341,3
135,341,1
136,341,5
137,341,1
138,341,3
139,341,1
140,341,3
141,341,1
142,341,1
143,341,1
144,341,3
145,341,1
146,341,3
147,341,3
148,341,1
149,341,1
150,341,5
151,341,5
152,341,3
153,341,3
154,341,3
155,341,1
156,341,1
157,341,5
158,341,1
159,341,1
160,341,1
161,341,5
162,341,3
163,341,5
164,341,1
165,341,5
166,341,3
167,341,3
168,341,1
169,341,1
170,341,3
171,341,1
172,341,1
173,341,3
174,341,5
175,341,1
176,341,1
177,341,1
178,341,1
179,341,3
180,341,5
181,341,1
182,341,1
183,341,1
184,341,5
185,341,1
186,341,3
187,341,3
188,341,5
189,341,1
190,341,1
191,341,3
192,341,1
193,341,5
194,341,1
195,341,3
196,341,1
197,341,3
198,341,5
199,341,3
200,341,3
201,341,3
202,341,3
203,341,1
204,341,1
205,341,1
206,341,3
207,341,3
208,341,1
209,341,3
210,341,5
211,341,1
212,341,1
213,341,5
214,341,5
215,341,1
216,341,5
217,341,1
218,341,3
219,341,3
220,341,1
221,341,1
222,341,3
223,341,1
224,341,1
225,341,5
226,341,3
227,341,1
228,341,1
229,341,3
230,341,3
231,341,1
232,341,1
233,341,1
234,341,1
235,341,1
236,341,3
237,341,1
238,341,3
239,341,1
240,341,1
241,341,5
242,341,1
243,341,1
244,341,5
245,341,1
246,341,1
247,341,1
248,341,1
249,341,1
250,341,3
1,342,5
2,342,3
3,342,1
4,342,1
5,342,3
6,342,1
7,342,1
8,342,1
9,342,1
10,342,1
11,342,1
12,342,1
13,342,1
14,342,1
15,342,5
16,342,1
17,342,1
18,342,3
19,342,5
20,342,1
21,342,5
22,342,3
23,342,1
24,342,1
25,342,1
26,342,1
27,342,1
28,342,1
29,342,5
30,342,5
31,342,3
32,342,1
33,342,1
34,342,3
35,342,1
36,342,1
37,342,1
38,342,1
39,342,3
40,342,1
41,342,1
42,342,3
43,342,1
44,342,1
45,342,3
46,342,1
47,342,1
48,342,3
49,342,1
50,342,1
51,342,3
52,342,1
53,342,1
54,342,3
55,342,1
56,342,1
57,342,5
58,342,5
59,342,5
60,342,5
61,342,1
62,342,1
63,342,1
64,342,1
65,342,1
66,342,1
67,342,1
68,342,5
69,342,1
70,342,1
71,342,3
72,342,1
73,342,5
74,342,1
75,342,1
76,342,1
77,342,1
78,342,1
79,342,1
80,342,1
81,342,3
82,342,1
83,342,3
84,342,1
85,342,1
86,342,1
87,342,5
88,342,1
89,342,3
90,342,5
91,342,3
92,342,1
93,342,3
94,342,1
95,342,3
96,342,3
97,342,3
98,342,3
99,342,3
100,342,3
101,342,5
102,342,1
103,342,1
104,342,1
105,342,5
106,342,1
107,342,3
108,342,1
109,342,5
110,342,1
111,342,1
112,342,3
113,342,3
114,342,1
115,342,5
116,342,1
117,342,3
118,342,1
119,342,1
120,342,5
121,342,1
122,342,1
123,342,1
124,342,3
125,342,1
126,342,1
127,342,1
128,342,1
129,342,5
130,342,1
131,342,3
132,342,1
133,342,1
134,342,1
135,342,1
136,342,5
137,342,1
138,342,3
139,342,1
140,342,1
141,342,1
142,342,3
143,342,1
144,342,1
145,342,5
146,342,1
147,342,3
148,342,1
149,342,1
150,342,5
151,342,1
152,342,3
153,342,1
154,342,1
155,342,1
156,342,1
157,342,1
158,342,3
159,342,1
160,342,1
161,342,1
162,342,3
163,342,5
164,342,1
165,342,5
166,342,1
167,342,3
168,342,3
169,342,1
170,342,1
171,342,1
172,342,1
173,342,1
174,342,5
175,342,3
176,342,3
177,342,3
178,342,5
179,342,1
180,342,5
181,342,1
182,342,3
183,342,1
184,342,5
185,342,3
186,342,1
187,342,3
188,342,5
189,342,3
190,342,5
191,342,1
192,342,5
193,342,1
194,342,1
195,342,1
196,342,1
197,342,1
198,342,5
199,342,1
200,342,1
201,342,3
202,342,3
203,342,1
204,342,1
205,342,3
206,342,3
207,342,1
208,342,1
209,342,1
210,342,1
211,342,3
212,342,5
213,342,1
214,342,5
215,342,1
216,342,1
217,342,1
218,342,1
219,342,1
220,342,5
221,342,1
222,342,3
223,342,1
224,342,1
225,342,1
226,342,3
227,342,3
228,342,1
229,342,1
230,342,1
231,342,3
232,342,5
233,342,1
234,342,1
235,342,1
236,342,3
237,342,3
238,342,1
239,342,3
240,342,3
241,342,5
242,342,5
243,342,1
244,342,1
245,342,5
246,342,5
247,342,1
248,342,5
249,342,3
250,342,1
1,343,5
2,343,3
3,343,1
4,343,1
5,343,1
6,343,1
7,343,1
8,343,1
9,343,1
10,343,3
11,343,5
12,343,3
13,343,1
14,343,3
15,343,1
16,343,1
17,343,1
18,343,1
19,343,1
20,343,1
21,343,1
22,343,1
23,343,1
24,343,3
25,343,3
26,343,1
27,343,1
28,343,3
29,343,1
30,343,5
31,343,1
32,343,1
33,343,1
34,343,3
35,343,5
36,343,5
37,343,1
38,343,5
39,343,1
40,343,1
41,343,3
42,343,1
43,343,3
44,343,5
45,343,1
46,343,3
47,343,3
48,343,3
49,343,1
50,343,1
51,343,3
52,343,1
53,343,5
54,343,1
55,343,1
56,343,5
57,343,1
58,343,5
59,343,5
60,343,1
61,343,5
62,343,3
63,343,3
64,343,5
65,343,1
66,343,3
67,343,1
68,343,1
69,343,1
70,343,1
71,343,3
72,343,5
73,343,1
74,343,3
75,343,3
76,343,5
77,343,5
78,343,1
79,343,3
80,343,1
81,343,3
82,343,5
83,343,1
84,343,1
85,343,3
86,343,5
87,343,1
88,343,3
89,343,3
90,343,1
91,343,1
92,343,1
93,343,1
94,343,1
95,343,1
96,343,1
97,343,3
98,343,3
99,343,3
100,343,1
101,343,1
102,343,1
103,343,1
104,343,1
105,343,5
106,343,1
107,343,3
108,343,3
109,343,1
110,343,1
111,343,3
112,343,3
113,343,1
114,343,3
115,343,1
116,343,1
117,343,3
118,343,5
119,343,1
120,343,1
121,343,3
122,343,3
123,343,3
124,343,1
125,343,1
126,343,1
127,343,1
128,343,3
129,343,1
130,343,1
131,343,1
132,343,1
133,343,3
134,343,1
135,343,1
136,343,5
137,343,5
138,343,1
139,343,5
140,343,1
141,343,3
142,343,3
143,343,5
144,343,3
145,343,1
146,343,1
147,343,3
148,343,1
149,343,1
150,343,5
151,343,1
152,343,1
153,343,1
154,343,1
155,343,5
156,343,3
157,343,1
158,343,3
159,343,1
160,343,1
161,343,1
162,343,3
163,343,1
164,343,3
165,343,1
166,343,1
167,343,1
168,343,1
169,343,1
170,343,3
171,343,1
172,343,1
173,343,3
174,343,5
175,343,3
176,343,1
177,343,1
178,343,1
179,343,1
180,343,5
181,343,1
182,343,1
183,343,1
184,343,5
185,343,1
186,343,3
187,343,1
188,343,5
189,343,3
190,343,1
191,343,3
192,343,5
193,343,5
194,343,1
195,343,1
196,343,1
197,343,1
198,343,1
199,343,3
200,343,3
201,343,3
202,343,1
203,343,3
204,343,1
205,343,1
206,343,3
207,343,1
208,343,3
209,343,1
210,343,1
211,343,1
212,343,5
213,343,5
214,343,1
215,343,3
216,343,1
217,343,1
218,343,3
219,343,1
220,343,5
221,343,3
222,343,3
223,343,1
224,343,3
225,343,1
226,343,3
227,343,3
228,343,3
229,343,1
230,343,1
231,343,3
232,343,1
233,343,1
234,343,5
235,343,1
236,343,3
237,343,3
238,343,3
239,343,3
240,343,1
241,343,1
242,343,1
243,343,1
244,343,5
245,343,5
246,343,5
247,343,1
248,343,5
249,343,3
250,343,3
1,344,5
2,344,1
3,344,1
4,344,1
5,344,1
6,344,5
7,344,1
8,344,1
9,344,1
10,344,1
11,344,1
12,344,1
13,344,5
14,344,1
15,344,5
16,344,1
17,344,5
18,344,1
19,344,1
20,344,3
21,344,5
22,344,1
23,344,5
24,344,1
25,344,1
26,344,1
27,344,3
28,344,1
29,344,5
30,344,5
31,344,3
32,344,3
33,344,1
34,344,3
35,344,5
36,344,5
37,344,1
38,344,1
39,344,3
40,344,1
41,344,1
42,344,1
43,344,3
44,344,5
45,344,3
46,344,1
47,344,1
48,344,3
49,344,5
50,344,1
51,344,1
52,344,1
53,344,5
54,344,1
55,344,3
56,344,1
57,344,1
58,344,5
59,344,1
60,344,5
61,344,1
62,344,1
63,344,3
64,344,1
65,344,1
66,344,1
67,344,1
68,344,5
69,344,1
70,344,1
71,344,1
72,344,1
73,344,1
74,344,3
75,344,1
76,344,5
77,344,5
78,344,1
79,344,3
80,344,5
81,344,3
82,344,5
83,344,3
84,344,3
85,344,3
86,344,1
87,344,5
88,344,1
89,344,1
90,344,1
91,344,1
92,344,1
93,344,3
94,344,3
95,344,1
96,344,3
97,344,3
98,344,1
99,344,3
100,344,1
101,344,1
102,344,5
103,344,1
104,344,1
105,344,1
106,344,5
107,344,1
108,344,1
109,344,5
110,344,5
111,344,3
112,344,1
113,344,1
114,344,1
115,344,1
116,344,3
117,344,3
118,344,1
119,344,1
120,344,1
121,344,3
122,344,1
123,344,3
124,344,3
125,344,1
126,344,1
127,344,1
128,344,1
129,344,5
130,344,1
131,344,3
132,344,5
133,344,3
134,344,1
135,344,1
136,344,1
137,344,1
138,344,1
139,344,5
140,344,1
141,344,1
142,344,1
143,344,1
144,344,1
145,344,5
146,344,1
147,344,1
148,344,3
149,344,3
150,344,5
151,344,5
152,344,3
153,344,1
154,344,3
155,344,5
156,344,3
157,344,5
158,344,1
159,344,3
160,344,3
161,344,1
162,344,3
163,344,1
164,344,3
165,344,1
166,344,1
167,344,1
168,344,1
169,344,3
170,344,3
171,344,1
172,344,1
173,344,3
174,344,1
175,344,3
176,344,1
177,344,1
178,344,5
179,344,1
180,344,5
181,344,1
182,344,3
183,344,3
184,344,1
185,344,3
186,344,3
187,344,1
188,344,5
189,344,1
190,344,5
191,344,3
192,344,5
193,344,1
194,344,1
195,344,1
196,344,1
197,344,1
198,344,5
199,344,1
200,344,3
201,344,1
202,344,1
203,344,3
204,344,1
205,344,1
206,344,3
207,344,3
208,344,3
209,344,3
210,344,5
211,344,3
212,344,5
213,344,1
214,344,1
215,344,1
216,344,1
217,344,1
218,344,1
219,344,3
220,344,1
221,344,1
222,344,1
223,344,1
224,344,3
225,344,5
226,344,3
227,344,3
228,344,1
229,344,1
230,344,1
231,344,1
232,344,5
233,344,1
234,344,1
235,344,3
236,344,1
237,344,3
238,344,1
239,344,1
240,344,1
241,344,1
242,344,5
243,344,1
244,344,5
245,344,5
246,344,1
247,344,1
248,344,1
249,344,1
250,344,3
1,345,5
2,345,3
3,345,5
4,345,1
5,345,1
6,345,1
7,345,1
8,345,1
9,345,1
10,345,3
11,345,1
12,345,1
13,345,1
14,345,3
15,345,5
16,345,1
17,345,5
18,345,1
19,345,1
20,345,1
21,345,5
22,345,3
23,345,1
24,345,1
25,345,1
26,345,1
27,345,3
28,345,1
29,345,5
30,345,5
31,345,1
32,345,1
33,345,1
34,345,1
35,345,1
36,345,5
37,345,1
38,345,5
39,345,1
40,345,5
41,345,3
42,345,3
43,345,3
44,345,1
45,345,3
46,345,1
47,345,1
48,345,3
49,345,5
50,345,1
51,345,1
52,345,1
53,345,1
54,345,1
55,345,1
56,345,5
57,345,5
58,345,5
59,345,5
60,345,5
61,345,1
62,345,3
63,345,3
64,345,1
65,345,3
66,345,1
67,345,1
68,345,1
69,345,1
70,345,1
71,345,1
72,345,1
73,345,1
74,345,3
75,345,3
76,345,1
77,345,1
78,345,1
79,345,1
80,345,5
81,345,1
82,345,5
83,345,1
84,345,1
85,345,3
86,345,5
87,345,1
88,345,1
89,345,1
90,345,5
91,345,3
92,345,5
93,345,3
94,345,1
95,345,3
96,345,1
97,345,3
98,345,3
99,345,3
100,345,1
101,345,5
102,345,5
103,345,1
104,345,1
105,345,5
106,345,5
107,345,3
108,345,3
109,345,5
110,345,1
111,345,3
112,345,1
113,345,1
114,345,3
115,345,1
116,345,1
117,345,3
118,345,1
119,345,1
120,345,5
121,345,1
122,345,1
123,345,3
124,345,1
125,345,1
126,345,1
127,345,1
128,345,1
129,345,1
130,345,3
131,345,3
132,345,1
133,345,3
134,345,3
135,345,1
136,345,1
137,345,1
138,345,1
139,345,5
140,345,1
141,345,1
142,345,1
143,345,5
144,345,1
145,345,1
146,345,3
147,345,3
148,345,1
149,345,1
150,345,5
151,345,5
152,345,1
153,345,1
154,345,1
155,345,1
156,345,1
157,345,5
158,345,3
159,345,3
160,345,3
161,345,5
162,345,3
163,345,1
164,345,1
165,345,1
166,345,1
167,345,3
168,345,3
169,345,1
170,345,3
171,345,1
172,345,1
173,345,3
174,345,1
175,345,1
176,345,1
177,345,1
178,345,1
179,345,3
180,345,5
181,345,1
182,345,1
183,345,1
184,345,1
185,345,1
186,345,1
187,345,1
188,345,5
189,345,1
190,345,1
191,345,3
192,345,5
193,345,5
194,345,1
195,345,3
196,345,1
197,345,3
198,345,5
199,345,1
200,345,3
201,345,1
202,345,3
203,345,3
204,345,1
205,345,3
206,345,3
207,345,1
208,345,3
209,345,1
210,345,5
211,345,1
212,345,5
213,345,5
214,345,1
215,345,3
216,345,1
217,345,1
218,345,3
219,345,3
220,345,1
221,345,1
222,345,3
223,345,1
224,345,1
225,345,1
226,345,3
227,345,1
228,345,1
229,345,3
230,345,1
231,345,1
232,345,5
233,345,3
234,345,1
235,345,3
236,345,1
237,345,1
238,345,1
239,345,1
240,345,1
241,345,1
242,345,1
243,345,3
244,345,1
245,345,5
246,345,5
247,345,3
248,345,1
249,345,1
250,345,3
1,346,5
2,346,3
3,346,5
4,346,3
5,346,3
6,346,5
7,346,1
8,346,3
9,346,1
10,346,1
11,346,5
12,346,3
13,346,5
14,346,1
15,346,1
16,346,3
17,346,1
18,346,1
19,346,5
20,346,1
21,346,1
22,346,1
23,346,5
24,346,3
25,346,3
26,346,1
27,346,3
28,346,1
29,346,1
30,346,1
31,346,1
32,346,1
33,346,1
34,346,1
35,346,5
36,346,1
37,346,1
38,346,5
39,346,3
40,346,5
41,346,1
42,346,1
43,346,1
44,346,5
45,346,3
46,346,1
47,346,1
48,346,1
49,346,5
50,346,1
51,346,3
52,346,1
53,346,5
54,346,3
55,346,3
56,346,1
57,346,1
58,346,5
59,346,5
60,346,1
61,346,1
62,346,1
63,346,3
64,346,5
65,346,1
66,346,3
67,346,1
68,346,5
69,346,5
70,346,1
71,346,3
72,346,5
73,346,1
74,346,3
75,346,1
76,346,1
77,346,5
78,346,1
79,346,1
80,346,1
81,346,3
82,346,1
83,346,3
84,346,3
85,346,1
86,346,5
87,346,5
88,346,1
89,346,1
90,346,5
91,346,3
92,346,1
93,346,3
94,346,3
95,346,3
96,346,1
97,346,1
98,346,3
99,346,1
100,346,3
101,346,1
102,346,1
103,346,1
104,346,1
105,346,5
106,346,5
107,346,1
108,346,3
109,346,1
110,346,1
111,346,1
112,346,1
113,346,3
114,346,1
115,346,5
116,346,1
117,346,1
118,346,1
119,346,1
120,346,1
121,346,3
122,346,3
123,346,1
124,346,1
125,346,3
126,346,1
127,346,1
128,346,1
129,346,1
130,346,1
131,346,3
132,346,1
133,346,1
134,346,1
135,346,5
136,346,5
137,346,5
138,346,1
139,346,5
140,346,3
141,346,1
142,346,1
143,346,5
144,346,1
145,346,5
146,346,1
147,346,1
148,346,3
149,346,3
150,346,1
151,346,1
152,346,3
153,346,1
154,346,3
155,346,5
156,346,3
157,346,5
158,346,1
159,346,1
160,346,1
161,346,5
162,346,1
163,346,1
164,346,3
165,346,5
166,346,3
167,346,1
168,346,1
169,346,1
170,346,3
171,346,1
172,346,3
173,346,3
174,346,5
175,346,3
176,346,1
177,346,1
178,346,5
179,346,1
180,346,1
181,346,1
182,346,3
183,346,3
184,346,1
185,346,3
186,346,1
187,346,3
188,346,5
189,346,3
190,346,1
191,346,3
192,346,1
193,346,1
194,346,3
195,346,1
196,346,1
197,346,3
198,346,5
199,346,1
200,346,3
201,346,1
202,346,3
203,346,3
204,346,3
205,346,3
206,346,1
207,346,1
208,346,3
209,346,1
210,346,1
211,346,1
212,346,1
213,346,1
214,346,1
215,346,1
216,346,1
217,346,1
218,346,1
219,346,1
220,346,1
221,346,1
222,346,3
223,346,1
224,346,1
225,346,1
226,346,1
227,346,3
228,346,1
229,346,3
230,346,3
231,346,1
232,346,5
233,346,1
234,346,5
235,346,1
236,346,1
237,346,3
238,346,1
239,346,3
240,346,1
241,346,5
242,346,1
243,346,3
244,346,5
245,346,5
246,346,1
247,346,3
248,346,1
249,346,1
250,346,1
1,347,5
2,347,3
3,347,1
4,347,1
5,347,1
6,347,1
7,347,1
8,347,3
9,347,3
10,347,3
11,347,1
12,347,1
13,347,1
14,347,1
15,347,5
16,347,3
17,347,5
18,347,3
19,347,5
20,347,3
21,347,1
22,347,1
23,347,5
24,347,1
25,347,1
26,347,1
27,347,1
28,347,3
29,347,1
30,347,1
31,347,1
32,347,3
33,347,1
34,347,3
35,347,5
36,347,5
37,347,1
38,347,1
39,347,1
40,347,1
41,347,1
42,347,1
43,347,1
44,347,1
45,347,1
46,347,3
47,347,3
48,347,3
49,347,1
50,347,3
51,347,3
52,347,1
53,347,5
54,347,1
55,347,3
56,347,1
57,347,5
58,347,1
59,347,5
60,347,5
61,347,5
62,347,3
63,347,1
64,347,5
65,347,1
66,347,1
67,347,3
68,347,1
69,347,1
70,347,3
71,347,3
72,347,5
73,347,5
74,347,3
75,347,3
76,347,1
77,347,1
78,347,3
79,347,1
80,347,5
81,347,1
82,347,5
83,347,3
84,347,1
85,347,3
86,347,1
87,347,1
88,347,1
89,347,3
90,347,5
91,347,3
92,347,5
93,347,3
94,347,1
95,347,1
96,347,3
97,347,1
98,347,1
99,347,3
100,347,1
101,347,5
102,347,1
103,347,1
104,347,1
105,347,1
106,347,1
107,347,3
108,347,3
109,347,1
110,347,1
111,347,1
112,347,1
113,347,1
114,347,3
115,347,1
116,347,1
117,347,1
118,347,5
119,347,5
120,347,1
121,347,1
122,347,1
123,347,1
124,347,1
125,347,3
126,347,5
127,347,3
128,347,3
129,347,1
130,347,1
131,347,3
132,347,1
133,347,1
134,347,3
135,347,1
136,347,5
137,347,1
138,347,1
139,347,5
140,347,3
141,347,1
142,347,3
143,347,5
144,347,1
145,347,1
146,347,1
147,347,3
148,347,1
149,347,1
150,347,1
151,347,5
152,347,1
153,347,1
154,347,1
155,347,1
156,347,3
157,347,1
158,347,3
159,347,1
160,347,3
161,347,1
162,347,3
163,347,1
164,347,1
165,347,1
166,347,1
167,347,3
168,347,3
169,347,1
170,347,1
171,347,3
172,347,3
173,347,1
174,347,1
175,347,1
176,347,1
177,347,3
178,347,5
179,347,1
180,347,1
181,347,3
182,347,1
183,347,1
184,347,5
185,347,3
186,347,1
187,347,1
188,347,5
189,347,1
190,347,1
191,347,3
192,347,1
193,347,1
194,347,1
195,347,1
196,347,1
197,347,3
198,347,5
199,347,1
200,347,3
201,347,3
202,347,1
203,347,1
204,347,3
205,347,1
206,347,3
207,347,1
208,347,3
209,347,1
210,347,1
211,347,3
212,347,5
213,347,5
214,347,1
215,347,3
216,347,1
217,347,1
218,347,1
219,347,3
220,347,5
221,347,3
222,347,3
223,347,5
224,347,1
225,347,5
226,347,3
227,347,1
228,347,3
229,347,1
230,347,1
231,347,1
232,347,5
233,347,1
234,347,1
235,347,1
236,347,3
237,347,1
238,347,3
239,347,3
240,347,1
241,347,1
242,347,5
243,347,3
244,347,5
245,347,1
246,347,1
247,347,1
248,347,5
249,347,3
250,347,3
1,348,5
2,348,1
3,348,1
4,348,3
5,348,3
6,348,5
7,348,1
8,348,1
9,348,3
10,348,3
11,348,1
12,348,1
13,348,5
14,348,1
15,348,1
16,348,1
17,348,5
18,348,1
19,348,5
20,348,3
21,348,5
22,348,1
23,348,5
24,348,1
25,348,3
26,348,1
27,348,3
28,348,1
29,348,5
30,348,5
31,348,1
32,348,1
33,348,3
34,348,1
35,348,1
36,348,1
37,348,1
38,348,5
39,348,3
40,348,1
41,348,3
42,348,3
43,348,3
44,348,1
45,348,1
46,348,3
47,348,3
48,348,1
49,348,1
50,348,1
51,348,3
52,348,1
53,348,1
54,348,1
55,348,3
56,348,1
57,348,1
58,348,1
59,348,1
60,348,1
61,348,5
62,348,1
63,348,1
64,348,5
65,348,3
66,348,3
67,348,1
68,348,1
69,348,1
70,348,1
71,348,3
72,348,5
73,348,5
74,348,1
75,348,1
76,348,1
77,348,1
78,348,1
79,348,3
80,348,1
81,348,1
82,348,1
83,348,1
84,348,1
85,348,3
86,348,5
87,348,5
88,348,1
89,348,3
90,348,5
91,348,3
92,348,1
93,348,3
94,348,3
95,348,1
96,348,3
97,348,1
98,348,1
99,348,3
100,348,3
101,348,5
102,348,5
103,348,1
104,348,3
105,348,1
106,348,5
107,348,3
108,348,1
109,348,1
110,348,1
111,348,1
112,348,1
113,348,1
114,348,1
115,348,5
116,348,1
117,348,3
118,348,5
119,348,1
120,348,5
121,348,1
122,348,1
123,348,1
124,348,1
125,348,1
126,348,1
127,348,3
128,348,3
129,348,5
130,348,1
131,348,1
132,348,1
133,348,1
134,348,1
135,348,1
136,348,1
137,348,1
138,348,1
139,348,1
140,348,3
141,348,1
142,348,1
143,348,1
144,348,1
145,348,5
146,348,1
147,348,1
148,348,1
149,348,3
150,348,1
151,348,5
152,348,3
153,348,3
154,348,1
155,348,1
156,348,1
157,348,5
158,348,3
159,348,1
160,348,1
161,348,1
162,348,1
163,348,1
164,348,3
165,348,5
166,348,1
167,348,3
168,348,1
169,348,3
170,348,3
171,348,1
172,348,1
173,348,1
174,348,5
175,348,1
176,348,3
177,348,3
178,348,1
179,348,1
180,348,1
181,348,1
182,348,1
183,348,3
184,348,1
185,348,1
186,348,1
187,348,1
188,348,1
189,348,3
190,348,5
191,348,3
192,348,5
193,348,1
194,348,1
195,348,3
196,348,3
197,348,3
198,348,1
199,348,1
200,348,1
201,348,1
202,348,3
203,348,1
204,348,3
205,348,1
206,348,1
207,348,1
208,348,3
209,348,3
210,348,1
211,348,1
212,348,1
213,348,5
214,348,1
215,348,1
216,348,1
217,348,1
218,348,1
219,348,1
220,348,1
221,348,1
222,348,1
223,348,5
224,348,1
225,348,5
226,348,1
227,348,1
228,348,1
229,348,1
230,348,1
231,348,1
232,348,5
233,348,1
234,348,5
235,348,1
236,348,1
237,348,1
238,348,1
239,348,1
240,348,1
241,348,1
242,348,1
243,348,1
244,348,5
245,348,5
246,348,1
247,348,1
248,348,5
249,348,1
250,348,1
1,349,1
2,349,1
3,349,1
4,349,1
5,349,1
6,349,1
7,349,5
8,349,1
9,349,1
10,349,1
11,349,5
12,349,1
13,349,5
14,349,1
15,349,5
16,349,1
17,349,1
18,349,1
19,349,5
20,349,1
21,349,5
22,349,1
23,349,5
24,349,1
25,349,1
26,349,1
27,349,1
28,349,1
29,349,1
30,349,1
31,349,1
32,349,1
33,349,1
34,349,1
35,349,5
36,349,5
37,349,1
38,349,1
39,349,1
40,349,5
41,349,1
42,349,1
43,349,1
44,349,5
45,349,1
46,349,1
47,349,1
48,349,1
49,349,5
50,349,1
51,349,1
52,349,1
53,349,1
54,349,1
55,349,1
56,349,1
57,349,1
58,349,5
59,349,1
60,349,5
61,349,1
62,349,1
63,349,1
64,349,1
65,349,1
66,349,1
67,349,1
68,349,1
69,349,1
70,349,1
71,349,1
72,349,5
73,349,1
74,349,1
75,349,1
76,349,5
77,349,5
78,349,1
79,349,1
80,349,1
81,349,1
82,349,5
83,349,1
84,349,1
85,349,1
86,349,1
87,349,5
88,349,1
89,349,1
90,349,1
91,349,1
92,349,1
93,349,1
94,349,1
95,349,1
96,349,1
97,349,1
98,349,1
99,349,1
100,349,1
101,349,5
102,349,1
103,349,1
104,349,1
105,349,5
106,349,1
107,349,1
108,349,1
109,349,1
110,349,5
111,349,1
112,349,1
113,349,1
114,349,1
115,349,5
116,349,1
117,349,1
118,349,1
119,349,5
120,349,1
121,349,1
122,349,1
123,349,1
124,349,1
125,349,1
126,349,1
127,349,1
128,349,1
129,349,5
130,349,1
131,349,1
132,349,1
133,349,1
134,349,1
135,349,1
136,349,1
137,349,1
138,349,1
139,349,1
140,349,1
141,349,1
142,349,1
143,349,5
144,349,1
145,349,5
146,349,1
147,349,1
148,349,1
149,349,1
150,349,5
151,349,5
152,349,1
153,349,1
154,349,1
155,349,5
156,349,1
157,349,1
158,349,1
159,349,1
160,349,1
161,349,1
162,349,1
163,349,1
164,349,1
165,349,5
166,349,1
167,349,1
168,349,1
169,349,1
170,349,1
171,349,1
172,349,1
173,349,1
174,349,5
175,349,1
176,349,1
177,349,1
178,349,1
179,349,1
180,349,1
181,349,1
182,349,1
183,349,1
184,349,5
185,349,1
186,349,1
187,349,1
188,349,1
189,349,1
190,349,5
191,349,1
192,349,1
193,349,1
194,349,1
195,349,1
196,349,1
197,349,1
198,349,5
199,349,1
200,349,1
201,349,1
202,349,1
203,349,1
204,349,1
205,349,1
206,349,1
207,349,1
208,349,1
209,349,1
210,349,1
211,349,1
212,349,1
213,349,1
214,349,5
215,349,1
216,349,5
217,349,1
218,349,1
219,349,1
220,349,5
221,349,1
222,349,1
223,349,1
224,349,1
225,349,5
226,349,1
227,349,1
228,349,1
229,349,1
230,349,1
231,349,1
232,349,1
233,349,1
234,349,1
235,349,1
236,349,1
237,349,1
238,349,1
239,349,1
240,349,1
241,349,1
242,349,1
243,349,1
244,349,5
245,349,5
246,349,5
247,349,1
248,349,5
249,349,1
250,349,1
1,350,1
2,350,1
3,350,1
4,350,1
5,350,1
6,350,5
7,350,5
8,350,1
9,350,1
10,350,1
11,350,1
12,350,1
13,350,5
14,350,1
15,350,5
16,350,1
17,350,1
18,350,1
19,350,5
20,350,1
21,350,1
22,350,1
23,350,5
24,350,1
25,350,1
26,350,1
27,350,1
28,350,1
29,350,1
30,350,1
31,350,1
32,350,1
33,350,1
34,350,1
35,350,5
36,350,5
37,350,1
38,350,1
39,350,1
40,350,5
41,350,1
42,350,1
43,350,1
44,350,1
45,350,1
46,350,1
47,350,1
48,350,1
49,350,5
50,350,1
51,350,1
52,350,1
53,350,5
54,350,1
55,350,1
56,350,5
57,350,1
58,350,1
59,350,5
60,350,5
61,350,1
62,350,1
63,350,1
64,350,5
65,350,1
66,350,1
67,350,1
68,350,1
69,350,5
70,350,1
71,350,1
72,350,1
73,350,1
74,350,1
75,350,1
76,350,5
77,350,5
78,350,1
79,350,1
80,350,1
81,350,1
82,350,5
83,350,1
84,350,1
85,350,1
86,350,1
87,350,1
88,350,1
89,350,1
90,350,5
91,350,1
92,350,5
93,350,1
94,350,1
95,350,1
96,350,1
97,350,1
98,350,1
99,350,1
100,350,1
101,350,1
102,350,5
103,350,1
104,350,1
105,350,5
106,350,1
107,350,1
108,350,1
109,350,5
110,350,5
111,350,1
112,350,1
113,350,1
114,350,1
115,350,5
116,350,1
117,350,1
118,350,5
119,350,1
120,350,5
121,350,1
122,350,1
123,350,1
124,350,1
125,350,1
126,350,5
127,350,1
128,350,1
129,350,1
130,350,1
131,350,1
132,350,5
133,350,1
134,350,1
135,350,1
136,350,1
137,350,5
138,350,1
139,350,1
140,350,1
141,350,1
142,350,1
143,350,5
144,350,1
145,350,5
146,350,1
147,350,1
148,350,1
149,350,1
150,350,5
151,350,5
152,350,1
153,350,1
154,350,1
155,350,1
156,350,1
157,350,5
158,350,1
159,350,1
160,350,1
161,350,1
162,350,1
163,350,1
164,350,1
165,350,5
166,350,1
167,350,1
168,350,1
169,350,1
170,350,1
171,350,1
172,350,1
173,350,1
174,350,1
175,350,1
176,350,1
177,350,1
178,350,5
179,350,1
180,350,1
181,350,1
182,350,1
183,350,1
184,350,1
185,350,1
186,350,1
187,350,1
188,350,5
189,350,1
190,350,1
191,350,1
192,350,5
193,350,1
194,350,1
195,350,1
196,350,1
197,350,1
198,350,5
199,350,1
200,350,1
201,350,1
202,350,1
203,350,1
204,350,1
205,350,1
206,350,1
207,350,1
208,350,1
209,350,1
210,350,1
211,350,1
212,350,1
213,350,5
214,350,5
215,350,1
216,350,5
217,350,1
218,350,1
219,350,1
220,350,1
221,350,1
222,350,1
223,350,1
224,350,1
225,350,1
226,350,1
227,350,1
228,350,1
229,350,1
230,350,1
231,350,1
232,350,1
233,350,1
234,350,5
235,350,1
236,350,1
237,350,1
238,350,1
239,350,1
240,350,1
241,350,1
242,350,1
243,350,1
244,350,5
245,350,1
246,350,5
247,350,1
248,350,5
249,350,1
250,350,1
1,351,1
2,351,1
3,351,5
4,351,1
5,351,1
6,351,5
7,351,5
8,351,1
9,351,1
10,351,1
11,351,1
12,351,1
13,351,1
14,351,1
15,351,1
16,351,1
17,351,5
18,351,1
19,351,5
20,351,1
21,351,1
22,351,1
23,351,1
24,351,1
25,351,1
26,351,1
27,351,1
28,351,1
29,351,1
30,351,5
31,351,1
32,351,1
33,351,1
34,351,1
35,351,1
36,351,5
37,351,1
38,351,5
39,351,1
40,351,5
41,351,1
42,351,1
43,351,1
44,351,5
45,351,1
46,351,1
47,351,1
48,351,1
49,351,5
50,351,1
51,351,1
52,351,1
53,351,1
54,351,1
55,351,1
56,351,5
57,351,5
58,351,5
59,351,5
60,351,5
61,351,1
62,351,1
63,351,1
64,351,5
65,351,1
66,351,1
67,351,1
68,351,5
69,351,1
70,351,1
71,351,1
72,351,5
73,351,5
74,351,1
75,351,1
76,351,1
77,351,1
78,351,1
79,351,1
80,351,5
81,351,1
82,351,1
83,351,1
84,351,1
85,351,1
86,351,5
87,351,5
88,351,1
89,351,1
90,351,1
91,351,1
92,351,5
93,351,1
94,351,1
95,351,1
96,351,1
97,351,1
98,351,1
99,351,1
100,351,1
101,351,1
102,351,1
103,351,1
104,351,1
105,351,1
106,351,5
107,351,1
108,351,1
109,351,5
110,351,1
111,351,1
112,351,1
113,351,1
114,351,1
115,351,1
116,351,1
117,351,1
118,351,5
119,351,5
120,351,5
121,351,1
122,351,1
123,351,1
124,351,1
125,351,1
126,351,1
127,351,1
128,351,1
129,351,1
130,351,1
131,351,1
132,351,1
133,351,1
134,351,1
135,351,5
136,351,1
137,351,5
138,351,1
139,351,5
140,351,1
141,351,1
142,351,1
143,351,1
144,351,1
145,351,1
146,351,1
147,351,1
148,351,1
149,351,1
150,351,5
151,351,1
152,351,1
153,351,1
154,351,1
155,351,1
156,351,1
157,351,5
158,351,1
159,351,1
160,351,1
161,351,5
162,351,1
163,351,1
164,351,1
165,351,5
166,351,1
167,351,1
168,351,1
169,351,1
170,351,1
171,351,1
172,351,1
173,351,1
174,351,5
175,351,1
176,351,1
177,351,1
178,351,5
179,351,1
180,351,5
181,351,1
182,351,1
183,351,1
184,351,5
185,351,1
186,351,1
187,351,1
188,351,5
189,351,1
190,351,5
191,351,1
192,351,1
193,351,5
194,351,1
195,351,1
196,351,1
197,351,1
198,351,1
199,351,1
200,351,1
201,351,1
202,351,1
203,351,1
204,351,1
205,351,1
206,351,1
207,351,1
208,351,1
209,351,1
210,351,5
211,351,1
212,351,1
213,351,5
214,351,5
215,351,1
216,351,1
217,351,1
218,351,1
219,351,1
220,351,1
221,351,1
222,351,1
223,351,5
224,351,1
225,351,1
226,351,1
227,351,1
228,351,1
229,351,1
230,351,1
231,351,1
232,351,1
233,351,1
234,351,5
235,351,1
236,351,1
237,351,1
238,351,1
239,351,1
240,351,1
241,351,1
242,351,5
243,351,1
244,351,5
245,351,5
246,351,1
247,351,1
248,351,1
249,351,1
250,351,1
1,352,5
2,352,1
3,352,1
4,352,1
5,352,1
6,352,1
7,352,5
8,352,1
9,352,1
10,352,1
11,352,5
12,352,1
13,352,1
14,352,1
15,352,5
16,352,1
17,352,1
18,352,1
19,352,1
20,352,1
21,352,1
22,352,1
23,352,5
24,352,1
25,352,1
26,352,1
27,352,1
28,352,1
29,352,1
30,352,5
31,352,1
32,352,1
33,352,1
34,352,1
35,352,1
36,352,5
37,352,1
38,352,1
39,352,1
40,352,5
41,352,1
42,352,1
43,352,1
44,352,5
45,352,1
46,352,1
47,352,1
48,352,1
49,352,1
50,352,1
51,352,1
52,352,1
53,352,5
54,352,1
55,352,1
56,352,5
57,352,5
58,352,1
59,352,1
60,352,1
61,352,1
62,352,1
63,352,1
64,352,5
65,352,1
66,352,1
67,352,1
68,352,1
69,352,5
70,352,1
71,352,1
72,352,1
73,352,5
74,352,1
75,352,1
76,352,5
77,352,1
78,352,1
79,352,1
80,352,5
81,352,1
82,352,1
83,352,1
84,352,1
85,352,1
86,352,1
87,352,5
88,352,1
89,352,1
90,352,5
91,352,1
92,352,5
93,352,1
94,352,1
95,352,1
96,352,1
97,352,1
98,352,1
99,352,1
100,352,1
101,352,1
102,352,5
103,352,1
104,352,1
105,352,5
106,352,1
107,352,1
108,352,1
109,352,5
110,352,1
111,352,1
112,352,1
113,352,1
114,352,1
115,352,1
116,352,1
117,352,1
118,352,1
119,352,1
120,352,5
121,352,1
122,352,1
123,352,1
124,352,1
125,352,1
126,352,5
127,352,1
128,352,1
129,352,1
130,352,1
131,352,1
132,352,5
133,352,1
134,352,1
135,352,1
136,352,1
137,352,5
138,352,1
139,352,1
140,352,1
141,352,1
142,352,1
143,352,1
144,352,1
145,352,1
146,352,1
147,352,1
148,352,1
149,352,1
150,352,1
151,352,1
152,352,1
153,352,1
154,352,1
155,352,5
156,352,1
157,352,1
158,352,1
159,352,1
160,352,1
161,352,5
162,352,1
163,352,1
164,352,1
165,352,1
166,352,1
167,352,1
168,352,1
169,352,1
170,352,1
171,352,1
172,352,1
173,352,1
174,352,1
175,352,1
176,352,1
177,352,1
178,352,5
179,352,1
180,352,1
181,352,1
182,352,1
183,352,1
184,352,1
185,352,1
186,352,1
187,352,1
188,352,5
189,352,1
190,352,1
191,352,1
192,352,5
193,352,1
194,352,1
195,352,1
196,352,1
197,352,1
198,352,1
199,352,1
200,352,1
201,352,1
202,352,1
203,352,1
204,352,1
205,352,1
206,352,1
207,352,1
208,352,1
209,352,1
210,352,5
211,352,1
212,352,5
213,352,5
214,352,1
215,352,1
216,352,5
217,352,1
218,352,1
219,352,1
220,352,5
221,352,1
222,352,1
223,352,1
224,352,1
225,352,1
226,352,1
227,352,1
228,352,1
229,352,1
230,352,1
231,352,1
232,352,5
233,352,1
234,352,1
235,352,1
236,352,1
237,352,1
238,352,1
239,352,1
240,352,1
241,352,5
242,352,1
243,352,1
244,352,1
245,352,5
246,352,1
247,352,1
248,352,5
249,352,1
250,352,1
1,353,1
2,353,1
3,353,5
4,353,1
5,353,1
6,353,5
7,353,1
8,353,1
9,353,1
10,353,1
11,353,5
12,353,1
13,353,1
14,353,1
15,353,1
16,353,1
17,353,5
18,353,1
19,353,1
20,353,1
21,353,5
22,353,1
23,353,1
24,353,1
25,353,1
26,353,1
27,353,1
28,353,1
29,353,5
30,353,5
31,353,1
32,353,1
33,353,1
34,353,1
35,353,5
36,353,5
37,353,1
38,353,1
39,353,1
40,353,5
41,353,1
42,353,1
43,353,1
44,353,5
45,353,1
46,353,1
47,353,1
48,353,1
49,353,1
50,353,1
51,353,1
52,353,1
53,353,1
54,353,1
55,353,1
56,353,1
57,353,5
58,353,5
59,353,1
60,353,5
61,353,1
62,353,1
63,353,1
64,353,1
65,353,1
66,353,1
67,353,1
68,353,5
69,353,1
70,353,1
71,353,1
72,353,1
73,353,1
74,353,1
75,353,1
76,353,1
77,353,5
78,353,1
79,353,1
80,353,5
81,353,1
82,353,5
83,353,1
84,353,1
85,353,1
86,353,1
87,353,5
88,353,1
89,353,1
90,353,1
91,353,1
92,353,5
93,353,1
94,353,1
95,353,1
96,353,1
97,353,1
98,353,1
99,353,1
100,353,1
101,353,5
102,353,1
103,353,1
104,353,1
105,353,5
106,353,1
107,353,1
108,353,1
109,353,1
110,353,5
111,353,1
112,353,1
113,353,1
114,353,1
115,353,1
116,353,1
117,353,1
118,353,1
119,353,5
120,353,5
121,353,1
122,353,1
123,353,1
124,353,1
125,353,1
126,353,5
127,353,1
128,353,1
129,353,1
130,353,1
131,353,1
132,353,5
133,353,1
134,353,1
135,353,5
136,353,1
137,353,1
138,353,1
139,353,5
140,353,1
141,353,1
142,353,1
143,353,5
144,353,1
145,353,1
146,353,1
147,353,1
148,353,1
149,353,1
150,353,5
151,353,5
152,353,1
153,353,1
154,353,1
155,353,1
156,353,1
157,353,1
158,353,1
159,353,1
160,353,1
161,353,5
162,353,1
163,353,1
164,353,1
165,353,1
166,353,1
167,353,1
168,353,1
169,353,1
170,353,1
171,353,1
172,353,1
173,353,1
174,353,1
175,353,1
176,353,1
177,353,1
178,353,5
179,353,1
180,353,1
181,353,1
182,353,1
183,353,1
184,353,5
185,353,1
186,353,1
187,353,1
188,353,1
189,353,1
190,353,5
191,353,1
192,353,1
193,353,5
194,353,1
195,353,1
196,353,1
197,353,1
198,353,1
199,353,1
200,353,1
201,353,1
202,353,1
203,353,1
204,353,1
205,353,1
206,353,1
207,353,1
208,353,1
209,353,1
210,353,5
211,353,1
212,353,5
213,353,1
214,353,1
215,353,1
216,353,1
217,353,1
218,353,1
219,353,1
220,353,5
221,353,1
222,353,1
223,353,1
224,353,1
225,353,5
226,353,1
227,353,1
228,353,1
229,353,1
230,353,1
231,353,1
232,353,5
233,353,1
234,353,1
235,353,1
236,353,1
237,353,1
238,353,1
239,353,1
240,353,1
241,353,5
242,353,1
243,353,1
244,353,1
245,353,1
246,353,1
247,353,1
248,353,5
249,353,1
250,353,1
1,354,5
2,354,1
3,354,1
4,354,1
5,354,1
6,354,1
7,354,1
8,354,1
9,354,1
10,354,1
11,354,5
12,354,1
13,354,5
14,354,1
15,354,1
16,354,1
17,354,1
18,354,1
19,354,1
20,354,1
21,354,1
22,354,1
23,354,5
24,354,1
25,354,1
26,354,1
27,354,1
28,354,1
29,354,5
30,354,5
31,354,1
32,354,1
33,354,1
34,354,1
35,354,1
36,354,1
37,354,1
38,354,1
39,354,1
40,354,5
41,354,1
42,354,1
43,354,1
44,354,5
45,354,1
46,354,1
47,354,1
48,354,1
49,354,1
50,354,1
51,354,1
52,354,1
53,354,5
54,354,1
55,354,1
56,354,5
57,354,1
58,354,5
59,354,5
60,354,1
61,354,1
62,354,1
63,354,1
64,354,1
65,354,1
66,354,1
67,354,1
68,354,5
69,354,1
70,354,1
71,354,1
72,354,1
73,354,1
74,354,1
75,354,1
76,354,5
77,354,1
78,354,1
79,354,1
80,354,1
81,354,1
82,354,5
83,354,1
84,354,1
85,354,1
86,354,5
87,354,1
88,354,1
89,354,1
90,354,1
91,354,1
92,354,1
93,354,1
94,354,1
95,354,1
96,354,1
97,354,1
98,354,1
99,354,1
100,354,1
101,354,1
102,354,5
103,354,1
104,354,1
105,354,5
106,354,1
107,354,1
108,354,1
109,354,1
110,354,5
111,354,1
112,354,1
113,354,1
114,354,1
115,354,5
116,354,1
117,354,1
118,354,1
119,354,1
120,354,1
121,354,1
122,354,1
123,354,1
124,354,1
125,354,1
126,354,1
127,354,1
128,354,1
129,354,5
130,354,1
131,354,1
132,354,5
133,354,1
134,354,1
135,354,1
136,354,1
137,354,5
138,354,1
139,354,5
140,354,1
141,354,1
142,354,1
143,354,5
144,354,1
145,354,5
146,354,1
147,354,1
148,354,1
149,354,1
150,354,1
151,354,5
152,354,1
153,354,1
154,354,1
155,354,1
156,354,1
157,354,5
158,354,1
159,354,1
160,354,1
161,354,5
162,354,1
163,354,1
164,354,1
165,354,5
166,354,1
167,354,1
168,354,1
169,354,1
170,354,1
171,354,1
172,354,1
173,354,1
174,354,5
175,354,1
176,354,1
177,354,1
178,354,5
179,354,1
180,354,1
181,354,1
182,354,1
183,354,1
184,354,1
185,354,1
186,354,1
187,354,1
188,354,1
189,354,1
190,354,1
191,354,1
192,354,5
193,354,5
194,354,1
195,354,1
196,354,1
197,354,1
198,354,1
199,354,1
200,354,1
201,354,1
202,354,1
203,354,1
204,354,1
205,354,1
206,354,1
207,354,1
208,354,1
209,354,1
210,354,1
211,354,1
212,354,1
213,354,5
214,354,1
215,354,1
216,354,1
217,354,1
218,354,1
219,354,1
220,354,5
221,354,1
222,354,1
223,354,1
224,354,1
225,354,1
226,354,1
227,354,1
228,354,1
229,354,1
230,354,1
231,354,1
232,354,1
233,354,1
234,354,1
235,354,1
236,354,1
237,354,1
238,354,1
239,354,1
240,354,1
241,354,5
242,354,5
243,354,1
244,354,5
245,354,1
246,354,1
247,354,1
248,354,1
249,354,1
250,354,1
1,355,1
2,355,1
3,355,1
4,355,1
5,355,1
6,355,5
7,355,1
8,355,1
9,355,1
10,355,1
11,355,1
12,355,1
13,355,5
14,355,1
15,355,1
16,355,1
17,355,1
18,355,1
19,355,1
20,355,1
21,355,5
22,355,1
23,355,5
24,355,1
25,355,1
26,355,1
27,355,1
28,355,1
29,355,1
30,355,5
31,355,1
32,355,1
33,355,1
34,355,1
35,355,5
36,355,1
37,355,1
38,355,1
39,355,1
40,355,5
41,355,1
42,355,1
43,355,1
44,355,1
45,355,1
46,355,1
47,355,1
48,355,1
49,355,1
50,355,1
51,355,1
52,355,1
53,355,1
54,355,1
55,355,1
56,355,1
57,355,5
58,355,1
59,355,1
60,355,5
61,355,5
62,355,1
63,355,1
64,355,1
65,355,1
66,355,1
67,355,1
68,355,1
69,355,5
70,355,1
71,355,1
72,355,5
73,355,1
74,355,1
75,355,1
76,355,1
77,355,1
78,355,1
79,355,1
80,355,5
81,355,1
82,355,5
83,355,1
84,355,1
85,355,1
86,355,1
87,355,5
88,355,1
89,355,1
90,355,1
91,355,1
92,355,1
93,355,1
94,355,1
95,355,1
96,355,1
97,355,1
98,355,1
99,355,1
100,355,1
101,355,1
102,355,5
103,355,1
104,355,1
105,355,5
106,355,5
107,355,1
108,355,1
109,355,1
110,355,1
111,355,1
112,355,1
113,355,1
114,355,1
115,355,5
116,355,1
117,355,1
118,355,1
119,355,5
120,355,5
121,355,1
122,355,1
123,355,1
124,355,1
125,355,1
126,355,1
127,355,1
128,355,1
129,355,5
130,355,1
131,355,1
132,355,5
133,355,1
134,355,1
135,355,5
136,355,5
137,355,1
138,355,1
139,355,5
140,355,1
141,355,1
142,355,1
143,355,5
144,355,1
145,355,5
146,355,1
147,355,1
148,355,1
149,355,1
150,355,1
151,355,5
152,355,1
153,355,1
154,355,1
155,355,1
156,355,1
157,355,5
158,355,1
159,355,1
160,355,1
161,355,5
162,355,1
163,355,1
164,355,1
165,355,5
166,355,1
167,355,1
168,355,1
169,355,1
170,355,1
171,355,1
172,355,1
173,355,1
174,355,1
175,355,1
176,355,1
177,355,1
178,355,5
179,355,1
180,355,5
181,355,1
182,355,1
183,355,1
184,355,1
185,355,1
186,355,1
187,355,1
188,355,5
189,355,1
190,355,1
191,355,1
192,355,5
193,355,1
194,355,1
195,355,1
196,355,1
197,355,1
198,355,5
199,355,1
200,355,1
201,355,1
202,355,1
203,355,1
204,355,1
205,355,1
206,355,1
207,355,1
208,355,1
209,355,1
210,355,5
211,355,1
212,355,1
213,355,5
214,355,1
215,355,1
216,355,5
217,355,1
218,355,1
219,355,1
220,355,5
221,355,1
222,355,1
223,355,5
224,355,1
225,355,1
226,355,1
227,355,1
228,355,1
229,355,1
230,355,1
231,355,1
232,355,5
233,355,1
234,355,1
235,355,1
236,355,1
237,355,1
238,355,1
239,355,1
240,355,1
241,355,5
242,355,5
243,355,1
244,355,1
245,355,5
246,355,5
247,355,1
248,355,5
249,355,1
250,355,1
1,356,1
2,356,1
3,356,1
4,356,1
5,356,1
6,356,1
7,356,1
8,356,1
9,356,5
10,356,5
11,356,1
12,356,1
13,356,1
14,356,1
15,356,1
16,356,1
17,356,1
18,356,1
19,356,1
20,356,5
21,356,1
22,356,5
23,356,1
24,356,1
25,356,1
26,356,5
27,356,5
28,356,1
29,356,1
30,356,1
31,356,1
32,356,5
33,356,1
34,356,1
35,356,1
36,356,1
37,356,5
38,356,1
39,356,1
40,356,1
41,356,1
42,356,5
43,356,1
44,356,1
45,356,1
46,356,5
47,356,5
48,356,1
49,356,1
50,356,1
51,356,1
52,356,1
53,356,1
54,356,5
55,356,1
56,356,1
57,356,1
58,356,1
59,356,1
60,356,1
61,356,1
62,356,1
63,356,1
64,356,1
65,356,1
66,356,1
67,356,1
68,356,1
69,356,1
70,356,1
71,356,1
72,356,1
73,356,1
74,356,5
75,356,1
76,356,1
77,356,1
78,356,5
79,356,1
80,356,1
81,356,1
82,356,1
83,356,1
84,356,5
85,356,1
86,356,1
87,356,1
88,356,1
89,356,1
90,356,1
91,356,1
92,356,1
93,356,1
94,356,1
95,356,1
96,356,5
97,356,1
98,356,5
99,356,1
100,356,5
101,356,1
102,356,1
103,356,1
104,356,1
105,356,1
106,356,1
107,356,1
108,356,1
109,356,1
110,356,1
111,356,1
112,356,5
113,356,1
114,356,1
115,356,1
116,356,5
117,356,1
118,356,1
119,356,1
120,356,1
121,356,1
122,356,5
123,356,1
124,356,5
125,356,5
126,356,1
127,356,5
128,356,1
129,356,1
130,356,5
131,356,1
132,356,1
133,356,1
134,356,1
135,356,1
136,356,1
137,356,1
138,356,5
139,356,1
140,356,1
141,356,1
142,356,5
143,356,1
144,356,1
145,356,1
146,356,5
147,356,1
148,356,5
149,356,5
150,356,1
151,356,1
152,356,1
153,356,5
154,356,1
155,356,1
156,356,1
157,356,1
158,356,5
159,356,5
160,356,5
161,356,1
162,356,1
163,356,1
164,356,5
165,356,1
166,356,1
167,356,1
168,356,5
169,356,1
170,356,1
171,356,1
172,356,5
173,356,1
174,356,1
175,356,1
176,356,5
177,356,1
178,356,1
179,356,1
180,356,1
181,356,1
182,356,1
183,356,1
184,356,1
185,356,5
186,356,1
187,356,5
188,356,1
189,356,1
190,356,1
191,356,1
192,356,1
193,356,1
194,356,5
195,356,1
196,356,5
197,356,1
198,356,1
199,356,1
200,356,5
201,356,1
202,356,5
203,356,1
204,356,1
205,356,5
206,356,5
207,356,1
208,356,1
209,356,1
210,356,1
211,356,5
212,356,1
213,356,1
214,356,1
215,356,1
216,356,1
217,356,5
218,356,1
219,356,1
220,356,1
221,356,1
222,356,1
223,356,1
224,356,5
225,356,1
226,356,1
227,356,1
228,356,5
229,356,1
230,356,1
231,356,1
232,356,1
233,356,1
234,356,1
235,356,1
236,356,1
237,356,1
238,356,5
239,356,1
240,356,5
241,356,1
242,356,1
243,356,5
244,356,1
245,356,1
246,356,1
247,356,1
248,356,1
249,356,1
250,356,1
1,357,1
2,357,1
3,357,1
4,357,5
5,357,5
6,357,1
7,357,1
8,357,5
9,357,5
10,357,5
11,357,1
12,357,1
13,357,1
14,357,1
15,357,1
16,357,1
17,357,1
18,357,5
19,357,1
20,357,5
21,357,1
22,357,5
23,357,1
24,357,1
25,357,5
26,357,1
27,357,1
28,357,1
29,357,1
30,357,1
31,357,1
32,357,5
33,357,1
34,357,1
35,357,1
36,357,1
37,357,5
38,357,1
39,357,5
40,357,1
41,357,1
42,357,1
43,357,1
44,357,1
45,357,5
46,357,1
47,357,1
48,357,1
49,357,1
50,357,1
51,357,1
52,357,1
53,357,1
54,357,1
55,357,1
56,357,1
57,357,1
58,357,1
59,357,1
60,357,1
61,357,1
62,357,5
63,357,5
64,357,1
65,357,1
66,357,1
67,357,5
68,357,1
69,357,1
70,357,5
71,357,1
72,357,1
73,357,1
74,357,1
75,357,1
76,357,1
77,357,1
78,357,5
79,357,1
80,357,1
81,357,5
82,357,1
83,357,5
84,357,5
85,357,1
86,357,1
87,357,1
88,357,1
89,357,1
90,357,1
91,357,1
92,357,1
93,357,1
94,357,5
95,357,5
96,357,5
97,357,1
98,357,1
99,357,1
100,357,1
101,357,1
102,357,1
103,357,5
104,357,1
105,357,1
106,357,1
107,357,1
108,357,1
109,357,1
110,357,1
111,357,5
112,357,1
113,357,1
114,357,1
115,357,1
116,357,1
117,357,1
118,357,1
119,357,1
120,357,1
121,357,1
122,357,1
123,357,1
124,357,1
125,357,5
126,357,1
127,357,1
128,357,1
129,357,1
130,357,5
131,357,1
132,357,1
133,357,1
134,357,1
135,357,1
136,357,1
137,357,1
138,357,5
139,357,1
140,357,5
141,357,5
142,357,5
143,357,1
144,357,1
145,357,1
146,357,5
147,357,1
148,357,1
149,357,5
150,357,1
151,357,1
152,357,1
153,357,5
154,357,1
155,357,1
156,357,1
157,357,1
158,357,5
159,357,1
160,357,5
161,357,1
162,357,1
163,357,1
164,357,1
165,357,1
166,357,5
167,357,1
168,357,1
169,357,1
170,357,1
171,357,1
172,357,1
173,357,1
174,357,1
175,357,1
176,357,5
177,357,1
178,357,1
179,357,1
180,357,1
181,357,5
182,357,1
183,357,1
184,357,1
185,357,1
186,357,1
187,357,1
188,357,1
189,357,1
190,357,1
191,357,5
192,357,1
193,357,1
194,357,1
195,357,1
196,357,1
197,357,1
198,357,1
199,357,1
200,357,5
201,357,1
202,357,1
203,357,1
204,357,5
205,357,1
206,357,5
207,357,1
208,357,1
209,357,1
210,357,1
211,357,5
212,357,1
213,357,1
214,357,1
215,357,1
216,357,1
217,357,1
218,357,1
219,357,1
220,357,1
221,357,5
222,357,1
223,357,1
224,357,1
225,357,1
226,357,1
227,357,1
228,357,1
229,357,1
230,357,1
231,357,5
232,357,1
233,357,5
234,357,1
235,357,1
236,357,1
237,357,1
238,357,5
239,357,1
240,357,5
241,357,1
242,357,1
243,357,1
244,357,1
245,357,1
246,357,1
247,357,1
248,357,1
249,357,1
250,357,1
1,358,1
2,358,1
3,358,1
4,358,1
5,358,1
6,358,1
7,358,1
8,358,5
9,358,5
10,358,5
11,358,1
12,358,1
13,358,1
14,358,1
15,358,1
16,358,5
17,358,1
18,358,5
19,358,1
20,358,5
21,358,1
22,358,5
23,358,1
24,358,1
25,358,5
26,358,5
27,358,1
28,358,1
29,358,1
30,358,1
31,358,5
32,358,5
33,358,5
34,358,1
35,358,1
36,358,1
37,358,5
38,358,1
39,358,5
40,358,1
41,358,5
42,358,5
43,358,1
44,358,1
45,358,1
46,358,1
47,358,1
48,358,1
49,358,1
50,358,1
51,358,5
52,358,5
53,358,1
54,358,5
55,358,1
56,358,1
57,358,1
58,358,1
59,358,1
60,358,1
61,358,1
62,358,5
63,358,5
64,358,1
65,358,1
66,358,1
67,358,5
68,358,1
69,358,1
70,358,5
71,358,1
72,358,1
73,358,1
74,358,1
75,358,1
76,358,1
77,358,1
78,358,5
79,358,1
80,358,1
81,358,5
82,358,1
83,358,5
84,358,1
85,358,1
86,358,1
87,358,1
88,358,1
89,358,1
90,358,1
91,358,1
92,358,1
93,358,1
94,358,5
95,358,1
96,358,5
97,358,1
98,358,1
99,358,1
100,358,1
101,358,1
102,358,1
103,358,5
104,358,1
105,358,1
106,358,1
107,358,1
108,358,1
109,358,1
110,358,1
111,358,5
112,358,5
113,358,5
114,358,5
115,358,1
116,358,1
117,358,5
118,358,1
119,358,1
120,358,1
121,358,1
122,358,5
123,358,1
124,358,5
125,358,1
126,358,1
127,358,5
128,358,1
129,358,1
130,358,1
131,358,1
132,358,1
133,358,5
134,358,1
135,358,1
136,358,1
137,358,1
138,358,1
139,358,1
140,358,5
141,358,5
142,358,5
143,358,1
144,358,1
145,358,1
146,358,5
147,358,1
148,358,5
149,358,5
150,358,1
151,358,1
152,358,1
153,358,1
154,358,1
155,358,1
156,358,1
157,358,1
158,358,5
159,358,5
160,358,5
161,358,1
162,358,1
163,358,1
164,358,1
165,358,1
166,358,5
167,358,1
168,358,5
169,358,1
170,358,1
171,358,1
172,358,1
173,358,1
174,358,1
175,358,1
176,358,5
177,358,1
178,358,1
179,358,1
180,358,1
181,358,1
182,358,1
183,358,5
184,358,1
185,358,1
186,358,1
187,358,5
188,358,1
189,358,1
190,358,1
191,358,1
192,358,1
193,358,1
194,358,5
195,358,1
196,358,5
197,358,1
198,358,1
199,358,1
200,358,1
201,358,1
202,358,5
203,358,1
204,358,1
205,358,1
206,358,1
207,358,1
208,358,1
209,358,1
210,358,1
211,358,1
212,358,1
213,358,1
214,358,1
215,358,1
216,358,1
217,358,5
218,358,1
219,358,1
220,358,1
221,358,5
222,358,1
223,358,1
224,358,1
225,358,1
226,358,1
227,358,1
228,358,5
229,358,1
230,358,1
231,358,5
232,358,1
233,358,1
234,358,1
235,358,1
236,358,1
237,358,1
238,358,5
239,358,1
240,358,5
241,358,1
242,358,1
243,358,1
244,358,1
245,358,1
246,358,1
247,358,1
248,358,1
249,358,1
250,358,1
1,359,1
2,359,1
3,359,1
4,359,5
5,359,5
6,359,1
7,359,1
8,359,5
9,359,1
10,359,5
11,359,1
12,359,1
13,359,1
14,359,1
15,359,1
16,359,1
17,359,1
18,359,1
19,359,1
20,359,1
21,359,1
22,359,5
23,359,1
24,359,1
25,359,5
26,359,1
27,359,1
28,359,5
29,359,1
30,359,1
31,359,1
32,359,5
33,359,5
34,359,1
35,359,1
36,359,1
37,359,5
38,359,1
39,359,5
40,359,1
41,359,1
42,359,1
43,359,1
44,359,1
45,359,5
46,359,5
47,359,5
48,359,1
49,359,1
50,359,5
51,359,5
52,359,5
53,359,1
54,359,1
55,359,1
56,359,1
57,359,1
58,359,1
59,359,1
60,359,1
61,359,1
62,359,1
63,359,5
64,359,1
65,359,1
66,359,1
67,359,1
68,359,1
69,359,1
70,359,5
71,359,1
72,359,1
73,359,1
74,359,1
75,359,1
76,359,1
77,359,1
78,359,1
79,359,1
80,359,1
81,359,1
82,359,1
83,359,5
84,359,1
85,359,1
86,359,1
87,359,1
88,359,1
89,359,1
90,359,1
91,359,1
92,359,1
93,359,1
94,359,5
95,359,1
96,359,1
97,359,1
98,359,1
99,359,1
100,359,5
101,359,1
102,359,1
103,359,5
104,359,1
105,359,1
106,359,1
107,359,1
108,359,1
109,359,1
110,359,1
111,359,5
112,359,5
113,359,5
114,359,5
115,359,1
116,359,1
117,359,5
118,359,1
119,359,1
120,359,1
121,359,1
122,359,1
123,359,1
124,359,1
125,359,5
126,359,1
127,359,1
128,359,1
129,359,1
130,359,5
131,359,1
132,359,1
133,359,5
134,359,1
135,359,1
136,359,1
137,359,1
138,359,5
139,359,1
140,359,5
141,359,5
142,359,5
143,359,1
144,359,1
145,359,1
146,359,5
147,359,1
148,359,5
149,359,1
150,359,1
151,359,1
152,359,1
153,359,1
154,359,1
155,359,1
156,359,1
157,359,1
158,359,1
159,359,5
160,359,1
161,359,1
162,359,1
163,359,1
164,359,1
165,359,1
166,359,1
167,359,1
168,359,5
169,359,1
170,359,1
171,359,1
172,359,1
173,359,1
174,359,1
175,359,1
176,359,1
177,359,1
178,359,1
179,359,1
180,359,1
181,359,1
182,359,1
183,359,1
184,359,1
185,359,1
186,359,1
187,359,1
188,359,1
189,359,1
190,359,1
191,359,1
192,359,1
193,359,1
194,359,1
195,359,1
196,359,5
197,359,1
198,359,1
199,359,1
200,359,1
201,359,1
202,359,5
203,359,1
204,359,1
205,359,1
206,359,5
207,359,1
208,359,1
209,359,1
210,359,1
211,359,1
212,359,1
213,359,1
214,359,1
215,359,1
216,359,1
217,359,5
218,359,1
219,359,1
220,359,1
221,359,5
222,359,1
223,359,1
224,359,1
225,359,1
226,359,1
227,359,1
228,359,1
229,359,1
230,359,1
231,359,1
232,359,1
233,359,1
234,359,1
235,359,1
236,359,1
237,359,1
238,359,1
239,359,1
240,359,1
241,359,1
242,359,1
243,359,1
244,359,1
245,359,1
246,359,1
247,359,1
248,359,1
249,359,1
250,359,1
1,360,1
2,360,1
3,360,5
4,360,1
5,360,1
6,360,1
7,360,1
8,360,1
9,360,1
10,360,1
11,360,5
12,360,1
13,360,5
14,360,1
15,360,1
16,360,1
17,360,1
18,360,1
19,360,5
20,360,1
21,360,5
22,360,1
23,360,1
24,360,1
25,360,1
26,360,1
27,360,1
28,360,1
29,360,5
30,360,5
31,360,1
32,360,1
33,360,1
34,360,1
35,360,5
36,360,1
37,360,1
38,360,1
39,360,1
40,360,5
41,360,1
42,360,1
43,360,1
44,360,1
45,360,1
46,360,1
47,360,1
48,360,1
49,360,1
50,360,1
51,360,1
52,360,1
53,360,1
54,360,1
55,360,1
56,360,1
57,360,5
58,360,1
59,360,1
60,360,5
61,360,5
62,360,1
63,360,1
64,360,5
65,360,1
66,360,1
67,360,1
68,360,1
69,360,1
70,360,1
71,360,1
72,360,5
73,360,1
74,360,1
75,360,1
76,360,5
77,360,1
78,360,1
79,360,1
80,360,5
81,360,1
82,360,5
83,360,1
84,360,1
85,360,1
86,360,5
87,360,5
88,360,1
89,360,1
90,360,5
91,360,1
92,360,1
93,360,1
94,360,1
95,360,1
96,360,1
97,360,1
98,360,1
99,360,1
100,360,1
101,360,1
102,360,1
103,360,1
104,360,1
105,360,5
106,360,5
107,360,1
108,360,1
109,360,1
110,360,5
111,360,1
112,360,1
113,360,1
114,360,1
115,360,5
116,360,1
117,360,1
118,360,5
119,360,1
120,360,1
121,360,1
122,360,1
123,360,1
124,360,1
125,360,1
126,360,1
127,360,1
128,360,1
129,360,1
130,360,1
131,360,1
132,360,1
133,360,1
134,360,1
135,360,1
136,360,1
137,360,1
138,360,1
139,360,5
140,360,1
141,360,1
142,360,1
143,360,5
144,360,1
145,360,5
146,360,1
147,360,1
148,360,1
149,360,1
150,360,1
151,360,1
152,360,1
153,360,1
154,360,1
155,360,1
156,360,1
157,360,5
158,360,1
159,360,1
160,360,1
161,360,1
162,360,1
163,360,1
164,360,1
165,360,5
166,360,1
167,360,1
168,360,1
169,360,1
170,360,1
171,360,1
172,360,1
173,360,1
174,360,1
175,360,1
176,360,1
177,360,1
178,360,1
179,360,1
180,360,1
181,360,1
182,360,1
183,360,1
184,360,1
185,360,1
186,360,1
187,360,1
188,360,1
189,360,1
190,360,1
191,360,1
192,360,5
193,360,1
194,360,1
195,360,1
196,360,1
197,360,1
198,360,1
199,360,1
200,360,1
201,360,1
202,360,1
203,360,1
204,360,1
205,360,1
206,360,1
207,360,1
208,360,1
209,360,1
210,360,5
211,360,1
212,360,1
213,360,1
214,360,1
215,360,1
216,360,5
217,360,1
218,360,1
219,360,1
220,360,5
221,360,1
222,360,1
223,360,5
224,360,1
225,360,5
226,360,1
227,360,1
228,360,1
229,360,1
230,360,1
231,360,1
232,360,1
233,360,1
234,360,5
235,360,1
236,360,1
237,360,1
238,360,1
239,360,1
240,360,1
241,360,5
242,360,5
243,360,1
244,360,5
245,360,5
246,360,5
247,360,1
248,360,5
249,360,1
250,360,1
1,361,1
2,361,1
3,361,5
4,361,1
5,361,1
6,361,5
7,361,5
8,361,1
9,361,1
10,361,1
11,361,1
12,361,1
13,361,5
14,361,1
15,361,5
16,361,1
17,361,5
18,361,1
19,361,1
20,361,1
21,361,1
22,361,1
23,361,5
24,361,1
25,361,1
26,361,1
27,361,1
28,361,1
29,361,5
30,361,1
31,361,1
32,361,1
33,361,1
34,361,1
35,361,1
36,361,5
37,361,1
38,361,1
39,361,1
40,361,5
41,361,1
42,361,1
43,361,1
44,361,5
45,361,1
46,361,1
47,361,1
48,361,1
49,361,5
50,361,1
51,361,1
52,361,1
53,361,5
54,361,1
55,361,1
56,361,5
57,361,5
58,361,1
59,361,1
60,361,5
61,361,1
62,361,1
63,361,1
64,361,1
65,361,1
66,361,1
67,361,1
68,361,5
69,361,1
70,361,1
71,361,1
72,361,1
73,361,1
74,361,1
75,361,1
76,361,1
77,361,5
78,361,1
79,361,1
80,361,5
81,361,1
82,361,1
83,361,1
84,361,1
85,361,1
86,361,1
87,361,5
88,361,1
89,361,1
90,361,5
91,361,1
92,361,5
93,361,1
94,361,1
95,361,1
96,361,1
97,361,1
98,361,1
99,361,1
100,361,1
101,361,1
102,361,5
103,361,1
104,361,1
105,361,5
106,361,5
107,361,1
108,361,1
109,361,1
110,361,5
111,361,1
112,361,1
113,361,1
114,361,1
115,361,1
116,361,1
117,361,1
118,361,1
119,361,5
120,361,1
121,361,1
122,361,1
123,361,1
124,361,1
125,361,1
126,361,1
127,361,1
128,361,1
129,361,1
130,361,1
131,361,1
132,361,5
133,361,1
134,361,1
135,361,1
136,361,5
137,361,5
138,361,1
139,361,1
140,361,1
141,361,1
142,361,1
143,361,5
144,361,1
145,361,1
146,361,1
147,361,1
148,361,1
149,361,1
150,361,1
151,361,5
152,361,1
153,361,1
154,361,1
155,361,5
156,361,1
157,361,1
158,361,1
159,361,1
160,361,1
161,361,5
162,361,1
163,361,1
164,361,1
165,361,1
166,361,1
167,361,1
168,361,1
169,361,1
170,361,1
171,361,1
172,361,1
173,361,1
174,361,1
175,361,1
176,361,1
177,361,1
178,361,5
179,361,1
180,361,5
181,361,1
182,361,1
183,361,1
184,361,1
185,361,1
186,361,1
187,361,1
188,361,1
189,361,1
190,361,5
191,361,1
192,361,5
193,361,5
194,361,1
195,361,1
196,361,1
197,361,1
198,361,1
199,361,1
200,361,1
201,361,1
202,361,1
203,361,1
204,361,1
205,361,1
206,361,1
207,361,1
208,361,1
209,361,1
210,361,1
211,361,1
212,361,5
213,361,1
214,361,5
215,361,1
216,361,1
217,361,1
218,361,1
219,361,1
220,361,1
221,361,1
222,361,1
223,361,1
224,361,1
225,361,5
226,361,1
227,361,1
228,361,1
229,361,1
230,361,1
231,361,1
232,361,5
233,361,1
234,361,1
235,361,1
236,361,1
237,361,1
238,361,1
239,361,1
240,361,1
241,361,5
242,361,1
243,361,1
244,361,1
245,361,5
246,361,5
247,361,1
248,361,1
249,361,1
250,361,1
1,362,5
2,362,1
3,362,1
4,362,1
5,362,1
6,362,1
7,362,5
8,362,1
9,362,1
10,362,1
11,362,1
12,362,1
13,362,5
14,362,1
15,362,1
16,362,1
17,362,1
18,362,1
19,362,1
20,362,1
21,362,1
22,362,1
23,362,1
24,362,1
25,362,1
26,362,1
27,362,1
28,362,1
29,362,5
30,362,5
31,362,1
32,362,1
33,362,1
34,362,1
35,362,5
36,362,5
37,362,1
38,362,1
39,362,1
40,362,5
41,362,1
42,362,1
43,362,1
44,362,1
45,362,1
46,362,1
47,362,1
48,362,1
49,362,5
50,362,1
51,362,1
52,362,1
53,362,5
54,362,1
55,362,1
56,362,1
57,362,1
58,362,1
59,362,1
60,362,1
61,362,5
62,362,1
63,362,1
64,362,1
65,362,1
66,362,1
67,362,1
68,362,5
69,362,5
70,362,1
71,362,1
72,362,1
73,362,1
74,362,1
75,362,1
76,362,5
77,362,5
78,362,1
79,362,1
80,362,5
81,362,1
82,362,5
83,362,1
84,362,1
85,362,1
86,362,1
87,362,1
88,362,1
89,362,1
90,362,1
91,362,1
92,362,5
93,362,1
94,362,1
95,362,1
96,362,1
97,362,1
98,362,1
99,362,1
100,362,1
101,362,5
102,362,5
103,362,1
104,362,1
105,362,5
106,362,5
107,362,1
108,362,1
109,362,1
110,362,5
111,362,1
112,362,1
113,362,1
114,362,1
115,362,1
116,362,1
117,362,1
118,362,1
119,362,5
120,362,1
121,362,1
122,362,1
123,362,1
124,362,1
125,362,1
126,362,1
127,362,1
128,362,1
129,362,5
130,362,1
131,362,1
132,362,5
133,362,1
134,362,1
135,362,1
136,362,1
137,362,1
138,362,1
139,362,1
140,362,1
141,362,1
142,362,1
143,362,1
144,362,1
145,362,1
146,362,1
147,362,1
148,362,1
149,362,1
150,362,1
151,362,1
152,362,1
153,362,1
154,362,1
155,362,5
156,362,1
157,362,1
158,362,1
159,362,1
160,362,1
161,362,5
162,362,1
163,362,5
164,362,1
165,362,1
166,362,1
167,362,1
168,362,1
169,362,1
170,362,1
171,362,1
172,362,1
173,362,1
174,362,5
175,362,1
176,362,1
177,362,1
178,362,5
179,362,1
180,362,5
181,362,1
182,362,1
183,362,1
184,362,5
185,362,1
186,362,1
187,362,1
188,362,5
189,362,1
190,362,1
191,362,1
192,362,5
193,362,1
194,362,1
195,362,1
196,362,1
197,362,1
198,362,1
199,362,1
200,362,1
201,362,1
202,362,1
203,362,1
204,362,1
205,362,1
206,362,1
207,362,1
208,362,1
209,362,1
210,362,1
211,362,1
212,362,5
213,362,1
214,362,1
215,362,1
216,362,5
217,362,1
218,362,1
219,362,1
220,362,5
221,362,1
222,362,1
223,362,5
224,362,1
225,362,5
226,362,1
227,362,1
228,362,1
229,362,1
230,362,1
231,362,1
232,362,5
233,362,1
234,362,1
235,362,1
236,362,1
237,362,1
238,362,1
239,362,1
240,362,1
241,362,5
242,362,1
243,362,1
244,362,5
245,362,1
246,362,1
247,362,1
248,362,1
249,362,1
250,362,1
1,363,1
2,363,1
3,363,5
4,363,1
5,363,1
6,363,5
7,363,5
8,363,1
9,363,1
10,363,1
11,363,5
12,363,1
13,363,1
14,363,1
15,363,1
16,363,1
17,363,5
18,363,1
19,363,1
20,363,1
21,363,5
22,363,1
23,363,5
24,363,1
25,363,1
26,363,1
27,363,1
28,363,1
29,363,5
30,363,1
31,363,1
32,363,1
33,363,1
34,363,1
35,363,5
36,363,1
37,363,1
38,363,5
39,363,1
40,363,5
41,363,1
42,363,1
43,363,1
44,363,1
45,363,1
46,363,1
47,363,1
48,363,1
49,363,1
50,363,1
51,363,1
52,363,1
53,363,5
54,363,1
55,363,1
56,363,1
57,363,5
58,363,5
59,363,1
60,363,1
61,363,1
62,363,1
63,363,1
64,363,5
65,363,1
66,363,1
67,363,1
68,363,1
69,363,5
70,363,1
71,363,1
72,363,5
73,363,5
74,363,1
75,363,1
76,363,5
77,363,5
78,363,1
79,363,1
80,363,5
81,363,1
82,363,5
83,363,1
84,363,1
85,363,1
86,363,1
87,363,5
88,363,1
89,363,1
90,363,1
91,363,1
92,363,5
93,363,1
94,363,1
95,363,1
96,363,1
97,363,1
98,363,1
99,363,1
100,363,1
101,363,1
102,363,5
103,363,1
104,363,1
105,363,5
106,363,1
107,363,1
108,363,1
109,363,1
110,363,5
111,363,1
112,363,1
113,363,1
114,363,1
115,363,1
116,363,1
117,363,1
118,363,5
119,363,1
120,363,5
121,363,1
122,363,1
123,363,1
124,363,1
125,363,1
126,363,5
127,363,1
128,363,1
129,363,5
130,363,1
131,363,1
132,363,1
133,363,1
134,363,1
135,363,5
136,363,5
137,363,5
138,363,1
139,363,5
140,363,1
141,363,1
142,363,1
143,363,5
144,363,1
145,363,1
146,363,1
147,363,1
148,363,1
149,363,1
150,363,5
151,363,5
152,363,1
153,363,1
154,363,1
155,363,5
156,363,1
157,363,1
158,363,1
159,363,1
160,363,1
161,363,1
162,363,1
163,363,5
164,363,1
165,363,1
166,363,1
167,363,1
168,363,1
169,363,1
170,363,1
171,363,1
172,363,1
173,363,1
174,363,1
175,363,1
176,363,1
177,363,1
178,363,5
179,363,1
180,363,5
181,363,1
182,363,1
183,363,1
184,363,1
185,363,1
186,363,1
187,363,1
188,363,1
189,363,1
190,363,5
191,363,1
192,363,5
193,363,5
194,363,1
195,363,1
196,363,1
197,363,1
198,363,1
199,363,1
200,363,1
201,363,1
202,363,1
203,363,1
204,363,1
205,363,1
206,363,1
207,363,1
208,363,1
209,363,1
210,363,1
211,363,1
212,363,5
213,363,5
214,363,1
215,363,1
216,363,5
217,363,1
218,363,1
219,363,1
220,363,1
221,363,1
222,363,1
223,363,5
224,363,1
225,363,1
226,363,1
227,363,1
228,363,1
229,363,1
230,363,1
231,363,1
232,363,1
233,363,1
234,363,1
235,363,1
236,363,1
237,363,1
238,363,1
239,363,1
240,363,1
241,363,1
242,363,5
243,363,1
244,363,1
245,363,5
246,363,5
247,363,1
248,363,1
249,363,1
250,363,1
1,364,5
2,364,1
3,364,5
4,364,1
5,364,1
6,364,1
7,364,5
8,364,1
9,364,1
10,364,1
11,364,1
12,364,1
13,364,5
14,364,1
15,364,1
16,364,1
17,364,5
18,364,1
19,364,5
20,364,1
21,364,1
22,364,1
23,364,5
24,364,1
25,364,1
26,364,1
27,364,1
28,364,1
29,364,1
30,364,1
31,364,1
32,364,1
33,364,1
34,364,1
35,364,5
36,364,1
37,364,1
38,364,5
39,364,1
40,364,5
41,364,1
42,364,1
43,364,1
44,364,1
45,364,1
46,364,1
47,364,1
48,364,1
49,364,1
50,364,1
51,364,1
52,364,1
53,364,1
54,364,1
55,364,1
56,364,5
57,364,1
58,364,5
59,364,5
60,364,1
61,364,1
62,364,1
63,364,1
64,364,5
65,364,1
66,364,1
67,364,1
68,364,5
69,364,5
70,364,1
71,364,1
72,364,1
73,364,1
74,364,1
75,364,1
76,364,5
77,364,5
78,364,1
79,364,1
80,364,5
81,364,1
82,364,1
83,364,1
84,364,1
85,364,1
86,364,1
87,364,5
88,364,1
89,364,1
90,364,5
91,364,1
92,364,1
93,364,1
94,364,1
95,364,1
96,364,1
97,364,1
98,364,1
99,364,1
100,364,1
101,364,1
102,364,5
103,364,1
104,364,1
105,364,5
106,364,5
107,364,1
108,364,1
109,364,5
110,364,1
111,364,1
112,364,1
113,364,1
114,364,1
115,364,1
116,364,1
117,364,1
118,364,1
119,364,5
120,364,1
121,364,1
122,364,1
123,364,1
124,364,1
125,364,1
126,364,5
127,364,1
128,364,1
129,364,1
130,364,1
131,364,1
132,364,1
133,364,1
134,364,1
135,364,5
136,364,1
137,364,5
138,364,1
139,364,1
140,364,1
141,364,1
142,364,1
143,364,1
144,364,1
145,364,1
146,364,1
147,364,1
148,364,1
149,364,1
150,364,5
151,364,5
152,364,1
153,364,1
154,364,1
155,364,1
156,364,1
157,364,1
158,364,1
159,364,1
160,364,1
161,364,1
162,364,1
163,364,5
164,364,1
165,364,5
166,364,1
167,364,1
168,364,1
169,364,1
170,364,1
171,364,1
172,364,1
173,364,1
174,364,1
175,364,1
176,364,1
177,364,1
178,364,5
179,364,1
180,364,5
181,364,1
182,364,1
183,364,1
184,364,1
185,364,1
186,364,1
187,364,1
188,364,1
189,364,1
190,364,5
191,364,1
192,364,5
193,364,1
194,364,1
195,364,1
196,364,1
197,364,1
198,364,1
199,364,1
200,364,1
201,364,1
202,364,1
203,364,1
204,364,1
205,364,1
206,364,1
207,364,1
208,364,1
209,364,1
210,364,5
211,364,1
212,364,5
213,364,5
214,364,5
215,364,1
216,364,1
217,364,1
218,364,1
219,364,1
220,364,5
221,364,1
222,364,1
223,364,5
224,364,1
225,364,5
226,364,1
227,364,1
228,364,1
229,364,1
230,364,1
231,364,1
232,364,5
233,364,1
234,364,1
235,364,1
236,364,1
237,364,1
238,364,1
239,364,1
240,364,1
241,364,5
242,364,5
243,364,1
244,364,5
245,364,1
246,364,1
247,364,1
248,364,5
249,364,1
250,364,1
1,365,1
2,365,1
3,365,1
4,365,5
5,365,1
6,365,1
7,365,1
8,365,1
9,365,1
10,365,1
11,365,1
12,365,1
13,365,1
14,365,1
15,365,1
16,365,1
17,365,1
18,365,1
19,365,1
20,365,5
21,365,1
22,365,5
23,365,1
24,365,5
25,365,5
26,365,1
27,365,5
28,365,1
29,365,1
30,365,1
31,365,1
32,365,5
33,365,1
34,365,1
35,365,1
36,365,1
37,365,1
38,365,1
39,365,5
40,365,1
41,365,1
42,365,1
43,365,1
44,365,1
45,365,5
46,365,5
47,365,1
48,365,1
49,365,1
50,365,5
51,365,1
52,365,1
53,365,1
54,365,1
55,365,1
56,365,1
57,365,1
58,365,1
59,365,1
60,365,1
61,365,1
62,365,1
63,365,1
64,365,1
65,365,1
66,365,1
67,365,1
68,365,1
69,365,1
70,365,1
71,365,1
72,365,1
73,365,1
74,365,5
75,365,1
76,365,1
77,365,1
78,365,5
79,365,1
80,365,1
81,365,5
82,365,1
83,365,1
84,365,1
85,365,1
86,365,1
87,365,1
88,365,1
89,365,1
90,365,1
91,365,1
92,365,1
93,365,1
94,365,5
95,365,1
96,365,5
97,365,1
98,365,1
99,365,1
100,365,5
101,365,1
102,365,1
103,365,5
104,365,5
105,365,1
106,365,1
107,365,1
108,365,1
109,365,1
110,365,1
111,365,1
112,365,5
113,365,1
114,365,5
115,365,1
116,365,1
117,365,1
118,365,1
119,365,1
120,365,1
121,365,1
122,365,1
123,365,1
124,365,1
125,365,1
126,365,1
127,365,5
128,365,1
129,365,1
130,365,1
131,365,1
132,365,1
133,365,5
134,365,1
135,365,1
136,365,1
137,365,1
138,365,1
139,365,1
140,365,1
141,365,1
142,365,5
143,365,1
144,365,1
145,365,1
146,365,5
147,365,1
148,365,5
149,365,5
150,365,1
151,365,1
152,365,1
153,365,5
154,365,1
155,365,1
156,365,1
157,365,1
158,365,5
159,365,5
160,365,5
161,365,1
162,365,1
163,365,1
164,365,5
165,365,1
166,365,1
167,365,1
168,365,5
169,365,1
170,365,1
171,365,1
172,365,1
173,365,1
174,365,1
175,365,1
176,365,5
177,365,1
178,365,1
179,365,1
180,365,1
181,365,1
182,365,1
183,365,1
184,365,1
185,365,1
186,365,1
187,365,1
188,365,1
189,365,1
190,365,1
191,365,1
192,365,1
193,365,1
194,365,5
195,365,1
196,365,5
197,365,1
198,365,1
199,365,1
200,365,5
201,365,1
202,365,1
203,365,1
204,365,5
205,365,1
206,365,1
207,365,1
208,365,1
209,365,1
210,365,1
211,365,1
212,365,1
213,365,1
214,365,1
215,365,1
216,365,1
217,365,1
218,365,1
219,365,1
220,365,1
221,365,5
222,365,1
223,365,1
224,365,1
225,365,1
226,365,1
227,365,1
228,365,1
229,365,1
230,365,1
231,365,5
232,365,1
233,365,5
234,365,1
235,365,1
236,365,1
237,365,1
238,365,1
239,365,1
240,365,1
241,365,1
242,365,1
243,365,5
244,365,1
245,365,1
246,365,1
247,365,1
248,365,1
249,365,1
250,365,1
1,366,1
2,366,1
3,366,1
4,366,1
5,366,1
6,366,1
7,366,1
8,366,5
9,366,5
10,366,1
11,366,1
12,366,1
13,366,1
14,366,1
15,366,1
16,366,1
17,366,1
18,366,5
19,366,1
20,366,1
21,366,1
22,366,5
23,366,1
24,366,5
25,366,5
26,366,1
27,366,1
28,366,1
29,366,1
30,366,1
31,366,5
32,366,1
33,366,5
34,366,1
35,366,1
36,366,1
37,366,1
38,366,1
39,366,1
40,366,1
41,366,5
42,366,5
43,366,1
44,366,1
45,366,1
46,366,1
47,366,1
48,366,1
49,366,1
50,366,5
51,366,5
52,366,5
53,366,1
54,366,1
55,366,1
56,366,1
57,366,1
58,366,1
59,366,1
60,366,1
61,366,1
62,366,5
63,366,5
64,366,1
65,366,1
66,366,1
67,366,5
68,366,1
69,366,1
70,366,5
71,366,1
72,366,1
73,366,1
74,366,5
75,366,1
76,366,1
77,366,1
78,366,5
79,366,1
80,366,1
81,366,5
82,366,1
83,366,1
84,366,5
85,366,1
86,366,1
87,366,1
88,366,1
89,366,1
90,366,1
91,366,1
92,366,1
93,366,1
94,366,5
95,366,5
96,366,5
97,366,1
98,366,1
99,366,1
100,366,1
101,366,1
102,366,1
103,366,5
104,366,1
105,366,1
106,366,1
107,366,1
108,366,1
109,366,1
110,366,1
111,366,5
112,366,5
113,366,1
114,366,5
115,366,1
116,366,5
117,366,1
118,366,1
119,366,1
120,366,1
121,366,1
122,366,5
123,366,1
124,366,5
125,366,1
126,366,1
127,366,1
128,366,1
129,366,1
130,366,5
131,366,1
132,366,1
133,366,1
134,366,1
135,366,1
136,366,1
137,366,1
138,366,5
139,366,1
140,366,5
141,366,5
142,366,1
143,366,1
144,366,1
145,366,1
146,366,1
147,366,1
148,366,5
149,366,5
150,366,1
151,366,1
152,366,1
153,366,1
154,366,1
155,366,1
156,366,1
157,366,1
158,366,5
159,366,1
160,366,5
161,366,1
162,366,1
163,366,1
164,366,1
165,366,1
166,366,1
167,366,1
168,366,5
169,366,1
170,366,1
171,366,1
172,366,5
173,366,1
174,366,1
175,366,1
176,366,1
177,366,1
178,366,1
179,366,1
180,366,1
181,366,5
182,366,1
183,366,5
184,366,1
185,366,1
186,366,1
187,366,1
188,366,1
189,366,1
190,366,1
191,366,5
192,366,1
193,366,1
194,366,1
195,366,1
196,366,5
197,366,1
198,366,1
199,366,1
200,366,5
201,366,1
202,366,1
203,366,1
204,366,1
205,366,1
206,366,5
207,366,1
208,366,1
209,366,1
210,366,1
211,366,1
212,366,1
213,366,1
214,366,1
215,366,1
216,366,1
217,366,5
218,366,1
219,366,1
220,366,1
221,366,1
222,366,1
223,366,1
224,366,1
225,366,1
226,366,1
227,366,1
228,366,5
229,366,1
230,366,1
231,366,1
232,366,1
233,366,5
234,366,1
235,366,1
236,366,1
237,366,1
238,366,5
239,366,1
240,366,1
241,366,1
242,366,1
243,366,1
244,366,1
245,366,1
246,366,1
247,366,1
248,366,1
249,366,1
250,366,1
1,367,1
2,367,1
3,367,1
4,367,5
5,367,5
6,367,1
7,367,1
8,367,1
9,367,1
10,367,1
11,367,1
12,367,1
13,367,1
14,367,1
15,367,1
16,367,5
17,367,1
18,367,1
19,367,1
20,367,1
21,367,1
22,367,5
23,367,1
24,367,1
25,367,1
26,367,5
27,367,1
28,367,5
29,367,1
30,367,1
31,367,1
32,367,1
33,367,1
34,367,1
35,367,1
36,367,1
37,367,1
38,367,1
39,367,1
40,367,1
41,367,1
42,367,1
43,367,1
44,367,1
45,367,1
46,367,1
47,367,1
48,367,1
49,367,1
50,367,1
51,367,1
52,367,1
53,367,1
54,367,5
55,367,1
56,367,1
57,367,1
58,367,1
59,367,1
60,367,1
61,367,1
62,367,5
63,367,1
64,367,1
65,367,1
66,367,1
67,367,1
68,367,1
69,367,1
70,367,5
71,367,1
72,367,1
73,367,1
74,367,5
75,367,1
76,367,1
77,367,1
78,367,5
79,367,1
80,367,1
81,367,1
82,367,1
83,367,5
84,367,1
85,367,1
86,367,1
87,367,1
88,367,1
89,367,1
90,367,1
91,367,1
92,367,1
93,367,1
94,367,1
95,367,5
96,367,1
97,367,1
98,367,5
99,367,1
100,367,5
101,367,1
102,367,1
103,367,1
104,367,5
105,367,1
106,367,1
107,367,1
108,367,1
109,367,1
110,367,1
111,367,1
112,367,1
113,367,1
114,367,5
115,367,1
116,367,5
117,367,1
118,367,1
119,367,1
120,367,1
121,367,1
122,367,5
123,367,1
124,367,1
125,367,5
126,367,1
127,367,5
128,367,1
129,367,1
130,367,1
131,367,1
132,367,1
133,367,1
134,367,1
135,367,1
136,367,1
137,367,1
138,367,5
139,367,1
140,367,1
141,367,1
142,367,1
143,367,1
144,367,1
145,367,1
146,367,5
147,367,1
148,367,5
149,367,1
150,367,1
151,367,1
152,367,1
153,367,1
154,367,1
155,367,1
156,367,1
157,367,1
158,367,5
159,367,5
160,367,1
161,367,1
162,367,1
163,367,1
164,367,1
165,367,1
166,367,1
167,367,1
168,367,1
169,367,1
170,367,1
171,367,1
172,367,1
173,367,1
174,367,1
175,367,1
176,367,1
177,367,1
178,367,1
179,367,1
180,367,1
181,367,1
182,367,1
183,367,5
184,367,1
185,367,5
186,367,1
187,367,1
188,367,1
189,367,1
190,367,1
191,367,5
192,367,1
193,367,1
194,367,5
195,367,1
196,367,1
197,367,1
198,367,1
199,367,1
200,367,5
201,367,1
202,367,5
203,367,1
204,367,5
205,367,5
206,367,5
207,367,1
208,367,1
209,367,1
210,367,1
211,367,5
212,367,1
213,367,1
214,367,1
215,367,1
216,367,1
217,367,5
218,367,1
219,367,1
220,367,1
221,367,1
222,367,1
223,367,1
224,367,5
225,367,1
226,367,1
227,367,1
228,367,5
229,367,1
230,367,1
231,367,5
232,367,1
233,367,5
234,367,1
235,367,1
236,367,1
237,367,1
238,367,1
239,367,1
240,367,1
241,367,1
242,367,1
243,367,5
244,367,1
245,367,1
246,367,1
247,367,1
248,367,1
249,367,1
250,367,1
1,368,1
2,368,1
3,368,1
4,368,1
5,368,5
6,368,1
7,368,1
8,368,5
9,368,5
10,368,5
11,368,1
12,368,1
13,368,1
14,368,1
15,368,1
16,368,1
17,368,1
18,368,1
19,368,1
20,368,5
21,368,1
22,368,5
23,368,1
24,368,5
25,368,5
26,368,1
27,368,5
28,368,5
29,368,1
30,368,1
31,368,5
32,368,1
33,368,1
34,368,1
35,368,1
36,368,1
37,368,5
38,368,1
39,368,5
40,368,1
41,368,5
42,368,1
43,368,1
44,368,1
45,368,5
46,368,5
47,368,5
48,368,1
49,368,1
50,368,5
51,368,1
52,368,1
53,368,1
54,368,5
55,368,1
56,368,1
57,368,1
58,368,1
59,368,1
60,368,1
61,368,1
62,368,5
63,368,5
64,368,1
65,368,1
66,368,1
67,368,5
68,368,1
69,368,1
70,368,1
71,368,1
72,368,1
73,368,1
74,368,1
75,368,1
76,368,1
77,368,1
78,368,5
79,368,1
80,368,1
81,368,5
82,368,1
83,368,5
84,368,5
85,368,1
86,368,1
87,368,1
88,368,1
89,368,1
90,368,1
91,368,1
92,368,1
93,368,1
94,368,1
95,368,1
96,368,5
97,368,1
98,368,5
99,368,1
100,368,1
101,368,1
102,368,1
103,368,5
104,368,5
105,368,1
106,368,1
107,368,1
108,368,1
109,368,1
110,368,1
111,368,1
112,368,1
113,368,5
114,368,1
115,368,1
116,368,5
117,368,5
118,368,1
119,368,1
120,368,1
121,368,1
122,368,5
123,368,1
124,368,5
125,368,5
126,368,1
127,368,1
128,368,1
129,368,1
130,368,1
131,368,1
132,368,1
133,368,5
134,368,1
135,368,1
136,368,1
137,368,1
138,368,1
139,368,1
140,368,5
141,368,5
142,368,5
143,368,1
144,368,1
145,368,1
146,368,5
147,368,1
148,368,1
149,368,1
150,368,1
151,368,1
152,368,1
153,368,1
154,368,1
155,368,1
156,368,1
157,368,1
158,368,5
159,368,5
160,368,5
161,368,1
162,368,1
163,368,1
164,368,5
165,368,1
166,368,5
167,368,1
168,368,5
169,368,1
170,368,1
171,368,1
172,368,5
173,368,1
174,368,1
175,368,1
176,368,1
177,368,1
178,368,1
179,368,1
180,368,1
181,368,5
182,368,1
183,368,1
184,368,1
185,368,1
186,368,1
187,368,1
188,368,1
189,368,1
190,368,1
191,368,5
192,368,1
193,368,1
194,368,1
195,368,1
196,368,1
197,368,1
198,368,1
199,368,1
200,368,5
201,368,1
202,368,5
203,368,1
204,368,1
205,368,5
206,368,1
207,368,1
208,368,1
209,368,1
210,368,1
211,368,5
212,368,1
213,368,1
214,368,1
215,368,1
216,368,1
217,368,1
218,368,1
219,368,1
220,368,1
221,368,1
222,368,1
223,368,1
224,368,1
225,368,1
226,368,1
227,368,1
228,368,1
229,368,1
230,368,1
231,368,1
232,368,1
233,368,5
234,368,1
235,368,1
236,368,1
237,368,1
238,368,5
239,368,1
240,368,1
241,368,1
242,368,1
243,368,1
244,368,1
245,368,1
246,368,1
247,368,1
248,368,1
249,368,1
250,368,1
1,369,1
2,369,1
3,369,5
4,369,1
5,369,1
6,369,5
7,369,1
8,369,1
9,369,1
10,369,1
11,369,1
12,369,1
13,369,5
14,369,1
15,369,1
16,369,1
17,369,1
18,369,1
19,369,5
20,369,1
21,369,5
22,369,1
23,369,1
24,369,1
25,369,1
26,369,1
27,369,1
28,369,1
29,369,5
30,369,5
31,369,1
32,369,1
33,369,1
34,369,1
35,369,1
36,369,1
37,369,1
38,369,5
39,369,1
40,369,1
41,369,1
42,369,1
43,369,1
44,369,5
45,369,1
46,369,1
47,369,1
48,369,1
49,369,5
50,369,1
51,369,1
52,369,1
53,369,5
54,369,1
55,369,1
56,369,5
57,369,1
58,369,1
59,369,1
60,369,5
61,369,5
62,369,1
63,369,1
64,369,5
65,369,1
66,369,1
67,369,1
68,369,5
69,369,1
70,369,1
71,369,1
72,369,1
73,369,5
74,369,1
75,369,1
76,369,5
77,369,1
78,369,1
79,369,1
80,369,1
81,369,1
82,369,1
83,369,1
84,369,1
85,369,1
86,369,1
87,369,1
88,369,1
89,369,1
90,369,5
91,369,1
92,369,1
93,369,1
94,369,1
95,369,1
96,369,1
97,369,1
98,369,1
99,369,1
100,369,1
101,369,5
102,369,1
103,369,1
104,369,1
105,369,1
106,369,1
107,369,1
108,369,1
109,369,5
110,369,5
111,369,1
112,369,1
113,369,1
114,369,1
115,369,5
116,369,1
117,369,1
118,369,1
119,369,1
120,369,5
121,369,1
122,369,1
123,369,1
124,369,1
125,369,1
126,369,5
127,369,1
128,369,1
129,369,1
130,369,1
131,369,1
132,369,5
133,369,1
134,369,1
135,369,1
136,369,5
137,369,5
138,369,1
139,369,5
140,369,1
141,369,1
142,369,1
143,369,5
144,369,1
145,369,5
146,369,1
147,369,1
148,369,1
149,369,1
150,369,1
151,369,5
152,369,1
153,369,1
154,369,1
155,369,5
156,369,1
157,369,5
158,369,1
159,369,1
160,369,1
161,369,5
162,369,1
163,369,5
164,369,1
165,369,1
166,369,1
167,369,1
168,369,1
169,369,1
170,369,1
171,369,1
172,369,1
173,369,1
174,369,5
175,369,1
176,369,1
177,369,1
178,369,5
179,369,1
180,369,1
181,369,1
182,369,1
183,369,1
184,369,1
185,369,1
186,369,1
187,369,1
188,369,5
189,369,1
190,369,1
191,369,1
192,369,1
193,369,5
194,369,1
195,369,1
196,369,1
197,369,1
198,369,5
199,369,1
200,369,1
201,369,1
202,369,1
203,369,1
204,369,1
205,369,1
206,369,1
207,369,1
208,369,1
209,369,1
210,369,1
211,369,1
212,369,1
213,369,1
214,369,5
215,369,1
216,369,1
217,369,1
218,369,1
219,369,1
220,369,5
221,369,1
222,369,1
223,369,1
224,369,1
225,369,1
226,369,1
227,369,1
228,369,1
229,369,1
230,369,1
231,369,1
232,369,5
233,369,1
234,369,1
235,369,1
236,369,1
237,369,1
238,369,1
239,369,1
240,369,1
241,369,5
242,369,5
243,369,1
244,369,5
245,369,1
246,369,1
247,369,1
248,369,5
249,369,1
250,369,1
1,370,1
2,370,1
3,370,1
4,370,1
5,370,5
6,370,1
7,370,1
8,370,1
9,370,5
10,370,5
11,370,1
12,370,1
13,370,1
14,370,1
15,370,1
16,370,1
17,370,1
18,370,1
19,370,1
20,370,1
21,370,1
22,370,5
23,370,1
24,370,1
25,370,1
26,370,5
27,370,1
28,370,5
29,370,1
30,370,1
31,370,1
32,370,1
33,370,1
34,370,1
35,370,1
36,370,1
37,370,1
38,370,1
39,370,1
40,370,1
41,370,5
42,370,1
43,370,1
44,370,1
45,370,1
46,370,1
47,370,5
48,370,1
49,370,1
50,370,1
51,370,5
52,370,1
53,370,1
54,370,5
55,370,1
56,370,1
57,370,1
58,370,1
59,370,1
60,370,1
61,370,1
62,370,5
63,370,5
64,370,1
65,370,1
66,370,1
67,370,5
68,370,1
69,370,1
70,370,1
71,370,1
72,370,1
73,370,1
74,370,1
75,370,1
76,370,1
77,370,1
78,370,5
79,370,1
80,370,1
81,370,5
82,370,1
83,370,1
84,370,5
85,370,1
86,370,1
87,370,1
88,370,1
89,370,1
90,370,1
91,370,1
92,370,1
93,370,1
94,370,5
95,370,1
96,370,5
97,370,1
98,370,5
99,370,1
100,370,1
101,370,1
102,370,1
103,370,1
104,370,1
105,370,1
106,370,1
107,370,1
108,370,1
109,370,1
110,370,1
111,370,1
112,370,1
113,370,5
114,370,5
115,370,1
116,370,1
117,370,1
118,370,1
119,370,1
120,370,1
121,370,1
122,370,5
123,370,1
124,370,1
125,370,1
126,370,1
127,370,5
128,370,1
129,370,1
130,370,1
131,370,1
132,370,1
133,370,1
134,370,1
135,370,1
136,370,1
137,370,1
138,370,5
139,370,1
140,370,1
141,370,1
142,370,1
143,370,1
144,370,1
145,370,1
146,370,1
147,370,1
148,370,1
149,370,5
150,370,1
151,370,1
152,370,1
153,370,5
154,370,1
155,370,1
156,370,1
157,370,1
158,370,1
159,370,1
160,370,5
161,370,1
162,370,1
163,370,1
164,370,1
165,370,1
166,370,5
167,370,1
168,370,5
169,370,1
170,370,1
171,370,1
172,370,1
173,370,1
174,370,1
175,370,1
176,370,1
177,370,1
178,370,1
179,370,1
180,370,1
181,370,5
182,370,1
183,370,1
184,370,1
185,370,5
186,370,1
187,370,1
188,370,1
189,370,1
190,370,1
191,370,5
192,370,1
193,370,1
194,370,5
195,370,1
196,370,1
197,370,1
198,370,1
199,370,1
200,370,5
201,370,1
202,370,5
203,370,1
204,370,5
205,370,1
206,370,5
207,370,1
208,370,1
209,370,1
210,370,1
211,370,5
212,370,1
213,370,1
214,370,1
215,370,1
216,370,5
217,370,5
218,370,5
219,370,5
220,370,5
221,370,5
222,370,5
223,370,5
224,370,5
225,370,5
226,370,5
227,370,5
228,370,5
229,370,5
230,370,5
231,370,5
232,370,5
233,370,5
234,370,5
235,370,5
236,370,5
237,370,5
238,370,5
239,370,5
240,370,5
241,370,5
242,370,5
243,370,5
244,370,5
245,370,5
246,370,5
247,370,5
248,370,5
249,370,5
250,370,5
1,371,5
2,371,5
3,371,5
4,371,5
5,371,5
6,371,5
7,371,5
8,371,5
9,371,5
10,371,5
11,371,5
12,371,5
13,371,5
14,371,5
15,371,5
16,371,5
17,371,5
18,371,5
19,371,5
20,371,5
21,371,5
22,371,5
23,371,5
24,371,5
25,371,5
26,371,5
27,371,5
28,371,5
29,371,5
30,371,5
31,371,5
32,371,5
33,371,5
34,371,5
35,371,5
36,371,5
37,371,5
38,371,5
39,371,5
40,371,5
41,371,5
42,371,5
43,371,5
44,371,5
45,371,5
46,371,5
47,371,5
48,371,5
49,371,5
50,371,5
51,371,5
52,371,5
53,371,5
54,371,5
55,371,5
56,371,5
57,371,5
58,371,5
59,371,5
60,371,5
61,371,5
62,371,5
63,371,5
64,371,5
65,371,5
66,371,5
67,371,5
68,371,5
69,371,5
70,371,5
71,371,5
72,371,5
73,371,5
74,371,5
75,371,5
76,371,5
77,371,5
78,371,5
79,371,5
80,371,5
81,371,5
82,371,5
83,371,5
84,371,5
85,371,5
86,371,5
87,371,5
88,371,5
89,371,5
90,371,5
91,371,5
92,371,5
93,371,5
94,371,5
95,371,5
96,371,5
97,371,5
98,371,5
99,371,5
100,371,5
101,371,5
102,371,5
103,371,5
104,371,5
105,371,5
106,371,5
107,371,5
108,371,5
109,371,5
110,371,5
111,371,5
112,371,5
113,371,5
114,371,5
115,371,5
116,371,5
117,371,5
118,371,5
119,371,5
120,371,5
121,371,5
122,371,5
123,371,5
124,371,5
125,371,5
126,371,5
127,371,5
128,371,5
129,371,5
130,371,5
131,371,5
132,371,5
133,371,5
134,371,5
135,371,5
136,371,5
137,371,5
138,371,5
139,371,5
140,371,5
141,371,5
142,371,5
143,371,5
144,371,5
145,371,5
146,371,5
147,371,5
148,371,5
149,371,5
150,371,5
151,371,5
152,371,5
153,371,5
154,371,5
155,371,5
156,371,5
157,371,5
158,371,5
159,371,5
160,371,5
161,371,5
162,371,5
163,371,5
164,371,5
165,371,5
166,371,5
167,371,5
168,371,5
169,371,5
170,371,5
171,371,5
172,371,5
173,371,5
174,371,5
175,371,5
176,371,5
177,371,5
178,371,5
179,371,5
180,371,5
181,371,5
182,371,5
183,371,5
184,371,5
185,371,5
186,371,5
187,371,5
188,371,5
189,371,5
190,371,5
191,371,5
192,371,5
193,371,5
194,371,5
195,371,5
196,371,5
197,371,5
198,371,5
199,371,5
200,371,5
201,371,5
202,371,5
203,371,5
204,371,5
205,371,5
206,371,5
207,371,5
208,371,5
209,371,5
210,371,5
211,371,5
212,371,5
213,371,5
214,371,5
215,371,5
216,371,5
217,371,5
218,371,5
219,371,5
220,371,5
221,371,5
222,371,5
223,371,5
224,371,5
225,371,5
226,371,5
227,371,5
228,371,5
229,371,5
230,371,5
231,371,5
232,371,5
233,371,5
234,371,5
235,371,5
236,371,5
237,371,5
238,371,5
239,371,5
240,371,5
241,371,5
242,371,5
243,371,5
244,371,5
245,371,5
246,371,5
247,371,5
248,371,5
249,371,5
250,371,5
1,372,5
2,372,5
3,372,5
4,372,5
5,372,5
6,372,5
7,372,5
8,372,5
9,372,5
10,372,5
11,372,5
12,372,5
13,372,5
14,372,5
15,372,5
16,372,5
17,372,5
18,372,5
19,372,5
20,372,5
21,372,5
22,372,5
23,372,5
24,372,5
25,372,5
26,372,5
27,372,5
28,372,5
29,372,5
30,372,5
31,372,5
32,372,5
33,372,5
34,372,5
35,372,5
36,372,5
37,372,5
38,372,5
39,372,5
40,372,5
41,372,5
42,372,5
43,372,5
44,372,5
45,372,5
46,372,5
47,372,5
48,372,5
49,372,5
50,372,5
51,372,5
52,372,5
53,372,5
54,372,5
55,372,5
56,372,5
57,372,5
58,372,5
59,372,5
60,372,5
61,372,5
62,372,5
63,372,5
64,372,5
65,372,5
66,372,5
67,372,5
68,372,5
69,372,5
70,372,5
71,372,5
72,372,5
73,372,5
74,372,5
75,372,5
76,372,5
77,372,5
78,372,5
79,372,5
80,372,5
81,372,5
82,372,5
83,372,5
84,372,5
85,372,5
86,372,5
87,372,5
88,372,5
89,372,5
90,372,5
91,372,5
92,372,5
93,372,5
94,372,5
95,372,5
96,372,5
97,372,5
98,372,5
99,372,5
100,372,5
101,372,5
102,372,5
103,372,5
104,372,5
105,372,5
106,372,5
107,372,5
108,372,5
109,372,5
110,372,5
111,372,5
112,372,5
113,372,5
114,372,5
115,372,5
116,372,5
117,372,5
118,372,5
119,372,5
120,372,5
121,372,5
122,372,5
123,372,5
124,372,5
125,372,5
126,372,5
127,372,5
128,372,5
129,372,5
130,372,5
131,372,5
132,372,5
133,372,5
134,372,5
135,372,5
136,372,5
137,372,5
138,372,5
139,372,5
140,372,5
141,372,5
142,372,5
143,372,5
144,372,5
145,372,5
146,372,5
147,372,5
148,372,5
149,372,5
150,372,5
151,372,5
152,372,5
153,372,5
154,372,5
155,372,5
156,372,5
157,372,5
158,372,5
159,372,5
160,372,5
161,372,5
162,372,5
163,372,5
164,372,5
165,372,5
166,372,5
167,372,5
168,372,5
169,372,5
170,372,5
171,372,5
172,372,5
173,372,5
174,372,5
175,372,5
176,372,5
177,372,5
178,372,5
179,372,5
180,372,5
181,372,5
182,372,5
183,372,5
184,372,5
185,372,5
186,372,5
187,372,5
188,372,5
189,372,5
190,372,5
191,372,5
192,372,5
193,372,5
194,372,5
195,372,5
196,372,5
197,372,5
198,372,5
199,372,5
200,372,5
201,372,5
202,372,5
203,372,5
204,372,5
205,372,5
206,372,5
207,372,5
208,372,5
209,372,5
210,372,5
211,372,5
212,372,5
213,372,5
214,372,5
215,372,5
216,372,5
217,372,5
218,372,5
219,372,5
220,372,5
221,372,5
222,372,5
223,372,5
224,372,5
225,372,5
226,372,5
227,372,5
228,372,5
229,372,5
230,372,5
231,372,5
232,372,5
233,372,5
234,372,5
235,372,5
236,372,5
237,372,5
238,372,5
239,372,5
240,372,5
241,372,5
242,372,5
243,372,5
244,372,5
245,372,5
246,372,5
247,372,5
248,372,5
249,372,5
250,372,5
1,373,5
2,373,5
3,373,5
4,373,5
5,373,5
6,373,5
7,373,5
8,373,5
9,373,5
10,373,5
11,373,5
12,373,5
13,373,5
14,373,5
15,373,5
16,373,5
17,373,5
18,373,5
19,373,5
20,373,5
21,373,5
22,373,5
23,373,5
24,373,5
25,373,5
26,373,5
27,373,5
28,373,5
29,373,5
30,373,5
31,373,5
32,373,5
33,373,5
34,373,5
35,373,5
36,373,5
37,373,5
38,373,5
39,373,5
40,373,5
41,373,5
42,373,5
43,373,5
44,373,5
45,373,5
46,373,5
47,373,5
48,373,5
49,373,5
50,373,5
51,373,5
52,373,5
53,373,5
54,373,5
55,373,5
56,373,5
57,373,5
58,373,5
59,373,5
60,373,5
61,373,5
62,373,5
63,373,5
64,373,5
65,373,5
66,373,5
67,373,5
68,373,5
69,373,5
70,373,5
71,373,5
72,373,5
73,373,5
74,373,5
75,373,5
76,373,5
77,373,5
78,373,5
79,373,5
80,373,5
81,373,5
82,373,5
83,373,5
84,373,5
85,373,5
86,373,5
87,373,5
88,373,5
89,373,5
90,373,5
91,373,5
92,373,5
93,373,5
94,373,5
95,373,5
96,373,5
97,373,5
98,373,5
99,373,5
100,373,5
101,373,5
102,373,5
103,373,5
104,373,5
105,373,5
106,373,5
107,373,5
108,373,5
109,373,5
110,373,5
111,373,5
112,373,5
113,373,5
114,373,5
115,373,5
116,373,5
117,373,5
118,373,5
119,373,5
120,373,5
121,373,5
122,373,5
123,373,5
124,373,5
125,373,5
126,373,5
127,373,5
128,373,5
129,373,5
130,373,5
131,373,5
132,373,5
133,373,5
134,373,5
135,373,5
136,373,5
137,373,5
138,373,5
139,373,5
140,373,5
141,373,5
142,373,5
143,373,5
144,373,5
145,373,5
146,373,5
147,373,5
148,373,5
149,373,5
150,373,5
151,373,5
152,373,5
153,373,5
154,373,5
155,373,5
156,373,5
157,373,5
158,373,5
159,373,5
160,373,5
161,373,5
162,373,5
163,373,5
164,373,5
165,373,5
166,373,5
167,373,5
168,373,5
169,373,5
170,373,5
171,373,5
172,373,5
173,373,5
174,373,5
175,373,5
176,373,5
177,373,5
178,373,5
179,373,5
180,373,5
181,373,5
182,373,5
183,373,5
184,373,5
185,373,5
186,373,5
187,373,5
188,373,5
189,373,5
190,373,5
191,373,5
192,373,5
193,373,5
194,373,5
195,373,5
196,373,5
197,373,5
198,373,5
199,373,5
200,373,5
201,373,5
202,373,5
203,373,5
204,373,5
205,373,5
206,373,5
207,373,5
208,373,5
209,373,5
210,373,5
211,373,5
212,373,5
213,373,5
214,373,5
215,373,5
216,373,5
217,373,5
218,373,5
219,373,5
220,373,5
221,373,5
222,373,5
223,373,5
224,373,5
225,373,5
226,373,5
227,373,5
228,373,5
229,373,5
230,373,5
231,373,5
232,373,5
233,373,5
234,373,5
235,373,5
236,373,5
237,373,5
238,373,5
239,373,5
240,373,5
241,373,5
242,373,5
243,373,5
244,373,5
245,373,5
246,373,5
247,373,5
248,373,5
249,373,5
250,373,5
